time,evspsbl
1986-01-01 12:00:00,2.2553566e-05
1986-01-02 12:00:00,2.7447515e-05
1986-01-03 12:00:00,2.1549027e-05
1986-01-04 12:00:00,2.0037625e-05
1986-01-05 12:00:00,2.2358592e-05
1986-01-06 12:00:00,2.2999322e-05
1986-01-07 12:00:00,3.721599e-05
1986-01-08 12:00:00,1.9234594e-05
1986-01-09 12:00:00,1.5900965e-05
1986-01-10 12:00:00,4.828146e-05
1986-01-11 12:00:00,4.926569e-05
1986-01-12 12:00:00,4.425465e-05
1986-01-13 12:00:00,3.6185666e-05
1986-01-14 12:00:00,3.476151e-05
1986-01-15 12:00:00,4.7242836e-05
1986-01-16 12:00:00,0.000119546705
1986-01-17 12:00:00,4.3970314e-05
1986-01-18 12:00:00,1.7185073e-05
1986-01-19 12:00:00,3.6951256e-05
1986-01-20 12:00:00,2.7590215e-05
1986-01-21 12:00:00,2.2913491e-05
1986-01-22 12:00:00,2.1955751e-05
1986-01-23 12:00:00,3.2454845e-05
1986-01-24 12:00:00,5.271076e-05
1986-01-25 12:00:00,4.134576e-05
1986-01-26 12:00:00,6.366038e-05
1986-01-27 12:00:00,7.603133e-05
1986-01-28 12:00:00,0.00015935299
1986-01-29 12:00:00,0.00025404812
1986-01-30 12:00:00,0.00015083913
1986-01-31 12:00:00,0.00013725313
1986-02-01 12:00:00,8.562125e-05
1986-02-02 12:00:00,6.106956e-05
1986-02-03 12:00:00,8.611187e-05
1986-02-04 12:00:00,9.280173e-05
1986-02-05 12:00:00,9.6390024e-05
1986-02-06 12:00:00,0.00011684409
1986-02-07 12:00:00,4.048145e-05
1986-02-08 12:00:00,3.361321e-05
1986-02-09 12:00:00,5.447471e-05
1986-02-10 12:00:00,1.34378315e-05
1986-02-11 12:00:00,4.7659454e-05
1986-02-12 12:00:00,3.1498344e-05
1986-02-13 12:00:00,6.882718e-05
1986-02-14 12:00:00,4.413968e-05
1986-02-15 12:00:00,7.254229e-05
1986-02-16 12:00:00,6.873517e-05
1986-02-17 12:00:00,7.831591e-05
1986-02-18 12:00:00,0.00011479828
1986-02-19 12:00:00,9.997444e-05
1986-02-20 12:00:00,9.2810384e-05
1986-02-21 12:00:00,0.000103225946
1986-02-22 12:00:00,7.7034456e-05
1986-02-23 12:00:00,3.5623703e-05
1986-02-24 12:00:00,3.4369088e-05
1986-02-25 12:00:00,6.0495586e-05
1986-02-26 12:00:00,9.7314565e-05
1986-02-27 12:00:00,8.262653e-05
1986-02-28 12:00:00,5.3609336e-05
1986-03-01 12:00:00,8.372535e-05
1986-03-02 12:00:00,9.837706e-05
1986-03-03 12:00:00,5.2033472e-05
1986-03-04 12:00:00,2.5966137e-05
1986-03-05 12:00:00,2.6993459e-05
1986-03-06 12:00:00,4.4302687e-05
1986-03-07 12:00:00,3.176767e-05
1986-03-08 12:00:00,2.4476107e-05
1986-03-09 12:00:00,2.4449439e-05
1986-03-10 12:00:00,2.437809e-05
1986-03-11 12:00:00,2.7581384e-05
1986-03-12 12:00:00,2.365983e-05
1986-03-13 12:00:00,1.8553776e-05
1986-03-14 12:00:00,1.1255678e-05
1986-03-15 12:00:00,3.7537942e-05
1986-03-16 12:00:00,2.385922e-05
1986-03-17 12:00:00,4.762943e-05
1986-03-18 12:00:00,6.675894e-05
1986-03-19 12:00:00,3.4468518e-05
1986-03-20 12:00:00,3.4585784e-05
1986-03-21 12:00:00,5.104748e-05
1986-03-22 12:00:00,1.716653e-05
1986-03-23 12:00:00,1.606627e-05
1986-03-24 12:00:00,9.602993e-06
1986-03-25 12:00:00,3.836552e-05
1986-03-26 12:00:00,2.3755552e-05
1986-03-27 12:00:00,8.589446e-06
1986-03-28 12:00:00,2.671142e-05
1986-03-29 12:00:00,6.254987e-05
1986-03-30 12:00:00,5.9006437e-05
1986-03-31 12:00:00,2.189076e-05
1986-04-01 12:00:00,1.8025225e-05
1986-04-02 12:00:00,1.5058518e-05
1986-04-03 12:00:00,2.2336162e-05
1986-04-04 12:00:00,1.4937223e-05
1986-04-05 12:00:00,1.670329e-05
1986-04-06 12:00:00,1.0452118e-05
1986-04-07 12:00:00,1.1021498e-05
1986-04-08 12:00:00,1.1875568e-05
1986-04-09 12:00:00,1.8996883e-05
1986-04-10 12:00:00,2.8131513e-05
1986-04-11 12:00:00,1.8947962e-05
1986-04-12 12:00:00,2.1518474e-05
1986-04-13 12:00:00,5.4659613e-05
1986-04-14 12:00:00,7.502432e-05
1986-04-15 12:00:00,2.9342682e-05
1986-04-16 12:00:00,3.151777e-05
1986-04-17 12:00:00,0.00010995254
1986-04-18 12:00:00,0.00010234167
1986-04-19 12:00:00,4.8005426e-05
1986-04-20 12:00:00,2.1499223e-05
1986-04-21 12:00:00,1.7295453e-05
1986-04-22 12:00:00,1.125038e-05
1986-04-23 12:00:00,2.1229545e-05
1986-04-24 12:00:00,4.2107113e-05
1986-04-25 12:00:00,5.250413e-05
1986-04-26 12:00:00,1.3273057e-05
1986-04-27 12:00:00,1.06283715e-05
1986-04-28 12:00:00,9.377995e-06
1986-04-29 12:00:00,9.395656e-06
1986-04-30 12:00:00,2.2872871e-05
1986-05-01 12:00:00,5.898432e-05
1986-05-02 12:00:00,7.6505836e-05
1986-05-03 12:00:00,1.4686154e-05
1986-05-04 12:00:00,1.1262047e-05
1986-05-05 12:00:00,1.6529862e-05
1986-05-06 12:00:00,1.53194e-05
1986-05-07 12:00:00,1.672307e-05
1986-05-08 12:00:00,1.8606757e-05
1986-05-09 12:00:00,6.0625567e-05
1986-05-10 12:00:00,9.1945716e-05
1986-05-11 12:00:00,0.000111594454
1986-05-12 12:00:00,0.000119167
1986-05-13 12:00:00,5.00032e-05
1986-05-14 12:00:00,2.6062036e-05
1986-05-15 12:00:00,7.1513373e-06
1986-05-16 12:00:00,6.688098e-06
1986-05-17 12:00:00,7.670032e-06
1986-05-18 12:00:00,4.3579485e-06
1986-05-19 12:00:00,3.7348798e-06
1986-05-20 12:00:00,8.576554e-06
1986-05-21 12:00:00,4.503808e-05
1986-05-22 12:00:00,3.9047754e-05
1986-05-23 12:00:00,1.159547e-05
1986-05-24 12:00:00,1.6940121e-05
1986-05-25 12:00:00,1.4097634e-05
1986-05-26 12:00:00,6.148211e-06
1986-05-27 12:00:00,1.6627879e-05
1986-05-28 12:00:00,1.8666451e-05
1986-05-29 12:00:00,1.5040185e-05
1986-05-30 12:00:00,7.357508e-05
1986-05-31 12:00:00,3.9211292e-05
1986-06-01 12:00:00,1.523985e-05
1986-06-02 12:00:00,2.6733042e-05
1986-06-03 12:00:00,4.362346e-05
1986-06-04 12:00:00,2.904881e-05
1986-06-05 12:00:00,8.961486e-05
1986-06-06 12:00:00,8.736719e-05
1986-06-07 12:00:00,3.0902298e-05
1986-06-08 12:00:00,1.3956879e-05
1986-06-09 12:00:00,2.9054285e-05
1986-06-10 12:00:00,9.091892e-06
1986-06-11 12:00:00,7.902976e-06
1986-06-12 12:00:00,1.09035245e-05
1986-06-13 12:00:00,2.9724683e-06
1986-06-14 12:00:00,1.3585652e-05
1986-06-15 12:00:00,1.5518082e-05
1986-06-16 12:00:00,2.4478933e-05
1986-06-17 12:00:00,3.0684718e-05
1986-06-18 12:00:00,1.2218009e-05
1986-06-19 12:00:00,1.3476509e-05
1986-06-20 12:00:00,6.9985726e-06
1986-06-21 12:00:00,6.3182833e-06
1986-06-22 12:00:00,5.702279e-06
1986-06-23 12:00:00,1.3776386e-05
1986-06-24 12:00:00,3.6967326e-06
1986-06-25 12:00:00,7.175356e-06
1986-06-26 12:00:00,4.5776474e-06
1986-06-27 12:00:00,8.223376e-05
1986-06-28 12:00:00,7.03347e-05
1986-06-29 12:00:00,1.5029941e-05
1986-06-30 12:00:00,1.1280227e-05
1986-07-01 12:00:00,5.7215293e-06
1986-07-02 12:00:00,5.9135004e-06
1986-07-03 12:00:00,1.22584515e-05
1986-07-04 12:00:00,0.00012247908
1986-07-05 12:00:00,0.00013212817
1986-07-06 12:00:00,8.102524e-05
1986-07-07 12:00:00,4.3991506e-05
1986-07-08 12:00:00,1.3431297e-05
1986-07-09 12:00:00,8.388644e-06
1986-07-10 12:00:00,1.6049846e-05
1986-07-11 12:00:00,1.4784281e-05
1986-07-12 12:00:00,4.4659435e-05
1986-07-13 12:00:00,4.795103e-05
1986-07-14 12:00:00,1.7415015e-05
1986-07-15 12:00:00,1.4655535e-05
1986-07-16 12:00:00,2.6384696e-05
1986-07-17 12:00:00,1.3809412e-05
1986-07-18 12:00:00,1.6938708e-05
1986-07-19 12:00:00,2.0789264e-05
1986-07-20 12:00:00,7.364502e-06
1986-07-21 12:00:00,7.5478197e-06
1986-07-22 12:00:00,9.946669e-06
1986-07-23 12:00:00,3.161155e-05
1986-07-24 12:00:00,6.258608e-05
1986-07-25 12:00:00,5.701661e-05
1986-07-26 12:00:00,2.318317e-05
1986-07-27 12:00:00,0.00011118967
1986-07-28 12:00:00,7.286089e-05
1986-07-29 12:00:00,2.3987435e-05
1986-07-30 12:00:00,3.1732703e-05
1986-07-31 12:00:00,6.8975537e-06
1986-08-01 12:00:00,4.6286157e-05
1986-08-02 12:00:00,4.9432936e-05
1986-08-03 12:00:00,0.00014121212
1986-08-04 12:00:00,4.7413618e-05
1986-08-05 12:00:00,2.256116e-05
1986-08-06 12:00:00,4.2732652e-05
1986-08-07 12:00:00,6.128343e-05
1986-08-08 12:00:00,0.00015465666
1986-08-09 12:00:00,0.00013918873
1986-08-10 12:00:00,0.00010487827
1986-08-11 12:00:00,6.617278e-05
1986-08-12 12:00:00,8.7238615e-05
1986-08-13 12:00:00,4.146497e-05
1986-08-14 12:00:00,3.1293657e-05
1986-08-15 12:00:00,1.9364224e-05
1986-08-16 12:00:00,1.2197876e-05
1986-08-17 12:00:00,5.1687322e-05
1986-08-18 12:00:00,2.8800854e-05
1986-08-19 12:00:00,2.993714e-05
1986-08-20 12:00:00,4.542043e-05
1986-08-21 12:00:00,4.3804128e-05
1986-08-22 12:00:00,4.5307403e-05
1986-08-23 12:00:00,3.4891844e-05
1986-08-24 12:00:00,4.9896353e-05
1986-08-25 12:00:00,5.243384e-05
1986-08-26 12:00:00,3.550502e-05
1986-08-27 12:00:00,9.108105e-05
1986-08-28 12:00:00,5.961114e-05
1986-08-29 12:00:00,4.2719053e-05
1986-08-30 12:00:00,2.908784e-05
1986-08-31 12:00:00,8.1790124e-05
1986-09-01 12:00:00,8.529241e-05
1986-09-02 12:00:00,7.682871e-05
1986-09-03 12:00:00,3.8795384e-05
1986-09-04 12:00:00,3.197536e-05
1986-09-05 12:00:00,1.9875677e-05
1986-09-06 12:00:00,9.068139e-05
1986-09-07 12:00:00,4.899248e-05
1986-09-08 12:00:00,4.752382e-05
1986-09-09 12:00:00,3.6504793e-05
1986-09-10 12:00:00,4.1773856e-05
1986-09-11 12:00:00,1.4544979e-05
1986-09-12 12:00:00,6.705034e-05
1986-09-13 12:00:00,6.904512e-05
1986-09-14 12:00:00,4.6848298e-05
1986-09-15 12:00:00,3.7811507e-05
1986-09-16 12:00:00,1.1214882e-05
1986-09-17 12:00:00,4.948168e-06
1986-09-18 12:00:00,3.5054675e-06
1986-09-19 12:00:00,2.0484795e-05
1986-09-20 12:00:00,9.462236e-06
1986-09-21 12:00:00,5.5677046e-06
1986-09-22 12:00:00,1.3564635e-05
1986-09-23 12:00:00,4.0266696e-05
1986-09-24 12:00:00,3.2871463e-05
1986-09-25 12:00:00,2.212812e-05
1986-09-26 12:00:00,5.4462696e-05
1986-09-27 12:00:00,4.5129385e-05
1986-09-28 12:00:00,6.3287385e-05
1986-09-29 12:00:00,4.9986775e-05
1986-09-30 12:00:00,5.238015e-05
1986-10-01 12:00:00,2.4138093e-05
1986-10-02 12:00:00,7.58865e-05
1986-10-03 12:00:00,0.00010025224
1986-10-04 12:00:00,0.00022553337
1986-10-05 12:00:00,0.0001367874
1986-10-06 12:00:00,5.39765e-05
1986-10-07 12:00:00,7.3168885e-05
1986-10-08 12:00:00,5.000179e-05
1986-10-09 12:00:00,1.8253191e-05
1986-10-10 12:00:00,7.4028253e-06
1986-10-11 12:00:00,1.8908755e-05
1986-10-12 12:00:00,2.1887228e-05
1986-10-13 12:00:00,1.661075e-05
1986-10-14 12:00:00,1.27543635e-05
1986-10-15 12:00:00,7.815379e-05
1986-10-16 12:00:00,3.5709003e-05
1986-10-17 12:00:00,1.0688417e-05
1986-10-18 12:00:00,3.1556978e-05
1986-10-19 12:00:00,3.7608585e-05
1986-10-20 12:00:00,9.503227e-05
1986-10-21 12:00:00,9.307741e-05
1986-10-22 12:00:00,2.3868934e-05
1986-10-23 12:00:00,2.6284737e-05
1986-10-24 12:00:00,3.3812423e-05
1986-10-25 12:00:00,2.0537247e-05
1986-10-26 12:00:00,2.0347925e-05
1986-10-27 12:00:00,2.6957256e-05
1986-10-28 12:00:00,2.7821921e-05
1986-10-29 12:00:00,6.135178e-05
1986-10-30 12:00:00,3.123255e-05
1986-10-31 12:00:00,3.7110025e-05
1986-11-01 12:00:00,5.7220856e-05
1986-11-02 12:00:00,6.600633e-05
1986-11-03 12:00:00,3.8743285e-05
1986-11-04 12:00:00,4.1241918e-05
1986-11-05 12:00:00,5.346893e-05
1986-11-06 12:00:00,6.929484e-05
1986-11-07 12:00:00,6.800473e-05
1986-11-08 12:00:00,0.0001883624
1986-11-09 12:00:00,0.00012964295
1986-11-10 12:00:00,3.5623703e-05
1986-11-11 12:00:00,1.9047391e-05
1986-11-12 12:00:00,1.606256e-05
1986-11-13 12:00:00,1.9903759e-05
1986-11-14 12:00:00,5.914013e-05
1986-11-15 12:00:00,8.392724e-05
1986-11-16 12:00:00,7.246493e-05
1986-11-17 12:00:00,3.5463345e-05
1986-11-18 12:00:00,3.3117474e-05
1986-11-19 12:00:00,1.31743345e-05
1986-11-20 12:00:00,1.4711696e-05
1986-11-21 12:00:00,1.9584806e-05
1986-11-22 12:00:00,2.8847831e-05
1986-11-23 12:00:00,4.949387e-05
1986-11-24 12:00:00,8.1407416e-05
1986-11-25 12:00:00,5.5025015e-05
1986-11-26 12:00:00,3.192485e-05
1986-11-27 12:00:00,7.582505e-05
1986-11-28 12:00:00,8.1617756e-05
1986-11-29 12:00:00,7.185776e-05
1986-11-30 12:00:00,0.00010535935
1986-12-01 12:00:00,4.621927e-05
1986-12-02 12:00:00,5.351763e-05
1986-12-03 12:00:00,2.4583836e-05
1986-12-04 12:00:00,2.931584e-05
1986-12-05 12:00:00,3.841621e-05
1986-12-06 12:00:00,1.264575e-05
1986-12-07 12:00:00,1.20011355e-05
1986-12-08 12:00:00,2.4716292e-05
1986-12-09 12:00:00,0.0001268342
1986-12-10 12:00:00,8.021479e-05
1986-12-11 12:00:00,8.192858e-05
1986-12-12 12:00:00,4.2944404e-05
1986-12-13 12:00:00,3.6715308e-05
1986-12-14 12:00:00,3.9461014e-05
1986-12-15 12:00:00,6.496197e-05
1986-12-16 12:00:00,4.2702806e-05
1986-12-17 12:00:00,2.6739322e-05
1986-12-18 12:00:00,4.8235368e-05
1986-12-19 12:00:00,3.912705e-05
1986-12-20 12:00:00,3.209351e-05
1986-12-21 12:00:00,7.0420705e-05
1986-12-22 12:00:00,6.0624156e-05
1986-12-23 12:00:00,3.6555655e-05
1986-12-24 12:00:00,4.4775465e-05
1986-12-25 12:00:00,4.7945203e-05
1986-12-26 12:00:00,4.739525e-05
1986-12-27 12:00:00,5.9858387e-05
1986-12-28 12:00:00,2.6746035e-05
1986-12-29 12:00:00,5.4649194e-05
1986-12-30 12:00:00,4.161703e-05
1986-12-31 12:00:00,5.564667e-05
1987-01-01 12:00:00,3.1486215e-05
1987-01-02 12:00:00,5.859383e-05
1987-01-03 12:00:00,2.4660309e-05
1987-01-04 12:00:00,3.327024e-05
1987-01-05 12:00:00,9.0367736e-05
1987-01-06 12:00:00,3.510695e-05
1987-01-07 12:00:00,2.3648705e-05
1987-01-08 12:00:00,2.6646074e-05
1987-01-09 12:00:00,2.2881877e-05
1987-01-10 12:00:00,1.3758726e-05
1987-01-11 12:00:00,6.146057e-05
1987-01-12 12:00:00,5.7425805e-05
1987-01-13 12:00:00,5.419302e-05
1987-01-14 12:00:00,4.4209086e-05
1987-01-15 12:00:00,2.0138645e-05
1987-01-16 12:00:00,1.6464519e-05
1987-01-17 12:00:00,3.3611268e-05
1987-01-18 12:00:00,6.0413462e-05
1987-01-19 12:00:00,0.00015762047
1987-01-20 12:00:00,0.00011055565
1987-01-21 12:00:00,4.6320773e-05
1987-01-22 12:00:00,3.8678998e-05
1987-01-23 12:00:00,6.2895495e-05
1987-01-24 12:00:00,8.528817e-05
1987-01-25 12:00:00,7.1335e-05
1987-01-26 12:00:00,3.480354e-05
1987-01-27 12:00:00,4.0415925e-05
1987-01-28 12:00:00,5.420962e-05
1987-01-29 12:00:00,7.52373e-05
1987-01-30 12:00:00,4.043871e-05
1987-01-31 12:00:00,4.1388146e-05
1987-02-01 12:00:00,5.2147385e-05
1987-02-02 12:00:00,2.5969493e-05
1987-02-03 12:00:00,2.6026892e-05
1987-02-04 12:00:00,2.595201e-05
1987-02-05 12:00:00,1.6778702e-05
1987-02-06 12:00:00,2.5205845e-05
1987-02-07 12:00:00,1.4710813e-05
1987-02-08 12:00:00,5.7634377e-05
1987-02-09 12:00:00,7.105261e-05
1987-02-10 12:00:00,6.704293e-05
1987-02-11 12:00:00,6.8864094e-05
1987-02-12 12:00:00,4.735304e-05
1987-02-13 12:00:00,0.0001437685
1987-02-14 12:00:00,0.0001301288
1987-02-15 12:00:00,9.947976e-05
1987-02-16 12:00:00,0.00012004491
1987-02-17 12:00:00,0.00014038065
1987-02-18 12:00:00,0.00010192064
1987-02-19 12:00:00,6.490652e-05
1987-02-20 12:00:00,0.00018323587
1987-02-21 12:00:00,9.651206e-05
1987-02-22 12:00:00,0.00013143782
1987-02-23 12:00:00,0.00014211051
1987-02-24 12:00:00,9.299123e-05
1987-02-25 12:00:00,2.8737451e-05
1987-02-26 12:00:00,1.7872604e-05
1987-02-27 12:00:00,2.6931824e-05
1987-02-28 12:00:00,1.3622739e-05
1987-03-01 12:00:00,2.1090345e-05
1987-03-02 12:00:00,1.6136062e-05
1987-03-03 12:00:00,3.2316388e-05
1987-03-04 12:00:00,5.8607482e-05
1987-03-05 12:00:00,5.8613132e-05
1987-03-06 12:00:00,3.029318e-05
1987-03-07 12:00:00,2.9767069e-05
1987-03-08 12:00:00,2.4961952e-05
1987-03-09 12:00:00,3.079033e-05
1987-03-10 12:00:00,5.670949e-05
1987-03-11 12:00:00,7.389915e-05
1987-03-12 12:00:00,5.46688e-05
1987-03-13 12:00:00,3.364094e-05
1987-03-14 12:00:00,2.7225698e-05
1987-03-15 12:00:00,1.761723e-05
1987-03-16 12:00:00,7.645571e-05
1987-03-17 12:00:00,7.899956e-05
1987-03-18 12:00:00,6.429316e-05
1987-03-19 12:00:00,5.0657705e-05
1987-03-20 12:00:00,6.895858e-05
1987-03-21 12:00:00,8.518168e-05
1987-03-22 12:00:00,6.79219e-05
1987-03-23 12:00:00,3.3788227e-05
1987-03-24 12:00:00,2.6433087e-05
1987-03-25 12:00:00,2.6762988e-05
1987-03-26 12:00:00,4.1103456e-05
1987-03-27 12:00:00,2.2385437e-05
1987-03-28 12:00:00,2.885366e-05
1987-03-29 12:00:00,3.5275785e-05
1987-03-30 12:00:00,4.6338788e-05
1987-03-31 12:00:00,2.2619794e-05
1987-04-01 12:00:00,1.3926536e-05
1987-04-02 12:00:00,2.5368116e-05
1987-04-03 12:00:00,3.8328435e-05
1987-04-04 12:00:00,2.113506e-05
1987-04-05 12:00:00,1.5036299e-05
1987-04-06 12:00:00,3.0817348e-05
1987-04-07 12:00:00,1.8940545e-05
1987-04-08 12:00:00,2.6153695e-05
1987-04-09 12:00:00,5.610055e-05
1987-04-10 12:00:00,5.7033914e-05
1987-04-11 12:00:00,1.2094384e-05
1987-04-12 12:00:00,1.1159781e-05
1987-04-13 12:00:00,2.1663114e-05
1987-04-14 12:00:00,8.938598e-06
1987-04-15 12:00:00,8.8972716e-05
1987-04-16 12:00:00,7.808473e-05
1987-04-17 12:00:00,5.4720193e-05
1987-04-18 12:00:00,9.7731e-05
1987-04-19 12:00:00,2.5711295e-05
1987-04-20 12:00:00,1.4135252e-05
1987-04-21 12:00:00,1.2207942e-05
1987-04-22 12:00:00,1.6130378e-05
1987-04-23 12:00:00,2.0141117e-05
1987-04-24 12:00:00,3.5250177e-05
1987-04-25 12:00:00,1.0940612e-05
1987-04-26 12:00:00,1.7723547e-05
1987-04-27 12:00:00,4.0007257e-05
1987-04-28 12:00:00,7.849817e-06
1987-04-29 12:00:00,4.5474476e-06
1987-04-30 12:00:00,2.8202332e-06
1987-05-01 12:00:00,2.7555301e-05
1987-05-02 12:00:00,2.7395185e-05
1987-05-03 12:00:00,2.5764277e-05
1987-05-04 12:00:00,3.596879e-05
1987-05-05 12:00:00,3.3113236e-05
1987-05-06 12:00:00,6.578425e-06
1987-05-07 12:00:00,3.7772654e-06
1987-05-08 12:00:00,5.943877e-06
1987-05-09 12:00:00,1.0279926e-05
1987-05-10 12:00:00,7.2050257e-06
1987-05-11 12:00:00,4.671955e-06
1987-05-12 12:00:00,3.2961884e-06
1987-05-13 12:00:00,5.1915675e-05
1987-05-14 12:00:00,2.8019722e-05
1987-05-15 12:00:00,1.3015741e-05
1987-05-16 12:00:00,8.974891e-05
1987-05-17 12:00:00,0.00011666236
1987-05-18 12:00:00,2.713404e-05
1987-05-19 12:00:00,7.589322e-06
1987-05-20 12:00:00,1.1447473e-05
1987-05-21 12:00:00,3.3488172e-06
1987-05-22 12:00:00,1.4399632e-05
1987-05-23 12:00:00,2.0321257e-05
1987-05-24 12:00:00,2.0264742e-05
1987-05-25 12:00:00,0.00010195526
1987-05-26 12:00:00,7.66e-05
1987-05-27 12:00:00,2.9495272e-05
1987-05-28 12:00:00,8.623531e-06
1987-05-29 12:00:00,1.4467096e-05
1987-05-30 12:00:00,0.0001127212
1987-05-31 12:00:00,0.00010528871
1987-06-01 12:00:00,0.0001267057
1987-06-02 12:00:00,9.0390284e-05
1987-06-03 12:00:00,9.182015e-05
1987-06-04 12:00:00,3.9902883e-05
1987-06-05 12:00:00,1.5739017e-05
1987-06-06 12:00:00,7.205856e-05
1987-06-07 12:00:00,0.00011724675
1987-06-08 12:00:00,2.4364845e-05
1987-06-09 12:00:00,7.4934775e-05
1987-06-10 12:00:00,4.3510252e-05
1987-06-11 12:00:00,1.9273979e-05
1987-06-12 12:00:00,6.626462e-06
1987-06-13 12:00:00,4.3646596e-06
1987-06-14 12:00:00,1.2722221e-05
1987-06-15 12:00:00,5.5930832e-05
1987-06-16 12:00:00,4.4188953e-05
1987-06-17 12:00:00,3.7933896e-05
1987-06-18 12:00:00,5.4381107e-05
1987-06-19 12:00:00,1.2969471e-05
1987-06-20 12:00:00,5.357013e-06
1987-06-21 12:00:00,4.894409e-05
1987-06-22 12:00:00,5.8679183e-05
1987-06-23 12:00:00,2.4767509e-05
1987-06-24 12:00:00,1.4204482e-05
1987-06-25 12:00:00,6.3439446e-05
1987-06-26 12:00:00,0.00011114552
1987-06-27 12:00:00,1.9939962e-05
1987-06-28 12:00:00,2.4446614e-05
1987-06-29 12:00:00,6.92793e-06
1987-06-30 12:00:00,5.799236e-06
1987-07-01 12:00:00,5.093869e-06
1987-07-02 12:00:00,7.1834797e-06
1987-07-03 12:00:00,6.210871e-05
1987-07-04 12:00:00,7.8488636e-05
1987-07-05 12:00:00,1.77073e-05
1987-07-06 12:00:00,2.0161251e-05
1987-07-07 12:00:00,8.502785e-05
1987-07-08 12:00:00,8.3923354e-05
1987-07-09 12:00:00,3.8413913e-05
1987-07-10 12:00:00,1.0896107e-05
1987-07-11 12:00:00,5.860695e-06
1987-07-12 12:00:00,1.2642042e-05
1987-07-13 12:00:00,2.2506412e-05
1987-07-14 12:00:00,1.642019e-05
1987-07-15 12:00:00,2.764655e-05
1987-07-16 12:00:00,2.7115319e-05
1987-07-17 12:00:00,1.154655e-05
1987-07-18 12:00:00,7.0851097e-06
1987-07-19 12:00:00,6.772516e-06
1987-07-20 12:00:00,6.119071e-06
1987-07-21 12:00:00,6.4432854e-05
1987-07-22 12:00:00,5.5078526e-05
1987-07-23 12:00:00,1.7188782e-05
1987-07-24 12:00:00,3.5533278e-05
1987-07-25 12:00:00,3.2035052e-05
1987-07-26 12:00:00,5.6938017e-05
1987-07-27 12:00:00,9.714502e-05
1987-07-28 12:00:00,6.9142254e-05
1987-07-29 12:00:00,2.5411593e-05
1987-07-30 12:00:00,1.993537e-05
1987-07-31 12:00:00,2.0376181e-05
1987-08-01 12:00:00,2.1965818e-05
1987-08-02 12:00:00,7.5324547e-06
1987-08-03 12:00:00,0.00012391084
1987-08-04 12:00:00,0.00011645732
1987-08-05 12:00:00,3.4085457e-05
1987-08-06 12:00:00,2.3140254e-05
1987-08-07 12:00:00,1.7055092e-05
1987-08-08 12:00:00,1.382513e-05
1987-08-09 12:00:00,2.1099562e-05
1987-08-10 12:00:00,1.2395322e-05
1987-08-11 12:00:00,1.5130784e-05
1987-08-12 12:00:00,2.903733e-05
1987-08-13 12:00:00,2.5116837e-05
1987-08-14 12:00:00,1.5992979e-05
1987-08-15 12:00:00,1.817107e-05
1987-08-16 12:00:00,9.140459e-06
1987-08-17 12:00:00,1.5862113e-05
1987-08-18 12:00:00,1.695107e-05
1987-08-19 12:00:00,1.8144932e-05
1987-08-20 12:00:00,3.2294487e-05
1987-08-21 12:00:00,2.7957556e-05
1987-08-22 12:00:00,2.4863406e-05
1987-08-23 12:00:00,2.2532196e-05
1987-08-24 12:00:00,2.6522097e-05
1987-08-25 12:00:00,2.405808e-05
1987-08-26 12:00:00,5.597728e-06
1987-08-27 12:00:00,7.2338125e-06
1987-08-28 12:00:00,1.0483377e-05
1987-08-29 12:00:00,2.4295437e-05
1987-08-30 12:00:00,5.9492457e-05
1987-08-31 12:00:00,4.9625087e-05
1987-09-01 12:00:00,5.4085533e-05
1987-09-02 12:00:00,4.883435e-05
1987-09-03 12:00:00,4.6941193e-05
1987-09-04 12:00:00,3.1421343e-05
1987-09-05 12:00:00,2.5001866e-05
1987-09-06 12:00:00,2.2894064e-05
1987-09-07 12:00:00,3.880863e-05
1987-09-08 12:00:00,3.5859826e-05
1987-09-09 12:00:00,4.2680378e-05
1987-09-10 12:00:00,4.5973564e-05
1987-09-11 12:00:00,9.5468495e-05
1987-09-12 12:00:00,9.556386e-05
1987-09-13 12:00:00,0.00017337027
1987-09-14 12:00:00,0.00014926662
1987-09-15 12:00:00,0.00019201975
1987-09-16 12:00:00,7.7867684e-05
1987-09-17 12:00:00,3.621675e-05
1987-09-18 12:00:00,1.8646318e-05
1987-09-19 12:00:00,1.9485906e-05
1987-09-20 12:00:00,3.488955e-05
1987-09-21 12:00:00,2.3037997e-05
1987-09-22 12:00:00,3.4869237e-05
1987-09-23 12:00:00,0.00013912375
1987-09-24 12:00:00,0.00012210732
1987-09-25 12:00:00,3.354398e-05
1987-09-26 12:00:00,3.8189446e-05
1987-09-27 12:00:00,2.3665305e-05
1987-09-28 12:00:00,3.7333255e-05
1987-09-29 12:00:00,2.9757532e-05
1987-09-30 12:00:00,2.3357303e-05
1987-10-01 12:00:00,3.2459793e-05
1987-10-02 12:00:00,4.5690816e-05
1987-10-03 12:00:00,5.561276e-05
1987-10-04 12:00:00,6.155752e-05
1987-10-05 12:00:00,3.787261e-05
1987-10-06 12:00:00,4.317735e-05
1987-10-07 12:00:00,0.0001435435
1987-10-08 12:00:00,8.915992e-05
1987-10-09 12:00:00,8.045445e-05
1987-10-10 12:00:00,2.4841684e-05
1987-10-11 12:00:00,3.0005842e-05
1987-10-12 12:00:00,2.4018342e-05
1987-10-13 12:00:00,4.479189e-05
1987-10-14 12:00:00,2.2939805e-05
1987-10-15 12:00:00,2.1613312e-05
1987-10-16 12:00:00,1.8054332e-05
1987-10-17 12:00:00,2.806511e-05
1987-10-18 12:00:00,5.9230373e-05
1987-10-19 12:00:00,5.2996507e-05
1987-10-20 12:00:00,7.0628754e-05
1987-10-21 12:00:00,5.7873327e-05
1987-10-22 12:00:00,8.106109e-05
1987-10-23 12:00:00,5.1509833e-05
1987-10-24 12:00:00,2.7273734e-05
1987-10-25 12:00:00,5.6847595e-05
1987-10-26 12:00:00,4.2546686e-05
1987-10-27 12:00:00,3.9452538e-05
1987-10-28 12:00:00,1.9152649e-05
1987-10-29 12:00:00,3.8921302e-05
1987-10-30 12:00:00,5.156635e-05
1987-10-31 12:00:00,3.2337404e-05
1987-11-01 12:00:00,1.4607322e-05
1987-11-02 12:00:00,4.353745e-05
1987-11-03 12:00:00,3.6892445e-05
1987-11-04 12:00:00,2.5468813e-05
1987-11-05 12:00:00,2.3157738e-05
1987-11-06 12:00:00,6.5695065e-05
1987-11-07 12:00:00,0.00014348222
1987-11-08 12:00:00,0.00015492315
1987-11-09 12:00:00,0.00010749488
1987-11-10 12:00:00,4.6965743e-05
1987-11-11 12:00:00,2.5111538e-05
1987-11-12 12:00:00,0.000116119474
1987-11-13 12:00:00,0.00013247308
1987-11-14 12:00:00,0.00017476475
1987-11-15 12:00:00,9.017947e-05
1987-11-16 12:00:00,5.0345112e-05
1987-11-17 12:00:00,0.00012712102
1987-11-18 12:00:00,0.00012484385
1987-11-19 12:00:00,3.470888e-05
1987-11-20 12:00:00,3.7241774e-05
1987-11-21 12:00:00,3.092826e-05
1987-11-22 12:00:00,1.6512202e-05
1987-11-23 12:00:00,1.20521745e-05
1987-11-24 12:00:00,1.3560397e-05
1987-11-25 12:00:00,3.093903e-05
1987-11-26 12:00:00,4.7691417e-05
1987-11-27 12:00:00,3.0962874e-05
1987-11-28 12:00:00,2.98914e-05
1987-11-29 12:00:00,3.5382105e-05
1987-11-30 12:00:00,2.2941924e-05
1987-12-01 12:00:00,2.4316278e-05
1987-12-02 12:00:00,2.1448714e-05
1987-12-03 12:00:00,1.1471492e-05
1987-12-04 12:00:00,1.1642271e-05
1987-12-05 12:00:00,7.872422e-06
1987-12-06 12:00:00,1.2177742e-05
1987-12-07 12:00:00,2.1781441e-05
1987-12-08 12:00:00,1.6320053e-05
1987-12-09 12:00:00,7.4953673e-06
1987-12-10 12:00:00,5.806477e-06
1987-12-11 12:00:00,1.6894732e-05
1987-12-12 12:00:00,1.4173928e-05
1987-12-13 12:00:00,2.2342874e-05
1987-12-14 12:00:00,3.933933e-05
1987-12-15 12:00:00,9.006662e-05
1987-12-16 12:00:00,0.00012403676
1987-12-17 12:00:00,6.82465e-05
1987-12-18 12:00:00,2.4313982e-05
1987-12-19 12:00:00,6.2620515e-05
1987-12-20 12:00:00,0.00010845633
1987-12-21 12:00:00,0.00010846198
1987-12-22 12:00:00,0.00011558276
1987-12-23 12:00:00,0.00015463687
1987-12-24 12:00:00,0.00017502153
1987-12-25 12:00:00,0.0001591128
1987-12-26 12:00:00,8.960038e-05
1987-12-27 12:00:00,2.925173e-05
1987-12-28 12:00:00,3.0472436e-05
1987-12-29 12:00:00,2.0822643e-05
1987-12-30 12:00:00,1.5993508e-05
1987-12-31 12:00:00,1.4447845e-05
1988-01-01 12:00:00,1.492592e-05
1988-01-02 12:00:00,2.225404e-05
1988-01-03 12:00:00,3.874452e-05
1988-01-04 12:00:00,3.2979722e-05
1988-01-05 12:00:00,2.7465176e-05
1988-01-06 12:00:00,2.3775685e-05
1988-01-07 12:00:00,1.8021836e-05
1988-01-08 12:00:00,1.6692695e-05
1988-01-09 12:00:00,1.578158e-05
1988-01-10 12:00:00,7.039704e-05
1988-01-11 12:00:00,0.00016440164
1988-01-12 12:00:00,8.598948e-05
1988-01-13 12:00:00,2.5796242e-05
1988-01-14 12:00:00,8.106074e-05
1988-01-15 12:00:00,5.7545192e-05
1988-01-16 12:00:00,6.992462e-05
1988-01-17 12:00:00,3.1482803e-05
1988-01-18 12:00:00,2.562935e-05
1988-01-19 12:00:00,2.2555156e-05
1988-01-20 12:00:00,2.4960716e-05
1988-01-21 12:00:00,1.2050409e-05
1988-01-22 12:00:00,1.3113052e-05
1988-01-23 12:00:00,2.4465511e-05
1988-01-24 12:00:00,6.635558e-05
1988-01-25 12:00:00,3.248858e-05
1988-01-26 12:00:00,3.0982475e-05
1988-01-27 12:00:00,4.102787e-05
1988-01-28 12:00:00,3.900219e-05
1988-01-29 12:00:00,3.072763e-05
1988-01-30 12:00:00,4.120165e-05
1988-01-31 12:00:00,2.416263e-05
1988-02-01 12:00:00,8.5522925e-06
1988-02-02 12:00:00,3.236025e-05
1988-02-03 12:00:00,5.5459466e-05
1988-02-04 12:00:00,2.1484919e-05
1988-02-05 12:00:00,3.0316316e-05
1988-02-06 12:00:00,9.106303e-05
1988-02-07 12:00:00,3.63349e-05
1988-02-08 12:00:00,1.2406625e-05
1988-02-09 12:00:00,1.1647746e-05
1988-02-10 12:00:00,2.1917253e-05
1988-02-11 12:00:00,2.0999603e-05
1988-02-12 12:00:00,1.850203e-05
1988-02-13 12:00:00,8.302283e-06
1988-02-14 12:00:00,8.894093e-06
1988-02-15 12:00:00,1.4842032e-05
1988-02-16 12:00:00,1.5596848e-05
1988-02-17 12:00:00,1.2194697e-05
1988-02-18 12:00:00,1.0603646e-05
1988-02-19 12:00:00,1.8094246e-05
1988-02-20 12:00:00,1.5661488e-05
1988-02-21 12:00:00,2.1216476e-05
1988-02-22 12:00:00,2.095139e-05
1988-02-23 12:00:00,3.2872347e-05
1988-02-24 12:00:00,7.089348e-05
1988-02-25 12:00:00,6.110947e-05
1988-02-26 12:00:00,7.1610506e-05
1988-02-27 12:00:00,7.0063434e-05
1988-02-28 12:00:00,3.5654786e-05
1988-02-29 12:00:00,2.9302593e-05
1988-03-01 12:00:00,2.0838736e-05
1988-03-02 12:00:00,3.3725864e-05
1988-03-03 12:00:00,6.12308e-05
1988-03-04 12:00:00,5.2192947e-05
1988-03-05 12:00:00,4.658127e-05
1988-03-06 12:00:00,3.5149158e-05
1988-03-07 12:00:00,2.2890179e-05
1988-03-08 12:00:00,1.6137796e-05
1988-03-09 12:00:00,1.1937027e-05
1988-03-10 12:00:00,3.8998305e-06
1988-03-11 12:00:00,8.84376e-06
1988-03-12 12:00:00,7.909687e-06
1988-03-13 12:00:00,2.1292417e-05
1988-03-14 12:00:00,2.336631e-05
1988-03-15 12:00:00,0.00015810702
1988-03-16 12:00:00,0.00011675137
1988-03-17 12:00:00,9.96818e-05
1988-03-18 12:00:00,6.679886e-05
1988-03-19 12:00:00,5.9745358e-05
1988-03-20 12:00:00,3.590733e-05
1988-03-21 12:00:00,2.4650595e-05
1988-03-22 12:00:00,1.128888e-05
1988-03-23 12:00:00,1.35054715e-05
1988-03-24 12:00:00,1.4100813e-05
1988-03-25 12:00:00,2.3323924e-05
1988-03-26 12:00:00,4.0081788e-05
1988-03-27 12:00:00,1.546775e-05
1988-03-28 12:00:00,1.02046915e-05
1988-03-29 12:00:00,8.2588385e-06
1988-03-30 12:00:00,1.1317315e-05
1988-03-31 12:00:00,8.464409e-06
1988-04-01 12:00:00,7.825832e-06
1988-04-02 12:00:00,9.075965e-06
1988-04-03 12:00:00,7.974854e-06
1988-04-04 12:00:00,6.330116e-06
1988-04-05 12:00:00,5.37485e-06
1988-04-06 12:00:00,5.5698238e-06
1988-04-07 12:00:00,3.2361422e-06
1988-04-08 12:00:00,6.461865e-06
1988-04-09 12:00:00,4.5605517e-05
1988-04-10 12:00:00,0.00010867868
1988-04-11 12:00:00,0.00011942873
1988-04-12 12:00:00,0.00012796925
1988-04-13 12:00:00,2.6019121e-05
1988-04-14 12:00:00,2.858345e-05
1988-04-15 12:00:00,1.4367843e-05
1988-04-16 12:00:00,4.4232223e-05
1988-04-17 12:00:00,2.0703434e-05
1988-04-18 12:00:00,2.0501042e-05
1988-04-19 12:00:00,1.557283e-05
1988-04-20 12:00:00,6.0886946e-06
1988-04-21 12:00:00,1.4703925e-05
1988-04-22 12:00:00,8.694527e-06
1988-04-23 12:00:00,3.1242795e-05
1988-04-24 12:00:00,9.369872e-06
1988-04-25 12:00:00,1.0195861e-05
1988-04-26 12:00:00,2.5642772e-05
1988-04-27 12:00:00,9.347619e-06
1988-04-28 12:00:00,5.695215e-06
1988-04-29 12:00:00,7.277258e-06
1988-04-30 12:00:00,1.3090092e-06
1988-05-01 12:00:00,8.310297e-06
1988-05-02 12:00:00,4.3475924e-05
1988-05-03 12:00:00,0.00010844803
1988-05-04 12:00:00,2.6556005e-05
1988-05-05 12:00:00,1.2946688e-05
1988-05-06 12:00:00,4.7835706e-06
1988-05-07 12:00:00,4.9628266e-06
1988-05-08 12:00:00,5.0822127e-06
1988-05-09 12:00:00,3.5605688e-06
1988-05-10 12:00:00,3.3076678e-06
1988-05-11 12:00:00,4.1078733e-06
1988-05-12 12:00:00,6.8749478e-06
1988-05-13 12:00:00,4.484752e-06
1988-05-14 12:00:00,1.0822286e-05
1988-05-15 12:00:00,2.6307873e-05
1988-05-16 12:00:00,2.2776267e-05
1988-05-17 12:00:00,2.3507771e-05
1988-05-18 12:00:00,2.1742588e-05
1988-05-19 12:00:00,3.2142605e-05
1988-05-20 12:00:00,8.087706e-06
1988-05-21 12:00:00,3.9345865e-05
1988-05-22 12:00:00,3.2479395e-05
1988-05-23 12:00:00,5.620245e-05
1988-05-24 12:00:00,7.929873e-05
1988-05-25 12:00:00,1.953359e-05
1988-05-26 12:00:00,8.798902e-06
1988-05-27 12:00:00,1.3661769e-05
1988-05-28 12:00:00,3.4294208e-05
1988-05-29 12:00:00,2.1065302e-05
1988-05-30 12:00:00,2.028576e-05
1988-05-31 12:00:00,3.0359937e-05
1988-06-01 12:00:00,7.124055e-05
1988-06-02 12:00:00,8.058457e-05
1988-06-03 12:00:00,3.5572488e-05
1988-06-04 12:00:00,9.668161e-06
1988-06-05 12:00:00,1.7921524e-05
1988-06-06 12:00:00,1.7045908e-05
1988-06-07 12:00:00,2.7667567e-05
1988-06-08 12:00:00,1.9248371e-05
1988-06-09 12:00:00,4.1284657e-05
1988-06-10 12:00:00,7.451692e-05
1988-06-11 12:00:00,9.935154e-05
1988-06-12 12:00:00,2.7244594e-05
1988-06-13 12:00:00,9.874437e-06
1988-06-14 12:00:00,4.54886e-06
1988-06-15 12:00:00,3.1570223e-06
1988-06-16 12:00:00,2.4124483e-05
1988-06-17 12:00:00,1.9241483e-05
1988-06-18 12:00:00,1.4128364e-05
1988-06-19 12:00:00,1.0903348e-05
1988-06-20 12:00:00,7.5478197e-06
1988-06-21 12:00:00,1.2651932e-05
1988-06-22 12:00:00,7.769814e-06
1988-06-23 12:00:00,1.0722856e-05
1988-06-24 12:00:00,1.2603012e-05
1988-06-25 12:00:00,5.2102528e-06
1988-06-26 12:00:00,1.7817856e-05
1988-06-27 12:00:00,1.7315939e-05
1988-06-28 12:00:00,2.7762582e-05
1988-06-29 12:00:00,0.00012774461
1988-06-30 12:00:00,9.407913e-05
1988-07-01 12:00:00,3.8313094e-05
1988-07-02 12:00:00,9.119068e-06
1988-07-03 12:00:00,3.1291186e-06
1988-07-04 12:00:00,8.868661e-06
1988-07-05 12:00:00,1.4170043e-05
1988-07-06 12:00:00,3.3403754e-05
1988-07-07 12:00:00,9.282981e-05
1988-07-08 12:00:00,2.423027e-05
1988-07-09 12:00:00,3.679955e-06
1988-07-10 12:00:00,8.5007894e-05
1988-07-11 12:00:00,3.7836056e-05
1988-07-12 12:00:00,8.814973e-06
1988-07-13 12:00:00,6.406057e-06
1988-07-14 12:00:00,3.1881052e-06
1988-07-15 12:00:00,2.2964177e-06
1988-07-16 12:00:00,3.0582287e-05
1988-07-17 12:00:00,1.6608275e-05
1988-07-18 12:00:00,3.0412742e-05
1988-07-19 12:00:00,8.637589e-05
1988-07-20 12:00:00,3.6794958e-05
1988-07-21 12:00:00,6.2623345e-05
1988-07-22 12:00:00,8.858878e-05
1988-07-23 12:00:00,5.594337e-05
1988-07-24 12:00:00,2.7932125e-05
1988-07-25 12:00:00,2.1413216e-05
1988-07-26 12:00:00,1.2921963e-05
1988-07-27 12:00:00,1.9782783e-05
1988-07-28 12:00:00,1.624782e-05
1988-07-29 12:00:00,5.479048e-06
1988-07-30 12:00:00,7.270547e-06
1988-07-31 12:00:00,9.621536e-06
1988-08-01 12:00:00,1.2098446e-05
1988-08-02 12:00:00,8.239765e-06
1988-08-03 12:00:00,9.637961e-06
1988-08-04 12:00:00,1.3406042e-05
1988-08-05 12:00:00,7.686456e-06
1988-08-06 12:00:00,6.2054314e-06
1988-08-07 12:00:00,2.0691425e-05
1988-08-08 12:00:00,3.6346555e-05
1988-08-09 12:00:00,2.901755e-05
1988-08-10 12:00:00,9.764588e-06
1988-08-11 12:00:00,1.7002285e-05
1988-08-12 12:00:00,2.7960381e-05
1988-08-13 12:00:00,1.464229e-05
1988-08-14 12:00:00,8.460435e-05
1988-08-15 12:00:00,9.2642076e-05
1988-08-16 12:00:00,6.152944e-05
1988-08-17 12:00:00,2.8862136e-05
1988-08-18 12:00:00,2.4795765e-05
1988-08-19 12:00:00,8.640663e-06
1988-08-20 12:00:00,6.1029114e-05
1988-08-21 12:00:00,5.3239168e-05
1988-08-22 12:00:00,2.0169904e-05
1988-08-23 12:00:00,1.2879577e-05
1988-08-24 12:00:00,1.0873325e-05
1988-08-25 12:00:00,2.5439851e-05
1988-08-26 12:00:00,8.192858e-05
1988-08-27 12:00:00,6.8749476e-05
1988-08-28 12:00:00,3.1927677e-05
1988-08-29 12:00:00,1.969801e-05
1988-08-30 12:00:00,8.4392595e-05
1988-08-31 12:00:00,6.590399e-05
1988-09-01 12:00:00,2.3861548e-05
1988-09-02 12:00:00,2.7656763e-05
1988-09-03 12:00:00,2.35136e-05
1988-09-04 12:00:00,3.3160566e-05
1988-09-05 12:00:00,0.00013884452
1988-09-06 12:00:00,0.00017844046
1988-09-07 12:00:00,0.00012723863
1988-09-08 12:00:00,4.17977e-05
1988-09-09 12:00:00,4.467674e-05
1988-09-10 12:00:00,5.275226e-05
1988-09-11 12:00:00,9.6625794e-05
1988-09-12 12:00:00,3.9027444e-05
1988-09-13 12:00:00,4.6245186e-05
1988-09-14 12:00:00,4.576676e-05
1988-09-15 12:00:00,2.9100378e-05
1988-09-16 12:00:00,4.0420342e-05
1988-09-17 12:00:00,3.6520334e-05
1988-09-18 12:00:00,1.8947609e-05
1988-09-19 12:00:00,4.998501e-05
1988-09-20 12:00:00,8.767766e-05
1988-09-21 12:00:00,3.7572026e-05
1988-09-22 12:00:00,2.6079873e-05
1988-09-23 12:00:00,1.3297782e-05
1988-09-24 12:00:00,1.9861902e-05
1988-09-25 12:00:00,3.089912e-05
1988-09-26 12:00:00,4.4730958e-05
1988-09-27 12:00:00,9.135232e-05
1988-09-28 12:00:00,7.880617e-05
1988-09-29 12:00:00,0.00011885776
1988-09-30 12:00:00,7.2018825e-05
1988-10-01 12:00:00,1.8658857e-05
1988-10-02 12:00:00,1.8305644e-05
1988-10-03 12:00:00,7.799555e-05
1988-10-04 12:00:00,0.000105146544
1988-10-05 12:00:00,8.906067e-05
1988-10-06 12:00:00,0.00010349986
1988-10-07 12:00:00,0.00010464339
1988-10-08 12:00:00,0.00015013905
1988-10-09 12:00:00,7.224276e-05
1988-10-10 12:00:00,4.1587537e-05
1988-10-11 12:00:00,8.178182e-05
1988-10-12 12:00:00,0.0001084648
1988-10-13 12:00:00,0.00015318782
1988-10-14 12:00:00,4.7476664e-05
1988-10-15 12:00:00,4.3579836e-05
1988-10-16 12:00:00,3.12488e-05
1988-10-17 12:00:00,5.0864688e-05
1988-10-18 12:00:00,3.59778e-05
1988-10-19 12:00:00,2.648342e-05
1988-10-20 12:00:00,1.6479e-05
1988-10-21 12:00:00,1.9211106e-05
1988-10-22 12:00:00,2.3663186e-05
1988-10-23 12:00:00,4.1593892e-05
1988-10-24 12:00:00,6.892715e-05
1988-10-25 12:00:00,4.840438e-05
1988-10-26 12:00:00,6.1159626e-05
1988-10-27 12:00:00,3.7237183e-05
1988-10-28 12:00:00,5.8836893e-05
1988-10-29 12:00:00,4.5943187e-05
1988-10-30 12:00:00,1.690056e-05
1988-10-31 12:00:00,1.2483978e-05
1988-11-01 12:00:00,1.3559922e-05
1988-11-02 12:00:00,1.1513645e-05
1988-11-03 12:00:00,1.0668461e-05
1988-11-04 12:00:00,8.18431e-06
1988-11-05 12:00:00,1.4766974e-05
1988-11-06 12:00:00,3.6451634e-06
1988-11-07 12:00:00,1.5946178e-05
1988-11-08 12:00:00,2.627838e-05
1988-11-09 12:00:00,1.356128e-05
1988-11-10 12:00:00,1.1028739e-05
1988-11-11 12:00:00,6.4950844e-05
1988-11-12 12:00:00,2.5042662e-05
1988-11-13 12:00:00,6.036578e-05
1988-11-14 12:00:00,0.0001423892
1988-11-15 12:00:00,9.820872e-05
1988-11-16 12:00:00,3.7581387e-05
1988-11-17 12:00:00,0.000106053594
1988-11-18 12:00:00,0.00019879139
1988-11-19 12:00:00,0.000114431816
1988-11-20 12:00:00,8.85856e-05
1988-11-21 12:00:00,7.3541e-05
1988-11-22 12:00:00,4.3262473e-05
1988-11-23 12:00:00,2.8181494e-05
1988-11-24 12:00:00,2.0384658e-05
1988-11-25 12:00:00,7.461e-05
1988-11-26 12:00:00,5.4115135e-05
1988-11-27 12:00:00,4.2153915e-05
1988-11-28 12:00:00,2.9322373e-05
1988-11-29 12:00:00,2.9062408e-05
1988-11-30 12:00:00,2.228636e-05
1988-12-01 12:00:00,2.5768339e-05
1988-12-02 12:00:00,1.9225941e-05
1988-12-03 12:00:00,1.9208634e-05
1988-12-04 12:00:00,4.746448e-05
1988-12-05 12:00:00,6.148758e-05
1988-12-06 12:00:00,7.286883e-05
1988-12-07 12:00:00,6.686879e-05
1988-12-08 12:00:00,3.929836e-05
1988-12-09 12:00:00,3.685306e-05
1988-12-10 12:00:00,4.2117532e-05
1988-12-11 12:00:00,5.8819587e-05
1988-12-12 12:00:00,2.4467454e-05
1988-12-13 12:00:00,2.3468212e-05
1988-12-14 12:00:00,4.862867e-05
1988-12-15 12:00:00,1.902973e-05
1988-12-16 12:00:00,2.2474445e-05
1988-12-17 12:00:00,2.2556214e-05
1988-12-18 12:00:00,2.200167e-05
1988-12-19 12:00:00,1.908501e-05
1988-12-20 12:00:00,7.7558625e-06
1988-12-21 12:00:00,1.098441e-05
1988-12-22 12:00:00,1.95154e-05
1988-12-23 12:00:00,1.5193833e-05
1988-12-24 12:00:00,3.7432157e-05
1988-12-25 12:00:00,1.6516264e-05
1988-12-26 12:00:00,1.5479229e-05
1988-12-27 12:00:00,1.9827994e-05
1988-12-28 12:00:00,0.00010287838
1988-12-29 12:00:00,6.2456624e-05
1988-12-30 12:00:00,2.9630375e-05
1988-12-31 12:00:00,2.4318044e-05
1989-01-01 12:00:00,3.700594e-05
1989-01-02 12:00:00,6.184104e-05
1989-01-03 12:00:00,5.3479704e-05
1989-01-04 12:00:00,2.0688422e-05
1989-01-05 12:00:00,0.000102565966
1989-01-06 12:00:00,0.0001275152
1989-01-07 12:00:00,0.00014999566
1989-01-08 12:00:00,9.830797e-05
1989-01-09 12:00:00,6.1131366e-05
1989-01-10 12:00:00,5.5697357e-05
1989-01-11 12:00:00,0.0001108709
1989-01-12 12:00:00,0.00017137443
1989-01-13 12:00:00,0.000118804426
1989-01-14 12:00:00,3.5221747e-05
1989-01-15 12:00:00,7.261081e-05
1989-01-16 12:00:00,0.00012844856
1989-01-17 12:00:00,9.281462e-05
1989-01-18 12:00:00,5.8115103e-05
1989-01-19 12:00:00,0.00013343347
1989-01-20 12:00:00,0.00010844061
1989-01-21 12:00:00,8.150949e-05
1989-01-22 12:00:00,9.990026e-05
1989-01-23 12:00:00,4.5162764e-05
1989-01-24 12:00:00,5.98817e-05
1989-01-25 12:00:00,3.533548e-05
1989-01-26 12:00:00,2.9705963e-05
1989-01-27 12:00:00,3.5141213e-05
1989-01-28 12:00:00,1.2245029e-05
1989-01-29 12:00:00,1.3340168e-05
1989-01-30 12:00:00,1.0613359e-05
1989-01-31 12:00:00,9.99453e-06
1989-02-01 12:00:00,1.6334701e-05
1989-02-02 12:00:00,2.3170818e-05
1989-02-03 12:00:00,7.623796e-05
1989-02-04 12:00:00,3.518554e-05
1989-02-05 12:00:00,4.8536836e-05
1989-02-06 12:00:00,8.971694e-05
1989-02-07 12:00:00,0.00013530797
1989-02-08 12:00:00,0.0001850982
1989-02-09 12:00:00,0.00015157716
1989-02-10 12:00:00,0.00010278743
1989-02-11 12:00:00,2.902744e-05
1989-02-12 12:00:00,1.5928517e-05
1989-02-13 12:00:00,1.3232614e-05
1989-02-14 12:00:00,1.4312918e-05
1989-02-15 12:00:00,1.2649813e-05
1989-02-16 12:00:00,1.4762735e-05
1989-02-17 12:00:00,1.5329642e-05
1989-02-18 12:00:00,1.9309477e-05
1989-02-19 12:00:00,2.8087892e-05
1989-02-20 12:00:00,3.0645686e-05
1989-02-21 12:00:00,1.5829088e-05
1989-02-22 12:00:00,4.442013e-06
1989-02-23 12:00:00,6.599971e-06
1989-02-24 12:00:00,8.660972e-06
1989-02-25 12:00:00,9.232295e-06
1989-02-26 12:00:00,7.995694e-06
1989-02-27 12:00:00,8.689052e-06
1989-02-28 12:00:00,1.05370655e-05
1989-03-01 12:00:00,1.0764955e-05
1989-03-02 12:00:00,1.0919353e-05
1989-03-03 12:00:00,1.3043292e-05
1989-03-04 12:00:00,1.1618428e-05
1989-03-05 12:00:00,2.1124288e-05
1989-03-06 12:00:00,6.681546e-05
1989-03-07 12:00:00,2.386593e-05
1989-03-08 12:00:00,1.3290365e-05
1989-03-09 12:00:00,1.3749366e-05
1989-03-10 12:00:00,1.4070613e-05
1989-03-11 12:00:00,1.4657478e-05
1989-03-12 12:00:00,1.4442371e-05
1989-03-13 12:00:00,2.7482836e-05
1989-03-14 12:00:00,0.00013446803
1989-03-15 12:00:00,0.00012820309
1989-03-16 12:00:00,8.9508896e-05
1989-03-17 12:00:00,5.3170468e-05
1989-03-18 12:00:00,5.272206e-05
1989-03-19 12:00:00,6.757451e-05
1989-03-20 12:00:00,7.86882e-05
1989-03-21 12:00:00,4.0474384e-05
1989-03-22 12:00:00,2.7389942e-05
1989-03-23 12:00:00,0.00014542436
1989-03-24 12:00:00,0.000120613586
1989-03-25 12:00:00,0.00011008552
1989-03-26 12:00:00,0.00012104733
1989-03-27 12:00:00,0.00012498848
1989-03-28 12:00:00,0.00011808652
1989-03-29 12:00:00,9.866472e-05
1989-03-30 12:00:00,8.982361e-05
1989-03-31 12:00:00,7.6316726e-05
1989-04-01 12:00:00,7.546642e-05
1989-04-02 12:00:00,3.8217295e-05
1989-04-03 12:00:00,1.907406e-05
1989-04-04 12:00:00,1.8866547e-05
1989-04-05 12:00:00,0.00013090463
1989-04-06 12:00:00,0.00016595896
1989-04-07 12:00:00,9.4320014e-05
1989-04-08 12:00:00,8.6730695e-05
1989-04-09 12:00:00,6.806336e-05
1989-04-10 12:00:00,3.316357e-05
1989-04-11 12:00:00,1.8632543e-05
1989-04-12 12:00:00,1.4063196e-05
1989-04-13 12:00:00,1.9189207e-05
1989-04-14 12:00:00,1.065027e-05
1989-04-15 12:00:00,8.648786e-06
1989-04-16 12:00:00,6.656132e-06
1989-04-17 12:00:00,2.6952841e-05
1989-04-18 12:00:00,3.7934602e-05
1989-04-19 12:00:00,6.5309e-05
1989-04-20 12:00:00,9.736666e-05
1989-04-21 12:00:00,0.00011096255
1989-04-22 12:00:00,0.00012302003
1989-04-23 12:00:00,6.3442094e-05
1989-04-24 12:00:00,3.263004e-05
1989-04-25 12:00:00,1.654823e-05
1989-04-26 12:00:00,2.8346622e-05
1989-04-27 12:00:00,5.8609072e-05
1989-04-28 12:00:00,9.776579e-05
1989-04-29 12:00:00,0.000101342965
1989-04-30 12:00:00,8.155276e-05
1989-05-01 12:00:00,4.0405506e-05
1989-05-02 12:00:00,5.974024e-05
1989-05-03 12:00:00,5.4881784e-05
1989-05-04 12:00:00,1.534642e-05
1989-05-05 12:00:00,2.3405693e-05
1989-05-06 12:00:00,4.4313638e-05
1989-05-07 12:00:00,1.3808883e-05
1989-05-08 12:00:00,1.2108512e-05
1989-05-09 12:00:00,1.0372644e-05
1989-05-10 12:00:00,1.019074e-05
1989-05-11 12:00:00,3.690728e-06
1989-05-12 12:00:00,1.75865e-05
1989-05-13 12:00:00,1.162567e-05
1989-05-14 12:00:00,2.3256638e-05
1989-05-15 12:00:00,6.462059e-05
1989-05-16 12:00:00,2.8684999e-05
1989-05-17 12:00:00,2.3984787e-05
1989-05-18 12:00:00,3.0859028e-05
1989-05-19 12:00:00,3.2851152e-05
1989-05-20 12:00:00,1.957103e-05
1989-05-21 12:00:00,7.4183667e-06
1989-05-22 12:00:00,1.29514565e-05
1989-05-23 12:00:00,2.8469893e-05
1989-05-24 12:00:00,9.390181e-06
1989-05-25 12:00:00,9.121915e-06
1989-05-26 12:00:00,4.746307e-06
1989-05-27 12:00:00,8.359857e-06
1989-05-28 12:00:00,8.464585e-06
1989-05-29 12:00:00,5.3498956e-05
1989-05-30 12:00:00,1.9428333e-05
1989-05-31 12:00:00,1.0232419e-05
1989-06-01 12:00:00,2.7136422e-05
1989-06-02 12:00:00,4.9201848e-05
1989-06-03 12:00:00,9.475129e-06
1989-06-04 12:00:00,7.948752e-05
1989-06-05 12:00:00,9.7609845e-05
1989-06-06 12:00:00,4.31279e-05
1989-06-07 12:00:00,4.4401233e-05
1989-06-08 12:00:00,3.0026327e-05
1989-06-09 12:00:00,1.542766e-05
1989-06-10 12:00:00,3.5877663e-06
1989-06-11 12:00:00,1.1444824e-05
1989-06-12 12:00:00,6.4166534e-06
1989-06-13 12:00:00,8.761355e-05
1989-06-14 12:00:00,3.228354e-05
1989-06-15 12:00:00,8.405598e-06
1989-06-16 12:00:00,6.938703e-06
1989-06-17 12:00:00,2.0732221e-05
1989-06-18 12:00:00,5.0098038e-06
1989-06-19 12:00:00,7.250414e-06
1989-06-20 12:00:00,3.554299e-05
1989-06-21 12:00:00,9.431984e-05
1989-06-22 12:00:00,0.00011374429
1989-06-23 12:00:00,3.1732703e-05
1989-06-24 12:00:00,1.4497472e-05
1989-06-25 12:00:00,3.1156964e-05
1989-06-26 12:00:00,1.6660375e-05
1989-06-27 12:00:00,1.2015794e-05
1989-06-28 12:00:00,1.829911e-05
1989-06-29 12:00:00,3.16338e-05
1989-06-30 12:00:00,4.4931585e-05
1989-07-01 12:00:00,1.2453889e-05
1989-07-02 12:00:00,6.861945e-06
1989-07-03 12:00:00,7.358497e-06
1989-07-04 12:00:00,1.1902942e-05
1989-07-05 12:00:00,1.8814977e-05
1989-07-06 12:00:00,4.3002685e-05
1989-07-07 12:00:00,1.2131648e-05
1989-07-08 12:00:00,5.7632083e-06
1989-07-09 12:00:00,7.2276316e-06
1989-07-10 12:00:00,1.1673883e-05
1989-07-11 12:00:00,1.5203545e-05
1989-07-12 12:00:00,5.1738716e-06
1989-07-13 12:00:00,1.391361e-05
1989-07-14 12:00:00,1.7404067e-05
1989-07-15 12:00:00,2.2585707e-05
1989-07-16 12:00:00,7.3113433e-06
1989-07-17 12:00:00,1.0801623e-05
1989-07-18 12:00:00,1.276496e-05
1989-07-19 12:00:00,1.2620672e-05
1989-07-20 12:00:00,6.6926896e-06
1989-07-21 12:00:00,7.377924e-06
1989-07-22 12:00:00,1.9248724e-05
1989-07-23 12:00:00,5.7644447e-06
1989-07-24 12:00:00,4.5366745e-05
1989-07-25 12:00:00,5.5672102e-05
1989-07-26 12:00:00,7.6206525e-05
1989-07-27 12:00:00,9.263236e-05
1989-07-28 12:00:00,4.0955812e-05
1989-07-29 12:00:00,6.034582e-05
1989-07-30 12:00:00,0.0001329637
1989-07-31 12:00:00,9.533374e-05
1989-08-01 12:00:00,4.162957e-05
1989-08-02 12:00:00,4.3240576e-05
1989-08-03 12:00:00,0.000112270325
1989-08-04 12:00:00,6.1299856e-05
1989-08-05 12:00:00,4.6734032e-05
1989-08-06 12:00:00,0.00010306223
1989-08-07 12:00:00,4.3289143e-05
1989-08-08 12:00:00,9.793198e-06
1989-08-09 12:00:00,1.0967103e-05
1989-08-10 12:00:00,9.377465e-06
1989-08-11 12:00:00,1.1766601e-05
1989-08-12 12:00:00,7.74244e-06
1989-08-13 12:00:00,7.0612678e-06
1989-08-14 12:00:00,1.535013e-05
1989-08-15 12:00:00,0.00013563152
1989-08-16 12:00:00,5.2460506e-05
1989-08-17 12:00:00,3.7688234e-05
1989-08-18 12:00:00,7.072129e-05
1989-08-19 12:00:00,8.987447e-05
1989-08-20 12:00:00,0.000101880905
1989-08-21 12:00:00,4.3595024e-05
1989-08-22 12:00:00,2.9726449e-05
1989-08-23 12:00:00,7.990255e-05
1989-08-24 12:00:00,4.5070043e-05
1989-08-25 12:00:00,2.1393436e-05
1989-08-26 12:00:00,1.378663e-05
1989-08-27 12:00:00,1.0421211e-05
1989-08-28 12:00:00,0.00010542435
1989-08-29 12:00:00,7.472585e-05
1989-08-30 12:00:00,9.958643e-05
1989-08-31 12:00:00,0.00010094277
1989-09-01 12:00:00,4.8666112e-05
1989-09-02 12:00:00,3.8941085e-05
1989-09-03 12:00:00,9.5635034e-05
1989-09-04 12:00:00,8.3766e-05
1989-09-05 12:00:00,0.00011924736
1989-09-06 12:00:00,0.00014067028
1989-09-07 12:00:00,0.00019652552
1989-09-08 12:00:00,0.00022487798
1989-09-09 12:00:00,0.00013304476
1989-09-10 12:00:00,7.3771116e-05
1989-09-11 12:00:00,2.6957256e-05
1989-09-12 12:00:00,1.3925973e-05
1989-09-13 12:00:00,2.195275e-05
1989-09-14 12:00:00,1.94852e-05
1989-09-15 12:00:00,2.1851201e-05
1989-09-16 12:00:00,0.00010524562
1989-09-17 12:00:00,9.558258e-05
1989-09-18 12:00:00,0.00012865043
1989-09-19 12:00:00,0.00014856814
1989-09-20 12:00:00,0.000118438846
1989-09-21 12:00:00,0.0001853894
1989-09-22 12:00:00,0.00014511707
1989-09-23 12:00:00,6.971022e-05
1989-09-24 12:00:00,9.533091e-05
1989-09-25 12:00:00,3.9164315e-05
1989-09-26 12:00:00,4.3120304e-05
1989-09-27 12:00:00,0.00015658097
1989-09-28 12:00:00,7.047881e-05
1989-09-29 12:00:00,2.1393436e-05
1989-09-30 12:00:00,0.0001493528
1989-10-01 12:00:00,0.00011694617
1989-10-02 12:00:00,0.00013424004
1989-10-03 12:00:00,0.00014589838
1989-10-04 12:00:00,0.0001281946
1989-10-05 12:00:00,6.0341055e-05
1989-10-06 12:00:00,3.859352e-05
1989-10-07 12:00:00,1.7604161e-05
1989-10-08 12:00:00,8.188549e-06
1989-10-09 12:00:00,3.1325446e-05
1989-10-10 12:00:00,3.4888842e-05
1989-10-11 12:00:00,2.0465897e-05
1989-10-12 12:00:00,2.3118002e-05
1989-10-13 12:00:00,7.565515e-05
1989-10-14 12:00:00,3.0034806e-05
1989-10-15 12:00:00,7.585366e-05
1989-10-16 12:00:00,0.00018869973
1989-10-17 12:00:00,9.1078575e-05
1989-10-18 12:00:00,3.4827735e-05
1989-10-19 12:00:00,2.5653368e-05
1989-10-20 12:00:00,2.7283095e-05
1989-10-21 12:00:00,2.214631e-05
1989-10-22 12:00:00,2.2246446e-05
1989-10-23 12:00:00,2.3255578e-05
1989-10-24 12:00:00,3.0733638e-05
1989-10-25 12:00:00,3.7680464e-05
1989-10-26 12:00:00,3.6166766e-05
1989-10-27 12:00:00,0.00010840794
1989-10-28 12:00:00,3.6523692e-05
1989-10-29 12:00:00,2.195222e-05
1989-10-30 12:00:00,1.4753022e-05
1989-10-31 12:00:00,3.118734e-05
1989-11-01 12:00:00,1.5616806e-05
1989-11-02 12:00:00,1.5580072e-05
1989-11-03 12:00:00,1.0390306e-05
1989-11-04 12:00:00,5.823025e-05
1989-11-05 12:00:00,0.00018045378
1989-11-06 12:00:00,0.00014023477
1989-11-07 12:00:00,0.00011341032
1989-11-08 12:00:00,0.00015695854
1989-11-09 12:00:00,9.019642e-05
1989-11-10 12:00:00,0.00013402157
1989-11-11 12:00:00,0.00016571772
1989-11-12 12:00:00,0.00016687856
1989-11-13 12:00:00,0.00011234168
1989-11-14 12:00:00,8.007915e-05
1989-11-15 12:00:00,8.400424e-05
1989-11-16 12:00:00,0.00011724622
1989-11-17 12:00:00,0.000112001886
1989-11-18 12:00:00,6.423418e-05
1989-11-19 12:00:00,2.646046e-05
1989-11-20 12:00:00,3.3163218e-05
1989-11-21 12:00:00,2.0425277e-05
1989-11-22 12:00:00,2.5463693e-05
1989-11-23 12:00:00,3.260302e-05
1989-11-24 12:00:00,6.273355e-05
1989-11-25 12:00:00,2.7855831e-05
1989-11-26 12:00:00,2.9833825e-05
1989-11-27 12:00:00,2.272717e-05
1989-11-28 12:00:00,2.4928397e-05
1989-11-29 12:00:00,1.5736368e-05
1989-11-30 12:00:00,3.8262915e-05
1989-12-01 12:00:00,2.767855e-05
1989-12-02 12:00:00,4.9768103e-05
1989-12-03 12:00:00,5.446623e-05
1989-12-04 12:00:00,2.6520507e-05
1989-12-05 12:00:00,2.7287157e-05
1989-12-06 12:00:00,1.6053731e-05
1989-12-07 12:00:00,3.932591e-05
1989-12-08 12:00:00,7.7726574e-05
1989-12-09 12:00:00,2.4472574e-05
1989-12-10 12:00:00,1.8329485e-05
1989-12-11 12:00:00,2.0861497e-05
1989-12-12 12:00:00,3.202693e-05
1989-12-13 12:00:00,4.618161e-05
1989-12-14 12:00:00,4.425624e-05
1989-12-15 12:00:00,4.1459494e-05
1989-12-16 12:00:00,3.111034e-05
1989-12-17 12:00:00,2.815871e-05
1989-12-18 12:00:00,6.9793576e-05
1989-12-19 12:00:00,3.150364e-05
1989-12-20 12:00:00,4.8020614e-05
1989-12-21 12:00:00,6.815484e-05
1989-12-22 12:00:00,0.0001405523
1989-12-23 12:00:00,0.00018801396
1989-12-24 12:00:00,0.00022095306
1989-12-25 12:00:00,0.000113836126
1989-12-26 12:00:00,5.760771e-05
1989-12-27 12:00:00,5.178958e-05
1989-12-28 12:00:00,2.0421392e-05
1989-12-29 12:00:00,4.635009e-05
1989-12-30 12:00:00,4.3942586e-05
1989-12-31 12:00:00,7.6652985e-05
1990-01-01 12:00:00,0.00010666747
1990-01-02 12:00:00,2.7545013e-05
1990-01-03 12:00:00,1.2923199e-05
1990-01-04 12:00:00,1.468962e-05
1990-01-05 12:00:00,1.4649001e-05
1990-01-06 12:00:00,4.348606e-05
1990-01-07 12:00:00,6.682764e-05
1990-01-08 12:00:00,2.6197846e-05
1990-01-09 12:00:00,1.85536e-05
1990-01-10 12:00:00,2.0137939e-05
1990-01-11 12:00:00,2.9175966e-05
1990-01-12 12:00:00,3.06939e-05
1990-01-13 12:00:00,3.5949895e-05
1990-01-14 12:00:00,2.2453783e-05
1990-01-15 12:00:00,2.263092e-05
1990-01-16 12:00:00,3.5153043e-05
1990-01-17 12:00:00,2.9237071e-05
1990-01-18 12:00:00,3.0173795e-05
1990-01-19 12:00:00,0.0001412416
1990-01-20 12:00:00,6.312544e-05
1990-01-21 12:00:00,2.2374486e-05
1990-01-22 12:00:00,2.1765016e-05
1990-01-23 12:00:00,1.4880179e-05
1990-01-24 12:00:00,1.5360549e-05
1990-01-25 12:00:00,6.393165e-05
1990-01-26 12:00:00,0.00012414748
1990-01-27 12:00:00,4.10095e-05
1990-01-28 12:00:00,2.3117118e-05
1990-01-29 12:00:00,2.4467807e-05
1990-01-30 12:00:00,1.0808333e-05
1990-01-31 12:00:00,9.963447e-06
1990-02-01 12:00:00,8.273055e-06
1990-02-02 12:00:00,4.7908998e-06
1990-02-03 12:00:00,3.8664516e-06
1990-02-04 12:00:00,1.343112e-05
1990-02-05 12:00:00,9.957796e-06
1990-02-06 12:00:00,7.765046e-06
1990-02-07 12:00:00,2.3387856e-05
1990-02-08 12:00:00,2.5881014e-05
1990-02-09 12:00:00,8.041436e-06
1990-02-10 12:00:00,7.2982743e-06
1990-02-11 12:00:00,7.5155003e-06
1990-02-12 12:00:00,3.0167437e-05
1990-02-13 12:00:00,1.6725542e-05
1990-02-14 12:00:00,3.0206289e-05
1990-02-15 12:00:00,8.2049555e-05
1990-02-16 12:00:00,7.4202566e-05
1990-02-17 12:00:00,3.3040298e-05
1990-02-18 12:00:00,2.2182692e-05
1990-02-19 12:00:00,1.2053764e-05
1990-02-20 12:00:00,1.8026958e-05
1990-02-21 12:00:00,1.7566015e-05
1990-02-22 12:00:00,1.5059081e-05
1990-02-23 12:00:00,1.2504288e-05
1990-02-24 12:00:00,2.1935972e-05
1990-02-25 12:00:00,2.2790395e-05
1990-02-26 12:00:00,1.2644514e-05
1990-02-27 12:00:00,1.454392e-05
1990-02-28 12:00:00,5.581639e-05
1990-03-01 12:00:00,3.6867776e-05
1990-03-02 12:00:00,3.15707e-05
1990-03-03 12:00:00,7.732197e-06
1990-03-04 12:00:00,7.02743e-05
1990-03-05 12:00:00,5.5302462e-05
1990-03-06 12:00:00,4.874205e-05
1990-03-07 12:00:00,3.2375374e-05
1990-03-08 12:00:00,4.673686e-05
1990-03-09 12:00:00,1.4860222e-05
1990-03-10 12:00:00,2.2649992e-05
1990-03-11 12:00:00,2.887856e-05
1990-03-12 12:00:00,5.9190814e-05
1990-03-13 12:00:00,3.312136e-05
1990-03-14 12:00:00,2.3045415e-05
1990-03-15 12:00:00,5.502007e-06
1990-03-16 12:00:00,1.9202453e-05
1990-03-17 12:00:00,1.1019026e-05
1990-03-18 12:00:00,4.6276975e-05
1990-03-19 12:00:00,4.8204107e-05
1990-03-20 12:00:00,0.0001141798
1990-03-21 12:00:00,0.00017636675
1990-03-22 12:00:00,0.00015630528
1990-03-23 12:00:00,4.879786e-05
1990-03-24 12:00:00,3.584499e-05
1990-03-25 12:00:00,4.4068332e-05
1990-03-26 12:00:00,6.512427e-05
1990-03-27 12:00:00,3.9528302e-05
1990-03-28 12:00:00,1.541e-05
1990-03-29 12:00:00,1.5867941e-05
1990-03-30 12:00:00,1.7221102e-05
1990-03-31 12:00:00,2.5263596e-05
1990-04-01 12:00:00,0.0001426368
1990-04-02 12:00:00,0.00017341248
1990-04-03 12:00:00,9.4479845e-05
1990-04-04 12:00:00,3.8250728e-05
1990-04-05 12:00:00,7.0424416e-05
1990-04-06 12:00:00,3.6142043e-05
1990-04-07 12:00:00,4.246951e-05
1990-04-08 12:00:00,4.16248e-05
1990-04-09 12:00:00,6.572933e-05
1990-04-10 12:00:00,3.4199722e-05
1990-04-11 12:00:00,5.276904e-05
1990-04-12 12:00:00,3.7461825e-05
1990-04-13 12:00:00,2.808383e-05
1990-04-14 12:00:00,1.3799522e-05
1990-04-15 12:00:00,1.0891692e-05
1990-04-16 12:00:00,2.2501467e-06
1990-04-17 12:00:00,8.540526e-06
1990-04-18 12:00:00,3.9566976e-06
1990-04-19 12:00:00,9.907286e-06
1990-04-20 12:00:00,2.6080226e-05
1990-04-21 12:00:00,1.4641936e-05
1990-04-22 12:00:00,9.466122e-06
1990-04-23 12:00:00,9.119267e-06
1990-04-24 12:00:00,2.3898956e-05
1990-04-25 12:00:00,2.6429554e-05
1990-04-26 12:00:00,6.140246e-05
1990-04-27 12:00:00,4.3593787e-05
1990-04-28 12:00:00,7.5667167e-06
1990-04-29 12:00:00,1.7399121e-05
1990-04-30 12:00:00,3.4928576e-05
1990-05-01 12:00:00,6.330456e-05
1990-05-02 12:00:00,4.8671365e-05
1990-05-03 12:00:00,6.6096494e-05
1990-05-04 12:00:00,0.00010329747
1990-05-05 12:00:00,3.6954432e-05
1990-05-06 12:00:00,5.5441807e-05
1990-05-07 12:00:00,4.9868097e-05
1990-05-08 12:00:00,8.38626e-05
1990-05-09 12:00:00,4.153261e-05
1990-05-10 12:00:00,4.6433626e-05
1990-05-11 12:00:00,3.2078497e-05
1990-05-12 12:00:00,2.6825153e-05
1990-05-13 12:00:00,3.2926564e-05
1990-05-14 12:00:00,1.7252185e-05
1990-05-15 12:00:00,1.45080685e-05
1990-05-16 12:00:00,2.6024418e-05
1990-05-17 12:00:00,1.2896178e-05
1990-05-18 12:00:00,8.41019e-06
1990-05-19 12:00:00,1.0805685e-05
1990-05-20 12:00:00,2.7926297e-05
1990-05-21 12:00:00,2.1584172e-05
1990-05-22 12:00:00,1.6955484e-05
1990-05-23 12:00:00,7.352139e-06
1990-05-24 12:00:00,1.108331e-05
1990-05-25 12:00:00,2.3097515e-05
1990-05-26 12:00:00,1.2914899e-05
1990-05-27 12:00:00,7.05597e-06
1990-05-28 12:00:00,3.0756066e-06
1990-05-29 12:00:00,1.911415e-06
1990-05-30 12:00:00,3.1624973e-06
1990-05-31 12:00:00,3.4246168e-05
1990-06-01 12:00:00,7.334718e-05
1990-06-02 12:00:00,2.1790702e-05
1990-06-03 12:00:00,7.727958e-06
1990-06-04 12:00:00,4.505062e-06
1990-06-05 12:00:00,6.6442994e-06
1990-06-06 12:00:00,7.471349e-06
1990-06-07 12:00:00,3.722694e-06
1990-06-08 12:00:00,4.5342017e-06
1990-06-09 12:00:00,1.551402e-05
1990-06-10 12:00:00,1.03731745e-05
1990-06-11 12:00:00,1.7791894e-05
1990-06-12 12:00:00,2.1942153e-05
1990-06-13 12:00:00,5.1118295e-05
1990-06-14 12:00:00,1.8648261e-05
1990-06-15 12:00:00,3.6843703e-05
1990-06-16 12:00:00,9.324943e-05
1990-06-17 12:00:00,9.430041e-05
1990-06-18 12:00:00,4.8364465e-05
1990-06-19 12:00:00,2.6943657e-05
1990-06-20 12:00:00,3.0290355e-05
1990-06-21 12:00:00,1.2029569e-05
1990-06-22 12:00:00,1.2702618e-05
1990-06-23 12:00:00,9.847946e-06
1990-06-24 12:00:00,2.5886313e-05
1990-06-25 12:00:00,1.9243073e-05
1990-06-26 12:00:00,2.0011665e-05
1990-06-27 12:00:00,9.553719e-06
1990-06-28 12:00:00,9.302231e-06
1990-06-29 12:00:00,2.9415622e-05
1990-06-30 12:00:00,1.6824266e-05
1990-07-01 12:00:00,1.0640502e-05
1990-07-02 12:00:00,1.0756113e-05
1990-07-03 12:00:00,5.572155e-05
1990-07-04 12:00:00,4.1956468e-05
1990-07-05 12:00:00,1.2238495e-05
1990-07-06 12:00:00,2.5604447e-06
1990-07-07 12:00:00,1.3786806e-05
1990-07-08 12:00:00,9.33508e-06
1990-07-09 12:00:00,6.964311e-06
1990-07-10 12:00:00,4.6312827e-05
1990-07-11 12:00:00,2.9788438e-05
1990-07-12 12:00:00,3.5306515e-05
1990-07-13 12:00:00,3.1652347e-05
1990-07-14 12:00:00,2.7097305e-05
1990-07-15 12:00:00,2.4679912e-05
1990-07-16 12:00:00,4.4469052e-05
1990-07-17 12:00:00,1.1930493e-05
1990-07-18 12:00:00,9.467888e-06
1990-07-19 12:00:00,4.990695e-05
1990-07-20 12:00:00,8.760596e-05
1990-07-21 12:00:00,6.591812e-05
1990-07-22 12:00:00,1.5205135e-05
1990-07-23 12:00:00,6.360669e-06
1990-07-24 12:00:00,0.00011209866
1990-07-25 12:00:00,0.00011944268
1990-07-26 12:00:00,8.8196e-05
1990-07-27 12:00:00,2.7706068e-05
1990-07-28 12:00:00,2.1452775e-05
1990-07-29 12:00:00,3.491445e-05
1990-07-30 12:00:00,0.00012773897
1990-07-31 12:00:00,5.677978e-05
1990-08-01 12:00:00,3.9628205e-05
1990-08-02 12:00:00,1.9310592e-05
1990-08-03 12:00:00,2.8756349e-05
1990-08-04 12:00:00,5.554989e-05
1990-08-05 12:00:00,6.763473e-05
1990-08-06 12:00:00,2.1334803e-05
1990-08-07 12:00:00,1.6810314e-05
1990-08-08 12:00:00,1.9173842e-05
1990-08-09 12:00:00,2.2755605e-05
1990-08-10 12:00:00,4.6364217e-05
1990-08-11 12:00:00,4.639742e-05
1990-08-12 12:00:00,3.8901875e-05
1990-08-13 12:00:00,3.3850924e-05
1990-08-14 12:00:00,2.8924302e-05
1990-08-15 12:00:00,3.0442767e-05
1990-08-16 12:00:00,1.5202309e-05
1990-08-17 12:00:00,2.8339027e-05
1990-08-18 12:00:00,6.4276384e-05
1990-08-19 12:00:00,3.207461e-05
1990-08-20 12:00:00,2.1322794e-05
1990-08-21 12:00:00,1.56629e-05
1990-08-22 12:00:00,6.168238e-05
1990-08-23 12:00:00,6.8396264e-05
1990-08-24 12:00:00,0.00011540757
1990-08-25 12:00:00,6.032039e-05
1990-08-26 12:00:00,2.0483558e-05
1990-08-27 12:00:00,1.6194133e-05
1990-08-28 12:00:00,1.4555222e-05
1990-08-29 12:00:00,1.4594782e-05
1990-08-30 12:00:00,1.4586305e-05
1990-08-31 12:00:00,8.672098e-06
1990-09-01 12:00:00,3.618796e-05
1990-09-02 12:00:00,6.360934e-05
1990-09-03 12:00:00,3.9100913e-05
1990-09-04 12:00:00,3.5639066e-05
1990-09-05 12:00:00,2.1427168e-05
1990-09-06 12:00:00,4.983931e-05
1990-09-07 12:00:00,2.5787413e-05
1990-09-08 12:00:00,1.8824161e-05
1990-09-09 12:00:00,1.2713037e-05
1990-09-10 12:00:00,2.2456432e-05
1990-09-11 12:00:00,9.983633e-05
1990-09-12 12:00:00,0.00013047937
1990-09-13 12:00:00,3.9861206e-05
1990-09-14 12:00:00,6.9626505e-05
1990-09-15 12:00:00,0.00010318462
1990-09-16 12:00:00,8.0910795e-05
1990-09-17 12:00:00,2.6803431e-05
1990-09-18 12:00:00,2.1274227e-05
1990-09-19 12:00:00,5.1944287e-05
1990-09-20 12:00:00,6.5166656e-05
1990-09-21 12:00:00,1.790086e-05
1990-09-22 12:00:00,1.5792883e-05
1990-09-23 12:00:00,4.9704206e-05
1990-09-24 12:00:00,0.00011396081
1990-09-25 12:00:00,0.00010649246
1990-09-26 12:00:00,0.00011246036
1990-09-27 12:00:00,9.044244e-05
1990-09-28 12:00:00,7.915656e-05
1990-09-29 12:00:00,7.2490715e-05
1990-09-30 12:00:00,2.9678413e-05
1990-10-01 12:00:00,2.9795503e-05
1990-10-02 12:00:00,2.0377242e-05
1990-10-03 12:00:00,1.97049e-05
1990-10-04 12:00:00,2.7714721e-05
1990-10-05 12:00:00,4.936212e-05
1990-10-06 12:00:00,3.658727e-05
1990-10-07 12:00:00,3.4567594e-05
1990-10-08 12:00:00,4.9771847e-05
1990-10-09 12:00:00,3.755419e-05
1990-10-10 12:00:00,4.2123713e-05
1990-10-11 12:00:00,2.5125313e-05
1990-10-12 12:00:00,3.935399e-05
1990-10-13 12:00:00,8.394384e-05
1990-10-14 12:00:00,7.1501716e-05
1990-10-15 12:00:00,3.1252333e-05
1990-10-16 12:00:00,2.797451e-05
1990-10-17 12:00:00,2.279746e-05
1990-10-18 12:00:00,1.6578606e-05
1990-10-19 12:00:00,1.7165117e-05
1990-10-20 12:00:00,3.552392e-05
1990-10-21 12:00:00,2.7780243e-05
1990-10-22 12:00:00,5.2473577e-05
1990-10-23 12:00:00,0.00020450285
1990-10-24 12:00:00,0.00013279857
1990-10-25 12:00:00,7.078964e-05
1990-10-26 12:00:00,0.00010940771
1990-10-27 12:00:00,7.766176e-05
1990-10-28 12:00:00,5.8506288e-05
1990-10-29 12:00:00,7.3900745e-05
1990-10-30 12:00:00,0.00011999935
1990-10-31 12:00:00,7.380184e-05
1990-11-01 12:00:00,8.0660546e-05
1990-11-02 12:00:00,3.7895396e-05
1990-11-03 12:00:00,4.8116333e-05
1990-11-04 12:00:00,4.0788567e-05
1990-11-05 12:00:00,2.937924e-05
1990-11-06 12:00:00,3.9231603e-05
1990-11-07 12:00:00,6.857322e-05
1990-11-08 12:00:00,3.915884e-05
1990-11-09 12:00:00,3.3374792e-05
1990-11-10 12:00:00,1.5796062e-05
1990-11-11 12:00:00,1.8588567e-05
1990-11-12 12:00:00,1.7384817e-05
1990-11-13 12:00:00,2.1482976e-05
1990-11-14 12:00:00,2.1568807e-05
1990-11-15 12:00:00,2.3877763e-05
1990-11-16 12:00:00,4.8383365e-05
1990-11-17 12:00:00,5.2168754e-05
1990-11-18 12:00:00,2.6604395e-05
1990-11-19 12:00:00,3.5776997e-05
1990-11-20 12:00:00,3.4195837e-05
1990-11-21 12:00:00,2.6694994e-05
1990-11-22 12:00:00,2.6174534e-05
1990-11-23 12:00:00,1.4624982e-05
1990-11-24 12:00:00,1.2483096e-05
1990-11-25 12:00:00,2.500469e-05
1990-11-26 12:00:00,3.128059e-05
1990-11-27 12:00:00,2.7313296e-05
1990-11-28 12:00:00,7.88316e-05
1990-11-29 12:00:00,2.7917997e-05
1990-11-30 12:00:00,3.588932e-05
1990-12-01 12:00:00,3.7409904e-05
1990-12-02 12:00:00,5.4761163e-05
1990-12-03 12:00:00,5.0729053e-05
1990-12-04 12:00:00,8.9497065e-05
1990-12-05 12:00:00,4.6308236e-05
1990-12-06 12:00:00,3.6105484e-05
1990-12-07 12:00:00,4.410259e-05
1990-12-08 12:00:00,2.6100714e-05
1990-12-09 12:00:00,4.737688e-05
1990-12-10 12:00:00,4.1343817e-05
1990-12-11 12:00:00,4.620598e-05
1990-12-12 12:00:00,9.247395e-05
1990-12-13 12:00:00,0.00017438416
1990-12-14 12:00:00,0.00012607727
1990-12-15 12:00:00,4.058088e-05
1990-12-16 12:00:00,2.9264622e-05
1990-12-17 12:00:00,3.488478e-05
1990-12-18 12:00:00,5.2260413e-05
1990-12-19 12:00:00,5.894392e-05
1990-12-20 12:00:00,3.1929267e-05
1990-12-21 12:00:00,3.2674547e-05
1990-12-22 12:00:00,4.7732392e-05
1990-12-23 12:00:00,2.9847955e-05
1990-12-24 12:00:00,3.1811822e-05
1990-12-25 12:00:00,2.84351e-05
1990-12-26 12:00:00,1.6812963e-05
1990-12-27 12:00:00,4.4555767e-05
1990-12-28 12:00:00,7.4974516e-05
1990-12-29 12:00:00,0.000103711965
1990-12-30 12:00:00,0.00016513438
1990-12-31 12:00:00,9.696418e-05
