time,tas
1991-01-01 12:00:00,278.3063
1991-01-02 12:00:00,279.20328
1991-01-03 12:00:00,279.87103
1991-01-04 12:00:00,279.785
1991-01-05 12:00:00,280.89587
1991-01-06 12:00:00,282.1067
1991-01-07 12:00:00,283.32297
1991-01-08 12:00:00,282.52264
1991-01-09 12:00:00,281.4846
1991-01-10 12:00:00,281.94147
1991-01-11 12:00:00,282.972
1991-01-12 12:00:00,282.8509
1991-01-13 12:00:00,282.5065
1991-01-14 12:00:00,282.71957
1991-01-15 12:00:00,283.7128
1991-01-16 12:00:00,282.07993
1991-01-17 12:00:00,282.71463
1991-01-18 12:00:00,283.21603
1991-01-19 12:00:00,281.9263
1991-01-20 12:00:00,282.2893
1991-01-21 12:00:00,280.93564
1991-01-22 12:00:00,280.5922
1991-01-23 12:00:00,279.9096
1991-01-24 12:00:00,280.64066
1991-01-25 12:00:00,282.3964
1991-01-26 12:00:00,282.85056
1991-01-27 12:00:00,283.78894
1991-01-28 12:00:00,281.99353
1991-01-29 12:00:00,282.2984
1991-01-30 12:00:00,282.7766
1991-02-01 12:00:00,283.0377
1991-02-02 12:00:00,282.75946
1991-02-03 12:00:00,283.74902
1991-02-04 12:00:00,283.69046
1991-02-05 12:00:00,283.97784
1991-02-06 12:00:00,282.17273
1991-02-07 12:00:00,282.13107
1991-02-08 12:00:00,281.83966
1991-02-09 12:00:00,282.89365
1991-02-10 12:00:00,282.03497
1991-02-11 12:00:00,282.23883
1991-02-12 12:00:00,283.82092
1991-02-13 12:00:00,281.74167
1991-02-14 12:00:00,282.8184
1991-02-15 12:00:00,281.36356
1991-02-16 12:00:00,281.00153
1991-02-17 12:00:00,282.94537
1991-02-18 12:00:00,284.49182
1991-02-19 12:00:00,283.1721
1991-02-20 12:00:00,282.1551
1991-02-21 12:00:00,284.6484
1991-02-22 12:00:00,283.87018
1991-02-23 12:00:00,283.7775
1991-02-24 12:00:00,285.06342
1991-02-25 12:00:00,284.75366
1991-02-26 12:00:00,284.24542
1991-02-27 12:00:00,283.75388
1991-02-28 12:00:00,283.4612
1991-02-29 12:00:00,284.04004
1991-02-30 12:00:00,284.78778
1991-03-01 12:00:00,284.55023
1991-03-02 12:00:00,284.62714
1991-03-03 12:00:00,284.90726
1991-03-04 12:00:00,285.43808
1991-03-05 12:00:00,284.11047
1991-03-06 12:00:00,283.31174
1991-03-07 12:00:00,283.23145
1991-03-08 12:00:00,281.94745
1991-03-09 12:00:00,282.71954
1991-03-10 12:00:00,284.63434
1991-03-11 12:00:00,284.10037
1991-03-12 12:00:00,283.9487
1991-03-13 12:00:00,283.80203
1991-03-14 12:00:00,283.67374
1991-03-15 12:00:00,283.29562
1991-03-16 12:00:00,283.7078
1991-03-17 12:00:00,283.90082
1991-03-18 12:00:00,284.7159
1991-03-19 12:00:00,285.33102
1991-03-20 12:00:00,286.0147
1991-03-21 12:00:00,286.5803
1991-03-22 12:00:00,286.97876
1991-03-23 12:00:00,285.96753
1991-03-24 12:00:00,285.6109
1991-03-25 12:00:00,286.4267
1991-03-26 12:00:00,285.9517
1991-03-27 12:00:00,285.27014
1991-03-28 12:00:00,286.07233
1991-03-29 12:00:00,285.97662
1991-03-30 12:00:00,285.26413
1991-04-01 12:00:00,288.0496
1991-04-02 12:00:00,286.36472
1991-04-03 12:00:00,288.0312
1991-04-04 12:00:00,285.77878
1991-04-05 12:00:00,286.16165
1991-04-06 12:00:00,285.6322
1991-04-07 12:00:00,286.13303
1991-04-08 12:00:00,284.9044
1991-04-09 12:00:00,284.64667
1991-04-10 12:00:00,283.57544
1991-04-11 12:00:00,285.64688
1991-04-12 12:00:00,286.13916
1991-04-13 12:00:00,286.07663
1991-04-14 12:00:00,285.36282
1991-04-15 12:00:00,286.81476
1991-04-16 12:00:00,286.12524
1991-04-17 12:00:00,286.63428
1991-04-18 12:00:00,286.58493
1991-04-19 12:00:00,287.44073
1991-04-20 12:00:00,287.2264
1991-04-21 12:00:00,290.13092
1991-04-22 12:00:00,288.9572
1991-04-23 12:00:00,288.11893
1991-04-24 12:00:00,287.1687
1991-04-25 12:00:00,287.6286
1991-04-26 12:00:00,286.32874
1991-04-27 12:00:00,286.20248
1991-04-28 12:00:00,289.1149
1991-04-29 12:00:00,289.41443
1991-04-30 12:00:00,290.81665
1991-05-01 12:00:00,289.99118
1991-05-02 12:00:00,289.6063
1991-05-03 12:00:00,289.34827
1991-05-04 12:00:00,290.5228
1991-05-05 12:00:00,289.67102
1991-05-06 12:00:00,289.9548
1991-05-07 12:00:00,289.35452
1991-05-08 12:00:00,286.49344
1991-05-09 12:00:00,286.503
1991-05-10 12:00:00,285.52304
1991-05-11 12:00:00,287.03857
1991-05-12 12:00:00,287.96735
1991-05-13 12:00:00,288.3839
1991-05-14 12:00:00,288.69156
1991-05-15 12:00:00,289.97437
1991-05-16 12:00:00,290.4578
1991-05-17 12:00:00,292.19623
1991-05-18 12:00:00,292.36627
1991-05-19 12:00:00,290.79977
1991-05-20 12:00:00,288.71698
1991-05-21 12:00:00,289.59506
1991-05-22 12:00:00,290.20685
1991-05-23 12:00:00,288.01083
1991-05-24 12:00:00,286.3276
1991-05-25 12:00:00,286.83575
1991-05-26 12:00:00,288.24307
1991-05-27 12:00:00,289.91876
1991-05-28 12:00:00,290.34958
1991-05-29 12:00:00,287.40787
1991-05-30 12:00:00,286.7849
1991-06-01 12:00:00,288.90305
1991-06-02 12:00:00,289.4264
1991-06-03 12:00:00,288.8197
1991-06-04 12:00:00,288.9027
1991-06-05 12:00:00,290.65918
1991-06-06 12:00:00,288.47647
1991-06-07 12:00:00,289.96857
1991-06-08 12:00:00,290.04858
1991-06-09 12:00:00,289.997
1991-06-10 12:00:00,291.20755
1991-06-11 12:00:00,292.02838
1991-06-12 12:00:00,290.23456
1991-06-13 12:00:00,290.08075
1991-06-14 12:00:00,291.18198
1991-06-15 12:00:00,292.88092
1991-06-16 12:00:00,291.7704
1991-06-17 12:00:00,292.73267
1991-06-18 12:00:00,292.55038
1991-06-19 12:00:00,294.18823
1991-06-20 12:00:00,293.9751
1991-06-21 12:00:00,294.5594
1991-06-22 12:00:00,294.96072
1991-06-23 12:00:00,296.28958
1991-06-24 12:00:00,295.292
1991-06-25 12:00:00,295.65823
1991-06-26 12:00:00,295.8193
1991-06-27 12:00:00,295.43726
1991-06-28 12:00:00,297.3157
1991-06-29 12:00:00,295.6846
1991-06-30 12:00:00,295.6491
1991-07-01 12:00:00,298.0386
1991-07-02 12:00:00,296.524
1991-07-03 12:00:00,296.31955
1991-07-04 12:00:00,296.58878
1991-07-05 12:00:00,297.1752
1991-07-06 12:00:00,296.76013
1991-07-07 12:00:00,296.89478
1991-07-08 12:00:00,298.20383
1991-07-09 12:00:00,298.08005
1991-07-10 12:00:00,297.1879
1991-07-11 12:00:00,297.98547
1991-07-12 12:00:00,297.68335
1991-07-13 12:00:00,296.70038
1991-07-14 12:00:00,296.89514
1991-07-15 12:00:00,297.32468
1991-07-16 12:00:00,298.2708
1991-07-17 12:00:00,298.63724
1991-07-18 12:00:00,298.7045
1991-07-19 12:00:00,298.50708
1991-07-20 12:00:00,298.7922
1991-07-21 12:00:00,297.64825
1991-07-22 12:00:00,297.66135
1991-07-23 12:00:00,297.49896
1991-07-24 12:00:00,299.12833
1991-07-25 12:00:00,299.89566
1991-07-26 12:00:00,300.68262
1991-07-27 12:00:00,300.9377
1991-07-28 12:00:00,300.30478
1991-07-29 12:00:00,299.65912
1991-07-30 12:00:00,298.2002
1991-08-01 12:00:00,298.9394
1991-08-02 12:00:00,299.38162
1991-08-03 12:00:00,298.84564
1991-08-04 12:00:00,298.6455
1991-08-05 12:00:00,298.1925
1991-08-06 12:00:00,299.52347
1991-08-07 12:00:00,299.78058
1991-08-08 12:00:00,299.78137
1991-08-09 12:00:00,299.47855
1991-08-10 12:00:00,298.13983
1991-08-11 12:00:00,296.99594
1991-08-12 12:00:00,297.85443
1991-08-13 12:00:00,298.1189
1991-08-14 12:00:00,299.10992
1991-08-15 12:00:00,299.78555
1991-08-16 12:00:00,299.56964
1991-08-17 12:00:00,298.81537
1991-08-18 12:00:00,297.7426
1991-08-19 12:00:00,298.42215
1991-08-20 12:00:00,299.41882
1991-08-21 12:00:00,298.54697
1991-08-22 12:00:00,296.86288
1991-08-23 12:00:00,298.5302
1991-08-24 12:00:00,298.99884
1991-08-25 12:00:00,298.82953
1991-08-26 12:00:00,299.14417
1991-08-27 12:00:00,298.4853
1991-08-28 12:00:00,295.37088
1991-08-29 12:00:00,294.32294
1991-08-30 12:00:00,293.59882
1991-09-01 12:00:00,295.35043
1991-09-02 12:00:00,293.12305
1991-09-03 12:00:00,294.6573
1991-09-04 12:00:00,291.946
1991-09-05 12:00:00,292.05658
1991-09-06 12:00:00,293.36145
1991-09-07 12:00:00,295.00647
1991-09-08 12:00:00,295.4037
1991-09-09 12:00:00,296.0417
1991-09-10 12:00:00,295.6516
1991-09-11 12:00:00,295.4675
1991-09-12 12:00:00,295.46423
1991-09-13 12:00:00,295.36288
1991-09-14 12:00:00,294.53284
1991-09-15 12:00:00,294.1809
1991-09-16 12:00:00,293.6153
1991-09-17 12:00:00,292.00885
1991-09-18 12:00:00,294.20547
1991-09-19 12:00:00,294.5492
1991-09-20 12:00:00,294.01508
1991-09-21 12:00:00,293.96326
1991-09-22 12:00:00,292.67926
1991-09-23 12:00:00,292.85397
1991-09-24 12:00:00,292.77557
1991-09-25 12:00:00,291.42734
1991-09-26 12:00:00,290.41022
1991-09-27 12:00:00,288.70892
1991-09-28 12:00:00,288.85907
1991-09-29 12:00:00,290.75516
1991-09-30 12:00:00,290.90338
1991-10-01 12:00:00,293.1531
1991-10-02 12:00:00,293.9167
1991-10-03 12:00:00,291.4689
1991-10-04 12:00:00,288.98712
1991-10-05 12:00:00,289.62405
1991-10-06 12:00:00,288.49695
1991-10-07 12:00:00,287.7634
1991-10-08 12:00:00,287.24152
1991-10-09 12:00:00,287.82794
1991-10-10 12:00:00,287.98163
1991-10-11 12:00:00,288.4399
1991-10-12 12:00:00,288.53482
1991-10-13 12:00:00,289.23694
1991-10-14 12:00:00,290.17224
1991-10-15 12:00:00,290.201
1991-10-16 12:00:00,289.99335
1991-10-17 12:00:00,291.39774
1991-10-18 12:00:00,291.70865
1991-10-19 12:00:00,291.54376
1991-10-20 12:00:00,291.0545
1991-10-21 12:00:00,291.42728
1991-10-22 12:00:00,288.62384
1991-10-23 12:00:00,287.84583
1991-10-24 12:00:00,287.06863
1991-10-25 12:00:00,286.44095
1991-10-26 12:00:00,288.55115
1991-10-27 12:00:00,287.2172
1991-10-28 12:00:00,285.00452
1991-10-29 12:00:00,283.6944
1991-10-30 12:00:00,286.01752
1991-11-01 12:00:00,286.48654
1991-11-02 12:00:00,285.39572
1991-11-03 12:00:00,285.96213
1991-11-04 12:00:00,285.20102
1991-11-05 12:00:00,284.01022
1991-11-06 12:00:00,280.06296
1991-11-07 12:00:00,280.86505
1991-11-08 12:00:00,282.7322
1991-11-09 12:00:00,287.69183
1991-11-10 12:00:00,285.93307
1991-11-11 12:00:00,284.86462
1991-11-12 12:00:00,288.04153
1991-11-13 12:00:00,288.80853
1991-11-14 12:00:00,287.38226
1991-11-15 12:00:00,289.60394
1991-11-16 12:00:00,284.4131
1991-11-17 12:00:00,284.43393
1991-11-18 12:00:00,283.94278
1991-11-19 12:00:00,279.58914
1991-11-20 12:00:00,280.8135
1991-11-21 12:00:00,283.09732
1991-11-22 12:00:00,283.6942
1991-11-23 12:00:00,282.13123
1991-11-24 12:00:00,282.69177
1991-11-25 12:00:00,282.3396
1991-11-26 12:00:00,282.47287
1991-11-27 12:00:00,283.21796
1991-11-28 12:00:00,283.02942
1991-11-29 12:00:00,284.75006
1991-11-30 12:00:00,284.57855
1991-12-01 12:00:00,283.62766
1991-12-02 12:00:00,282.60425
1991-12-03 12:00:00,282.63556
1991-12-04 12:00:00,282.79117
1991-12-05 12:00:00,283.0368
1991-12-06 12:00:00,283.1175
1991-12-07 12:00:00,282.35468
1991-12-08 12:00:00,279.27292
1991-12-09 12:00:00,277.36984
1991-12-10 12:00:00,277.3256
1991-12-11 12:00:00,279.9055
1991-12-12 12:00:00,281.84485
1991-12-13 12:00:00,281.8816
1991-12-14 12:00:00,281.09985
1991-12-15 12:00:00,280.73822
1991-12-16 12:00:00,282.67957
1991-12-17 12:00:00,283.37097
1991-12-18 12:00:00,282.6363
1991-12-19 12:00:00,281.75214
1991-12-20 12:00:00,282.0947
1991-12-21 12:00:00,284.33133
1991-12-22 12:00:00,282.82053
1991-12-23 12:00:00,282.2441
1991-12-24 12:00:00,281.26602
1991-12-25 12:00:00,277.26627
1991-12-26 12:00:00,274.92606
1991-12-27 12:00:00,275.8387
1991-12-28 12:00:00,277.27878
1991-12-29 12:00:00,278.26236
1991-12-30 12:00:00,279.8471
1992-01-01 12:00:00,282.07578
1992-01-02 12:00:00,281.1687
1992-01-03 12:00:00,281.68942
1992-01-04 12:00:00,282.98267
1992-01-05 12:00:00,284.69785
1992-01-06 12:00:00,285.09912
1992-01-07 12:00:00,283.8126
1992-01-08 12:00:00,284.71613
1992-01-09 12:00:00,283.21814
1992-01-10 12:00:00,283.5981
1992-01-11 12:00:00,283.7073
1992-01-12 12:00:00,283.99512
1992-01-13 12:00:00,282.316
1992-01-14 12:00:00,281.3476
1992-01-15 12:00:00,282.04514
1992-01-16 12:00:00,284.1828
1992-01-17 12:00:00,282.55804
1992-01-18 12:00:00,282.59393
1992-01-19 12:00:00,283.0208
1992-01-20 12:00:00,283.97293
1992-01-21 12:00:00,284.4337
1992-01-22 12:00:00,285.4849
1992-01-23 12:00:00,285.4067
1992-01-24 12:00:00,283.36234
1992-01-25 12:00:00,283.05118
1992-01-26 12:00:00,284.4605
1992-01-27 12:00:00,285.84982
1992-01-28 12:00:00,282.93375
1992-01-29 12:00:00,282.93628
1992-01-30 12:00:00,282.82373
1992-02-01 12:00:00,286.90604
1992-02-02 12:00:00,282.85175
1992-02-03 12:00:00,282.1735
1992-02-04 12:00:00,282.88684
1992-02-05 12:00:00,283.16046
1992-02-06 12:00:00,283.1723
1992-02-07 12:00:00,283.47424
1992-02-08 12:00:00,281.94305
1992-02-09 12:00:00,280.7286
1992-02-10 12:00:00,279.76266
1992-02-11 12:00:00,280.25076
1992-02-12 12:00:00,281.2794
1992-02-13 12:00:00,280.9971
1992-02-14 12:00:00,280.7769
1992-02-15 12:00:00,280.35748
1992-02-16 12:00:00,282.52264
1992-02-17 12:00:00,283.8912
1992-02-18 12:00:00,282.05658
1992-02-19 12:00:00,278.43
1992-02-20 12:00:00,276.16266
1992-02-21 12:00:00,279.84305
1992-02-22 12:00:00,280.19638
1992-02-23 12:00:00,281.25128
1992-02-24 12:00:00,281.95712
1992-02-25 12:00:00,282.08118
1992-02-26 12:00:00,282.1148
1992-02-27 12:00:00,281.5557
1992-02-28 12:00:00,281.92267
1992-02-29 12:00:00,281.72504
1992-02-30 12:00:00,281.96124
1992-03-01 12:00:00,283.2847
1992-03-02 12:00:00,283.08765
1992-03-03 12:00:00,284.68616
1992-03-04 12:00:00,284.7766
1992-03-05 12:00:00,285.35922
1992-03-06 12:00:00,284.7695
1992-03-07 12:00:00,285.99774
1992-03-08 12:00:00,285.00336
1992-03-09 12:00:00,283.9135
1992-03-10 12:00:00,285.38696
1992-03-11 12:00:00,285.6132
1992-03-12 12:00:00,286.67188
1992-03-13 12:00:00,285.65912
1992-03-14 12:00:00,283.9773
1992-03-15 12:00:00,282.62088
1992-03-16 12:00:00,283.52484
1992-03-17 12:00:00,284.54523
1992-03-18 12:00:00,285.64435
1992-03-19 12:00:00,283.54327
1992-03-20 12:00:00,281.95563
1992-03-21 12:00:00,282.27957
1992-03-22 12:00:00,280.43274
1992-03-23 12:00:00,282.46967
1992-03-24 12:00:00,284.1783
1992-03-25 12:00:00,283.6336
1992-03-26 12:00:00,283.81583
1992-03-27 12:00:00,281.3185
1992-03-28 12:00:00,283.5901
1992-03-29 12:00:00,284.31805
1992-03-30 12:00:00,280.57303
1992-04-01 12:00:00,279.61865
1992-04-02 12:00:00,280.46243
1992-04-03 12:00:00,281.62875
1992-04-04 12:00:00,282.8529
1992-04-05 12:00:00,283.54785
1992-04-06 12:00:00,283.5741
1992-04-07 12:00:00,283.75507
1992-04-08 12:00:00,285.22894
1992-04-09 12:00:00,285.0876
1992-04-10 12:00:00,285.3487
1992-04-11 12:00:00,285.15707
1992-04-12 12:00:00,285.96292
1992-04-13 12:00:00,287.82117
1992-04-14 12:00:00,287.38547
1992-04-15 12:00:00,286.33145
1992-04-16 12:00:00,287.6564
1992-04-17 12:00:00,286.41385
1992-04-18 12:00:00,286.77975
1992-04-19 12:00:00,286.93854
1992-04-20 12:00:00,287.08054
1992-04-21 12:00:00,286.2348
1992-04-22 12:00:00,285.92868
1992-04-23 12:00:00,285.3449
1992-04-24 12:00:00,287.69608
1992-04-25 12:00:00,288.56348
1992-04-26 12:00:00,287.75803
1992-04-27 12:00:00,286.87466
1992-04-28 12:00:00,283.73904
1992-04-29 12:00:00,285.2542
1992-04-30 12:00:00,287.25653
1992-05-01 12:00:00,287.3831
1992-05-02 12:00:00,288.1078
1992-05-03 12:00:00,287.33765
1992-05-04 12:00:00,286.97864
1992-05-05 12:00:00,287.8265
1992-05-06 12:00:00,288.21716
1992-05-07 12:00:00,287.8615
1992-05-08 12:00:00,287.17047
1992-05-09 12:00:00,289.52734
1992-05-10 12:00:00,291.36218
1992-05-11 12:00:00,291.2801
1992-05-12 12:00:00,290.8969
1992-05-13 12:00:00,290.3486
1992-05-14 12:00:00,289.62817
1992-05-15 12:00:00,289.92422
1992-05-16 12:00:00,289.3506
1992-05-17 12:00:00,289.85413
1992-05-18 12:00:00,290.9721
1992-05-19 12:00:00,290.42105
1992-05-20 12:00:00,290.31522
1992-05-21 12:00:00,290.2324
1992-05-22 12:00:00,290.67358
1992-05-23 12:00:00,291.73767
1992-05-24 12:00:00,292.65854
1992-05-25 12:00:00,294.3638
1992-05-26 12:00:00,294.42126
1992-05-27 12:00:00,291.74332
1992-05-28 12:00:00,292.0009
1992-05-29 12:00:00,293.02615
1992-05-30 12:00:00,292.71765
1992-06-01 12:00:00,293.26028
1992-06-02 12:00:00,292.5611
1992-06-03 12:00:00,292.41754
1992-06-04 12:00:00,291.84967
1992-06-05 12:00:00,291.98334
1992-06-06 12:00:00,292.75473
1992-06-07 12:00:00,293.01416
1992-06-08 12:00:00,293.23746
1992-06-09 12:00:00,294.52798
1992-06-10 12:00:00,295.31168
1992-06-11 12:00:00,295.06598
1992-06-12 12:00:00,294.80414
1992-06-13 12:00:00,294.5278
1992-06-14 12:00:00,295.1792
1992-06-15 12:00:00,295.03937
1992-06-16 12:00:00,294.9255
1992-06-17 12:00:00,296.11868
1992-06-18 12:00:00,296.05704
1992-06-19 12:00:00,295.8674
1992-06-20 12:00:00,295.25177
1992-06-21 12:00:00,293.73865
1992-06-22 12:00:00,295.135
1992-06-23 12:00:00,295.47736
1992-06-24 12:00:00,295.75064
1992-06-25 12:00:00,295.9044
1992-06-26 12:00:00,295.68652
1992-06-27 12:00:00,295.95078
1992-06-28 12:00:00,297.03305
1992-06-29 12:00:00,297.4308
1992-06-30 12:00:00,297.1104
1992-07-01 12:00:00,297.79486
1992-07-02 12:00:00,298.92487
1992-07-03 12:00:00,298.7185
1992-07-04 12:00:00,298.57642
1992-07-05 12:00:00,299.07327
1992-07-06 12:00:00,300.16614
1992-07-07 12:00:00,298.78583
1992-07-08 12:00:00,297.21878
1992-07-09 12:00:00,297.59778
1992-07-10 12:00:00,298.7681
1992-07-11 12:00:00,300.26318
1992-07-12 12:00:00,296.54208
1992-07-13 12:00:00,297.4912
1992-07-14 12:00:00,298.70862
1992-07-15 12:00:00,297.6276
1992-07-16 12:00:00,297.52094
1992-07-17 12:00:00,298.18353
1992-07-18 12:00:00,298.2368
1992-07-19 12:00:00,298.0033
1992-07-20 12:00:00,295.61163
1992-07-21 12:00:00,297.23343
1992-07-22 12:00:00,298.7894
1992-07-23 12:00:00,298.4287
1992-07-24 12:00:00,299.35468
1992-07-25 12:00:00,300.53033
1992-07-26 12:00:00,300.13312
1992-07-27 12:00:00,301.39944
1992-07-28 12:00:00,300.68073
1992-07-29 12:00:00,300.7439
1992-07-30 12:00:00,300.6031
1992-08-01 12:00:00,300.4892
1992-08-02 12:00:00,300.20367
1992-08-03 12:00:00,301.66223
1992-08-04 12:00:00,302.4058
1992-08-05 12:00:00,301.91153
1992-08-06 12:00:00,301.1581
1992-08-07 12:00:00,301.1639
1992-08-08 12:00:00,301.45764
1992-08-09 12:00:00,300.54437
1992-08-10 12:00:00,300.6704
1992-08-11 12:00:00,300.06415
1992-08-12 12:00:00,299.94724
1992-08-13 12:00:00,300.52676
1992-08-14 12:00:00,301.1814
1992-08-15 12:00:00,301.18018
1992-08-16 12:00:00,300.9141
1992-08-17 12:00:00,300.20825
1992-08-18 12:00:00,299.27972
1992-08-19 12:00:00,298.24515
1992-08-20 12:00:00,298.75623
1992-08-21 12:00:00,299.31976
1992-08-22 12:00:00,298.4279
1992-08-23 12:00:00,298.04984
1992-08-24 12:00:00,294.81076
1992-08-25 12:00:00,295.888
1992-08-26 12:00:00,293.72974
1992-08-27 12:00:00,291.29947
1992-08-28 12:00:00,293.38632
1992-08-29 12:00:00,296.28076
1992-08-30 12:00:00,295.6355
1992-09-01 12:00:00,293.6239
1992-09-02 12:00:00,294.2912
1992-09-03 12:00:00,297.5351
1992-09-04 12:00:00,292.1199
1992-09-05 12:00:00,293.2212
1992-09-06 12:00:00,293.8694
1992-09-07 12:00:00,294.7803
1992-09-08 12:00:00,295.09576
1992-09-09 12:00:00,292.9352
1992-09-10 12:00:00,292.70862
1992-09-11 12:00:00,293.12964
1992-09-12 12:00:00,292.70886
1992-09-13 12:00:00,292.71204
1992-09-14 12:00:00,293.78656
1992-09-15 12:00:00,294.58063
1992-09-16 12:00:00,293.6098
1992-09-17 12:00:00,295.2829
1992-09-18 12:00:00,293.20004
1992-09-19 12:00:00,292.02005
1992-09-20 12:00:00,292.9281
1992-09-21 12:00:00,294.48495
1992-09-22 12:00:00,294.7237
1992-09-23 12:00:00,294.44034
1992-09-24 12:00:00,293.9705
1992-09-25 12:00:00,293.51425
1992-09-26 12:00:00,292.98157
1992-09-27 12:00:00,293.49173
1992-09-28 12:00:00,293.50952
1992-09-29 12:00:00,293.71268
1992-09-30 12:00:00,293.33347
1992-10-01 12:00:00,292.88766
1992-10-02 12:00:00,293.31445
1992-10-03 12:00:00,292.91107
1992-10-04 12:00:00,292.98138
1992-10-05 12:00:00,292.80267
1992-10-06 12:00:00,292.87946
1992-10-07 12:00:00,293.07748
1992-10-08 12:00:00,292.56348
1992-10-09 12:00:00,293.29172
1992-10-10 12:00:00,292.92252
1992-10-11 12:00:00,292.59457
1992-10-12 12:00:00,292.3304
1992-10-13 12:00:00,290.4449
1992-10-14 12:00:00,288.97296
1992-10-15 12:00:00,291.50174
1992-10-16 12:00:00,290.6002
1992-10-17 12:00:00,289.40552
1992-10-18 12:00:00,287.79257
1992-10-19 12:00:00,288.79755
1992-10-20 12:00:00,289.04868
1992-10-21 12:00:00,289.54846
1992-10-22 12:00:00,288.8724
1992-10-23 12:00:00,289.06714
1992-10-24 12:00:00,287.57953
1992-10-25 12:00:00,285.66373
1992-10-26 12:00:00,284.4885
1992-10-27 12:00:00,283.9949
1992-10-28 12:00:00,284.2645
1992-10-29 12:00:00,284.27435
1992-10-30 12:00:00,285.17157
1992-11-01 12:00:00,285.7865
1992-11-02 12:00:00,286.29327
1992-11-03 12:00:00,286.9217
1992-11-04 12:00:00,286.9055
1992-11-05 12:00:00,288.07138
1992-11-06 12:00:00,287.55624
1992-11-07 12:00:00,286.41083
1992-11-08 12:00:00,286.72296
1992-11-09 12:00:00,287.21606
1992-11-10 12:00:00,286.61322
1992-11-11 12:00:00,287.96674
1992-11-12 12:00:00,289.65143
1992-11-13 12:00:00,289.5631
1992-11-14 12:00:00,288.2715
1992-11-15 12:00:00,287.4291
1992-11-16 12:00:00,286.67114
1992-11-17 12:00:00,286.1345
1992-11-18 12:00:00,287.5304
1992-11-19 12:00:00,287.13855
1992-11-20 12:00:00,286.21152
1992-11-21 12:00:00,288.2082
1992-11-22 12:00:00,287.28674
1992-11-23 12:00:00,286.76
1992-11-24 12:00:00,288.5786
1992-11-25 12:00:00,287.9624
1992-11-26 12:00:00,285.50165
1992-11-27 12:00:00,283.64822
1992-11-28 12:00:00,280.49097
1992-11-29 12:00:00,276.87582
1992-11-30 12:00:00,276.0701
1992-12-01 12:00:00,276.72922
1992-12-02 12:00:00,278.50797
1992-12-03 12:00:00,280.3489
1992-12-04 12:00:00,281.4743
1992-12-05 12:00:00,282.68594
1992-12-06 12:00:00,283.0586
1992-12-07 12:00:00,283.50238
1992-12-08 12:00:00,282.04413
1992-12-09 12:00:00,281.44482
1992-12-10 12:00:00,283.26175
1992-12-11 12:00:00,282.39377
1992-12-12 12:00:00,283.63165
1992-12-13 12:00:00,284.67114
1992-12-14 12:00:00,283.05634
1992-12-15 12:00:00,281.41693
1992-12-16 12:00:00,279.91675
1992-12-17 12:00:00,281.44775
1992-12-18 12:00:00,282.5556
1992-12-19 12:00:00,282.0454
1992-12-20 12:00:00,281.43375
1992-12-21 12:00:00,283.43475
1992-12-22 12:00:00,282.97888
1992-12-23 12:00:00,282.66907
1992-12-24 12:00:00,283.19965
1992-12-25 12:00:00,281.60257
1992-12-26 12:00:00,282.74942
1992-12-27 12:00:00,284.69052
1992-12-28 12:00:00,282.77722
1992-12-29 12:00:00,281.05606
1992-12-30 12:00:00,280.5434
1993-01-01 12:00:00,279.9864
1993-01-02 12:00:00,279.05243
1993-01-03 12:00:00,280.59027
1993-01-04 12:00:00,279.79523
1993-01-05 12:00:00,279.2021
1993-01-06 12:00:00,279.37183
1993-01-07 12:00:00,281.53476
1993-01-08 12:00:00,278.43842
1993-01-09 12:00:00,278.56073
1993-01-10 12:00:00,278.05548
1993-01-11 12:00:00,276.6544
1993-01-12 12:00:00,277.98172
1993-01-13 12:00:00,278.1159
1993-01-14 12:00:00,278.43408
1993-01-15 12:00:00,281.17172
1993-01-16 12:00:00,281.57864
1993-01-17 12:00:00,280.8303
1993-01-18 12:00:00,282.00455
1993-01-19 12:00:00,282.49255
1993-01-20 12:00:00,282.05084
1993-01-21 12:00:00,280.5799
1993-01-22 12:00:00,278.6943
1993-01-23 12:00:00,278.2656
1993-01-24 12:00:00,279.6667
1993-01-25 12:00:00,281.9945
1993-01-26 12:00:00,281.1087
1993-01-27 12:00:00,281.2048
1993-01-28 12:00:00,281.1629
1993-01-29 12:00:00,282.2661
1993-01-30 12:00:00,281.22314
1993-02-01 12:00:00,280.81247
1993-02-02 12:00:00,278.99905
1993-02-03 12:00:00,280.49808
1993-02-04 12:00:00,278.95593
1993-02-05 12:00:00,277.99933
1993-02-06 12:00:00,277.20493
1993-02-07 12:00:00,276.4635
1993-02-08 12:00:00,277.61047
1993-02-09 12:00:00,279.47528
1993-02-10 12:00:00,279.8839
1993-02-11 12:00:00,281.59198
1993-02-12 12:00:00,281.55557
1993-02-13 12:00:00,279.2631
1993-02-14 12:00:00,277.86078
1993-02-15 12:00:00,279.15912
1993-02-16 12:00:00,280.6304
1993-02-17 12:00:00,279.60205
1993-02-18 12:00:00,281.0407
1993-02-19 12:00:00,281.42462
1993-02-20 12:00:00,280.09366
1993-02-21 12:00:00,281.62744
1993-02-22 12:00:00,282.39703
1993-02-23 12:00:00,279.48813
1993-02-24 12:00:00,279.47467
1993-02-25 12:00:00,280.99475
1993-02-26 12:00:00,281.60745
1993-02-27 12:00:00,280.79413
1993-02-28 12:00:00,281.45752
1993-02-29 12:00:00,281.82974
1993-02-30 12:00:00,281.53873
1993-03-01 12:00:00,279.72937
1993-03-02 12:00:00,280.40762
1993-03-03 12:00:00,279.8066
1993-03-04 12:00:00,279.80023
1993-03-05 12:00:00,283.45728
1993-03-06 12:00:00,284.1836
1993-03-07 12:00:00,285.53265
1993-03-08 12:00:00,284.91583
1993-03-09 12:00:00,284.72247
1993-03-10 12:00:00,283.07867
1993-03-11 12:00:00,282.6295
1993-03-12 12:00:00,284.172
1993-03-13 12:00:00,284.87665
1993-03-14 12:00:00,285.3095
1993-03-15 12:00:00,284.44397
1993-03-16 12:00:00,284.44424
1993-03-17 12:00:00,285.22943
1993-03-18 12:00:00,285.60406
1993-03-19 12:00:00,285.10944
1993-03-20 12:00:00,284.42938
1993-03-21 12:00:00,285.0755
1993-03-22 12:00:00,282.43466
1993-03-23 12:00:00,282.07166
1993-03-24 12:00:00,283.9452
1993-03-25 12:00:00,285.75308
1993-03-26 12:00:00,286.84857
1993-03-27 12:00:00,286.76074
1993-03-28 12:00:00,285.3932
1993-03-29 12:00:00,285.11798
1993-03-30 12:00:00,284.3183
1993-04-01 12:00:00,283.74942
1993-04-02 12:00:00,286.9804
1993-04-03 12:00:00,286.09015
1993-04-04 12:00:00,285.35352
1993-04-05 12:00:00,283.94345
1993-04-06 12:00:00,281.76776
1993-04-07 12:00:00,282.72247
1993-04-08 12:00:00,282.46494
1993-04-09 12:00:00,284.03824
1993-04-10 12:00:00,282.07852
1993-04-11 12:00:00,283.5815
1993-04-12 12:00:00,283.70288
1993-04-13 12:00:00,285.2222
1993-04-14 12:00:00,285.63492
1993-04-15 12:00:00,282.5249
1993-04-16 12:00:00,282.22238
1993-04-17 12:00:00,283.1342
1993-04-18 12:00:00,283.3013
1993-04-19 12:00:00,283.21487
1993-04-20 12:00:00,282.89276
1993-04-21 12:00:00,283.94873
1993-04-22 12:00:00,283.44904
1993-04-23 12:00:00,284.06458
1993-04-24 12:00:00,284.24173
1993-04-25 12:00:00,285.846
1993-04-26 12:00:00,287.65967
1993-04-27 12:00:00,289.03314
1993-04-28 12:00:00,289.05652
1993-04-29 12:00:00,287.96756
1993-04-30 12:00:00,288.02457
1993-05-01 12:00:00,288.70264
1993-05-02 12:00:00,287.68903
1993-05-03 12:00:00,288.76645
1993-05-04 12:00:00,288.8199
1993-05-05 12:00:00,289.8668
1993-05-06 12:00:00,289.45847
1993-05-07 12:00:00,289.62866
1993-05-08 12:00:00,289.86237
1993-05-09 12:00:00,289.8778
1993-05-10 12:00:00,291.13223
1993-05-11 12:00:00,290.60873
1993-05-12 12:00:00,291.15732
1993-05-13 12:00:00,291.31165
1993-05-14 12:00:00,291.41522
1993-05-15 12:00:00,290.51944
1993-05-16 12:00:00,289.92163
1993-05-17 12:00:00,290.3856
1993-05-18 12:00:00,290.84464
1993-05-19 12:00:00,291.29047
1993-05-20 12:00:00,290.74893
1993-05-21 12:00:00,290.85458
1993-05-22 12:00:00,291.2677
1993-05-23 12:00:00,291.71872
1993-05-24 12:00:00,291.99667
1993-05-25 12:00:00,292.62524
1993-05-26 12:00:00,293.17288
1993-05-27 12:00:00,293.54724
1993-05-28 12:00:00,294.31052
1993-05-29 12:00:00,293.9268
1993-05-30 12:00:00,292.08344
1993-06-01 12:00:00,291.69998
1993-06-02 12:00:00,292.31146
1993-06-03 12:00:00,292.76266
1993-06-04 12:00:00,293.35577
1993-06-05 12:00:00,293.1734
1993-06-06 12:00:00,292.91635
1993-06-07 12:00:00,293.9159
1993-06-08 12:00:00,293.8144
1993-06-09 12:00:00,292.2307
1993-06-10 12:00:00,290.44455
1993-06-11 12:00:00,291.94318
1993-06-12 12:00:00,293.66153
1993-06-13 12:00:00,292.65085
1993-06-14 12:00:00,293.5817
1993-06-15 12:00:00,294.18613
1993-06-16 12:00:00,293.74896
1993-06-17 12:00:00,293.3393
1993-06-18 12:00:00,292.6995
1993-06-19 12:00:00,294.94275
1993-06-20 12:00:00,295.08902
1993-06-21 12:00:00,294.75348
1993-06-22 12:00:00,295.81363
1993-06-23 12:00:00,295.08923
1993-06-24 12:00:00,295.72763
1993-06-25 12:00:00,296.71884
1993-06-26 12:00:00,296.1326
1993-06-27 12:00:00,295.96466
1993-06-28 12:00:00,295.6112
1993-06-29 12:00:00,295.7962
1993-06-30 12:00:00,297.06882
1993-07-01 12:00:00,296.1977
1993-07-02 12:00:00,296.8696
1993-07-03 12:00:00,296.77264
1993-07-04 12:00:00,296.26776
1993-07-05 12:00:00,297.23087
1993-07-06 12:00:00,297.5432
1993-07-07 12:00:00,297.29004
1993-07-08 12:00:00,297.4287
1993-07-09 12:00:00,297.59903
1993-07-10 12:00:00,298.04852
1993-07-11 12:00:00,298.32138
1993-07-12 12:00:00,297.9605
1993-07-13 12:00:00,298.76532
1993-07-14 12:00:00,300.5418
1993-07-15 12:00:00,299.40146
1993-07-16 12:00:00,298.5143
1993-07-17 12:00:00,297.92273
1993-07-18 12:00:00,296.86783
1993-07-19 12:00:00,297.92715
1993-07-20 12:00:00,298.98746
1993-07-21 12:00:00,299.51987
1993-07-22 12:00:00,301.8406
1993-07-23 12:00:00,301.42322
1993-07-24 12:00:00,300.24435
1993-07-25 12:00:00,299.13428
1993-07-26 12:00:00,299.6414
1993-07-27 12:00:00,299.40207
1993-07-28 12:00:00,298.9576
1993-07-29 12:00:00,299.90494
1993-07-30 12:00:00,300.66626
1993-08-01 12:00:00,300.60898
1993-08-02 12:00:00,301.31375
1993-08-03 12:00:00,300.60724
1993-08-04 12:00:00,300.05905
1993-08-05 12:00:00,301.3837
1993-08-06 12:00:00,300.37967
1993-08-07 12:00:00,300.90283
1993-08-08 12:00:00,301.2619
1993-08-09 12:00:00,302.23615
1993-08-10 12:00:00,301.0363
1993-08-11 12:00:00,300.5678
1993-08-12 12:00:00,298.6192
1993-08-13 12:00:00,296.69638
1993-08-14 12:00:00,295.00568
1993-08-15 12:00:00,296.02835
1993-08-16 12:00:00,296.89227
1993-08-17 12:00:00,297.13034
1993-08-18 12:00:00,297.9657
1993-08-19 12:00:00,297.90808
1993-08-20 12:00:00,297.83588
1993-08-21 12:00:00,297.86856
1993-08-22 12:00:00,295.67297
1993-08-23 12:00:00,297.37
1993-08-24 12:00:00,298.19687
1993-08-25 12:00:00,297.8685
1993-08-26 12:00:00,298.41107
1993-08-27 12:00:00,298.8936
1993-08-28 12:00:00,299.11978
1993-08-29 12:00:00,298.46396
1993-08-30 12:00:00,299.44785
1993-09-01 12:00:00,297.23398
1993-09-02 12:00:00,297.86023
1993-09-03 12:00:00,297.39758
1993-09-04 12:00:00,297.6585
1993-09-05 12:00:00,297.7309
1993-09-06 12:00:00,296.47266
1993-09-07 12:00:00,296.72794
1993-09-08 12:00:00,298.63986
1993-09-09 12:00:00,295.63757
1993-09-10 12:00:00,294.3297
1993-09-11 12:00:00,294.2786
1993-09-12 12:00:00,295.523
1993-09-13 12:00:00,297.51517
1993-09-14 12:00:00,295.7228
1993-09-15 12:00:00,293.0775
1993-09-16 12:00:00,293.0943
1993-09-17 12:00:00,293.30475
1993-09-18 12:00:00,293.90662
1993-09-19 12:00:00,294.76544
1993-09-20 12:00:00,293.89536
1993-09-21 12:00:00,293.53708
1993-09-22 12:00:00,292.91376
1993-09-23 12:00:00,292.8761
1993-09-24 12:00:00,292.9986
1993-09-25 12:00:00,293.52295
1993-09-26 12:00:00,293.61618
1993-09-27 12:00:00,294.15125
1993-09-28 12:00:00,291.23477
1993-09-29 12:00:00,290.75098
1993-09-30 12:00:00,289.1038
1993-10-01 12:00:00,289.7187
1993-10-02 12:00:00,291.36725
1993-10-03 12:00:00,291.1354
1993-10-04 12:00:00,288.42514
1993-10-05 12:00:00,288.02393
1993-10-06 12:00:00,287.9643
1993-10-07 12:00:00,288.5764
1993-10-08 12:00:00,287.7546
1993-10-09 12:00:00,288.2379
1993-10-10 12:00:00,289.33508
1993-10-11 12:00:00,289.75598
1993-10-12 12:00:00,290.8492
1993-10-13 12:00:00,291.37805
1993-10-14 12:00:00,292.05515
1993-10-15 12:00:00,291.2279
1993-10-16 12:00:00,291.93497
1993-10-17 12:00:00,291.76535
1993-10-18 12:00:00,289.0757
1993-10-19 12:00:00,286.74472
1993-10-20 12:00:00,285.7355
1993-10-21 12:00:00,286.2761
1993-10-22 12:00:00,286.672
1993-10-23 12:00:00,286.86188
1993-10-24 12:00:00,287.94293
1993-10-25 12:00:00,288.85797
1993-10-26 12:00:00,289.6541
1993-10-27 12:00:00,291.89093
1993-10-28 12:00:00,289.25333
1993-10-29 12:00:00,289.3672
1993-10-30 12:00:00,288.25555
1993-11-01 12:00:00,287.23828
1993-11-02 12:00:00,285.3774
1993-11-03 12:00:00,286.44385
1993-11-04 12:00:00,289.31815
1993-11-05 12:00:00,288.75397
1993-11-06 12:00:00,287.52637
1993-11-07 12:00:00,287.49738
1993-11-08 12:00:00,287.6139
1993-11-09 12:00:00,285.85712
1993-11-10 12:00:00,284.90744
1993-11-11 12:00:00,284.8792
1993-11-12 12:00:00,284.43063
1993-11-13 12:00:00,284.36655
1993-11-14 12:00:00,284.78912
1993-11-15 12:00:00,284.25388
1993-11-16 12:00:00,284.90863
1993-11-17 12:00:00,284.9405
1993-11-18 12:00:00,284.87225
1993-11-19 12:00:00,285.8423
1993-11-20 12:00:00,287.3317
1993-11-21 12:00:00,287.98965
1993-11-22 12:00:00,285.98724
1993-11-23 12:00:00,284.78513
1993-11-24 12:00:00,284.15732
1993-11-25 12:00:00,284.18106
1993-11-26 12:00:00,284.983
1993-11-27 12:00:00,284.55115
1993-11-28 12:00:00,284.9946
1993-11-29 12:00:00,285.58218
1993-11-30 12:00:00,286.1699
1993-12-01 12:00:00,285.32538
1993-12-02 12:00:00,284.12033
1993-12-03 12:00:00,285.10376
1993-12-04 12:00:00,285.08316
1993-12-05 12:00:00,285.89343
1993-12-06 12:00:00,283.84247
1993-12-07 12:00:00,282.54242
1993-12-08 12:00:00,281.75732
1993-12-09 12:00:00,281.60745
1993-12-10 12:00:00,284.26938
1993-12-11 12:00:00,286.08313
1993-12-12 12:00:00,286.69876
1993-12-13 12:00:00,283.9357
1993-12-14 12:00:00,283.5372
1993-12-15 12:00:00,284.0871
1993-12-16 12:00:00,284.62628
1993-12-17 12:00:00,284.73114
1993-12-18 12:00:00,284.57034
1993-12-19 12:00:00,283.4921
1993-12-20 12:00:00,283.7834
1993-12-21 12:00:00,283.35846
1993-12-22 12:00:00,282.20746
1993-12-23 12:00:00,281.34442
1993-12-24 12:00:00,282.90436
1993-12-25 12:00:00,283.56244
1993-12-26 12:00:00,283.01007
1993-12-27 12:00:00,282.84668
1993-12-28 12:00:00,285.21008
1993-12-29 12:00:00,282.80576
1993-12-30 12:00:00,283.48175
1994-01-01 12:00:00,284.56448
1994-01-02 12:00:00,283.6635
1994-01-03 12:00:00,285.507
1994-01-04 12:00:00,286.0083
1994-01-05 12:00:00,285.5141
1994-01-06 12:00:00,283.49625
1994-01-07 12:00:00,284.12335
1994-01-08 12:00:00,285.3087
1994-01-09 12:00:00,285.84738
1994-01-10 12:00:00,284.36133
1994-01-11 12:00:00,283.96658
1994-01-12 12:00:00,284.91833
1994-01-13 12:00:00,283.94708
1994-01-14 12:00:00,283.1538
1994-01-15 12:00:00,282.54346
1994-01-16 12:00:00,281.13968
1994-01-17 12:00:00,280.75336
1994-01-18 12:00:00,281.7767
1994-01-19 12:00:00,280.93182
1994-01-20 12:00:00,281.0763
1994-01-21 12:00:00,281.20285
1994-01-22 12:00:00,282.8924
1994-01-23 12:00:00,282.1158
1994-01-24 12:00:00,281.11444
1994-01-25 12:00:00,280.8861
1994-01-26 12:00:00,282.51767
1994-01-27 12:00:00,282.7677
1994-01-28 12:00:00,282.82446
1994-01-29 12:00:00,284.67636
1994-01-30 12:00:00,284.80664
1994-02-01 12:00:00,283.91797
1994-02-02 12:00:00,281.89703
1994-02-03 12:00:00,283.15518
1994-02-04 12:00:00,281.57578
1994-02-05 12:00:00,283.84448
1994-02-06 12:00:00,282.5021
1994-02-07 12:00:00,282.4232
1994-02-08 12:00:00,281.3413
1994-02-09 12:00:00,281.88498
1994-02-10 12:00:00,282.60754
1994-02-11 12:00:00,284.94998
1994-02-12 12:00:00,286.78076
1994-02-13 12:00:00,285.43555
1994-02-14 12:00:00,285.1006
1994-02-15 12:00:00,286.94598
1994-02-16 12:00:00,285.06403
1994-02-17 12:00:00,284.02997
1994-02-18 12:00:00,284.5286
1994-02-19 12:00:00,283.5534
1994-02-20 12:00:00,284.21588
1994-02-21 12:00:00,283.31305
1994-02-22 12:00:00,282.01312
1994-02-23 12:00:00,281.77533
1994-02-24 12:00:00,284.20663
1994-02-25 12:00:00,285.35925
1994-02-26 12:00:00,285.25308
1994-02-27 12:00:00,284.2038
1994-02-28 12:00:00,284.21527
1994-02-29 12:00:00,282.3605
1994-02-30 12:00:00,281.19003
1994-03-01 12:00:00,281.71964
1994-03-02 12:00:00,279.49774
1994-03-03 12:00:00,279.21945
1994-03-04 12:00:00,279.5514
1994-03-05 12:00:00,280.4419
1994-03-06 12:00:00,282.68137
1994-03-07 12:00:00,283.27197
1994-03-08 12:00:00,284.33072
1994-03-09 12:00:00,284.41116
1994-03-10 12:00:00,284.17078
1994-03-11 12:00:00,283.29242
1994-03-12 12:00:00,284.93872
1994-03-13 12:00:00,285.23767
1994-03-14 12:00:00,284.2422
1994-03-15 12:00:00,281.54922
1994-03-16 12:00:00,282.65384
1994-03-17 12:00:00,282.98294
1994-03-18 12:00:00,283.4918
1994-03-19 12:00:00,280.35284
1994-03-20 12:00:00,283.6943
1994-03-21 12:00:00,283.70853
1994-03-22 12:00:00,285.57016
1994-03-23 12:00:00,286.4035
1994-03-24 12:00:00,287.16397
1994-03-25 12:00:00,286.60568
1994-03-26 12:00:00,284.08472
1994-03-27 12:00:00,282.815
1994-03-28 12:00:00,283.80414
1994-03-29 12:00:00,284.0193
1994-03-30 12:00:00,284.6663
1994-04-01 12:00:00,283.32056
1994-04-02 12:00:00,283.63574
1994-04-03 12:00:00,283.82816
1994-04-04 12:00:00,286.0405
1994-04-05 12:00:00,287.6071
1994-04-06 12:00:00,287.4132
1994-04-07 12:00:00,286.22275
1994-04-08 12:00:00,283.86957
1994-04-09 12:00:00,286.34525
1994-04-10 12:00:00,285.29242
1994-04-11 12:00:00,285.20932
1994-04-12 12:00:00,285.84717
1994-04-13 12:00:00,285.98505
1994-04-14 12:00:00,286.60126
1994-04-15 12:00:00,287.06693
1994-04-16 12:00:00,287.22458
1994-04-17 12:00:00,287.6234
1994-04-18 12:00:00,287.62283
1994-04-19 12:00:00,284.7103
1994-04-20 12:00:00,284.5416
1994-04-21 12:00:00,285.48315
1994-04-22 12:00:00,286.3248
1994-04-23 12:00:00,285.94186
1994-04-24 12:00:00,286.69888
1994-04-25 12:00:00,285.00626
1994-04-26 12:00:00,285.8357
1994-04-27 12:00:00,285.00943
1994-04-28 12:00:00,284.10324
1994-04-29 12:00:00,284.12378
1994-04-30 12:00:00,280.61603
1994-05-01 12:00:00,284.4271
1994-05-02 12:00:00,286.85788
1994-05-03 12:00:00,287.61465
1994-05-04 12:00:00,287.24106
1994-05-05 12:00:00,288.5135
1994-05-06 12:00:00,288.38318
1994-05-07 12:00:00,287.34097
1994-05-08 12:00:00,287.6563
1994-05-09 12:00:00,288.13223
1994-05-10 12:00:00,287.95557
1994-05-11 12:00:00,287.515
1994-05-12 12:00:00,288.19324
1994-05-13 12:00:00,288.36847
1994-05-14 12:00:00,286.7436
1994-05-15 12:00:00,287.25455
1994-05-16 12:00:00,289.21463
1994-05-17 12:00:00,289.5206
1994-05-18 12:00:00,288.64227
1994-05-19 12:00:00,288.39548
1994-05-20 12:00:00,289.07178
1994-05-21 12:00:00,288.9949
1994-05-22 12:00:00,289.9027
1994-05-23 12:00:00,289.33405
1994-05-24 12:00:00,288.80368
1994-05-25 12:00:00,289.42804
1994-05-26 12:00:00,289.25885
1994-05-27 12:00:00,288.95795
1994-05-28 12:00:00,289.57507
1994-05-29 12:00:00,289.80203
1994-05-30 12:00:00,290.17126
1994-06-01 12:00:00,290.8407
1994-06-02 12:00:00,291.19788
1994-06-03 12:00:00,291.00327
1994-06-04 12:00:00,293.13202
1994-06-05 12:00:00,294.37924
1994-06-06 12:00:00,295.1179
1994-06-07 12:00:00,294.7115
1994-06-08 12:00:00,294.68893
1994-06-09 12:00:00,294.6
1994-06-10 12:00:00,292.3923
1994-06-11 12:00:00,291.18503
1994-06-12 12:00:00,291.87167
1994-06-13 12:00:00,291.74
1994-06-14 12:00:00,291.77576
1994-06-15 12:00:00,292.5276
1994-06-16 12:00:00,292.72067
1994-06-17 12:00:00,293.4728
1994-06-18 12:00:00,293.31223
1994-06-19 12:00:00,292.8283
1994-06-20 12:00:00,292.44946
1994-06-21 12:00:00,292.63297
1994-06-22 12:00:00,293.24042
1994-06-23 12:00:00,293.90533
1994-06-24 12:00:00,294.18158
1994-06-25 12:00:00,294.60968
1994-06-26 12:00:00,294.8802
1994-06-27 12:00:00,295.339
1994-06-28 12:00:00,295.1368
1994-06-29 12:00:00,296.90366
1994-06-30 12:00:00,297.73276
1994-07-01 12:00:00,296.4249
1994-07-02 12:00:00,296.37277
1994-07-03 12:00:00,299.20505
1994-07-04 12:00:00,301.2403
1994-07-05 12:00:00,299.77658
1994-07-06 12:00:00,294.73303
1994-07-07 12:00:00,292.08853
1994-07-08 12:00:00,294.3963
1994-07-09 12:00:00,294.41824
1994-07-10 12:00:00,295.4
1994-07-11 12:00:00,294.10165
1994-07-12 12:00:00,295.38278
1994-07-13 12:00:00,294.95154
1994-07-14 12:00:00,295.4989
1994-07-15 12:00:00,295.59818
1994-07-16 12:00:00,295.73514
1994-07-17 12:00:00,296.2426
1994-07-18 12:00:00,297.33344
1994-07-19 12:00:00,297.3077
1994-07-20 12:00:00,297.6292
1994-07-21 12:00:00,298.1936
1994-07-22 12:00:00,295.8331
1994-07-23 12:00:00,297.3743
1994-07-24 12:00:00,297.758
1994-07-25 12:00:00,297.13013
1994-07-26 12:00:00,297.7457
1994-07-27 12:00:00,297.8794
1994-07-28 12:00:00,297.7677
1994-07-29 12:00:00,296.6631
1994-07-30 12:00:00,298.49686
1994-08-01 12:00:00,298.3647
1994-08-02 12:00:00,296.52814
1994-08-03 12:00:00,297.8591
1994-08-04 12:00:00,297.48166
1994-08-05 12:00:00,297.30466
1994-08-06 12:00:00,296.9292
1994-08-07 12:00:00,295.1296
1994-08-08 12:00:00,295.12643
1994-08-09 12:00:00,297.41403
1994-08-10 12:00:00,298.56348
1994-08-11 12:00:00,299.3208
1994-08-12 12:00:00,298.5252
1994-08-13 12:00:00,298.8499
1994-08-14 12:00:00,298.90207
1994-08-15 12:00:00,298.96072
1994-08-16 12:00:00,297.47443
1994-08-17 12:00:00,296.22983
1994-08-18 12:00:00,296.359
1994-08-19 12:00:00,297.58365
1994-08-20 12:00:00,298.32843
1994-08-21 12:00:00,297.8058
1994-08-22 12:00:00,296.92435
1994-08-23 12:00:00,293.7887
1994-08-24 12:00:00,292.8599
1994-08-25 12:00:00,295.0359
1994-08-26 12:00:00,295.59122
1994-08-27 12:00:00,293.54504
1994-08-28 12:00:00,292.91116
1994-08-29 12:00:00,294.46362
1994-08-30 12:00:00,294.20816
1994-09-01 12:00:00,294.31757
1994-09-02 12:00:00,295.04697
1994-09-03 12:00:00,295.8367
1994-09-04 12:00:00,295.24268
1994-09-05 12:00:00,295.3746
1994-09-06 12:00:00,295.55624
1994-09-07 12:00:00,292.31247
1994-09-08 12:00:00,293.65735
1994-09-09 12:00:00,293.9012
1994-09-10 12:00:00,293.7736
1994-09-11 12:00:00,293.81732
1994-09-12 12:00:00,293.82025
1994-09-13 12:00:00,293.92343
1994-09-14 12:00:00,294.49823
1994-09-15 12:00:00,295.3555
1994-09-16 12:00:00,295.1349
1994-09-17 12:00:00,295.27383
1994-09-18 12:00:00,294.82455
1994-09-19 12:00:00,293.43195
1994-09-20 12:00:00,290.01315
1994-09-21 12:00:00,291.1067
1994-09-22 12:00:00,292.054
1994-09-23 12:00:00,293.53967
1994-09-24 12:00:00,293.49127
1994-09-25 12:00:00,292.27805
1994-09-26 12:00:00,293.7902
1994-09-27 12:00:00,293.74802
1994-09-28 12:00:00,294.3304
1994-09-29 12:00:00,294.43198
1994-09-30 12:00:00,292.86703
1994-10-01 12:00:00,293.21167
1994-10-02 12:00:00,294.47858
1994-10-03 12:00:00,291.6578
1994-10-04 12:00:00,290.08072
1994-10-05 12:00:00,290.57843
1994-10-06 12:00:00,292.09604
1994-10-07 12:00:00,293.3732
1994-10-08 12:00:00,293.20337
1994-10-09 12:00:00,292.49567
1994-10-10 12:00:00,292.59833
1994-10-11 12:00:00,290.86172
1994-10-12 12:00:00,286.74527
1994-10-13 12:00:00,287.1809
1994-10-14 12:00:00,287.52844
1994-10-15 12:00:00,287.42828
1994-10-16 12:00:00,289.80426
1994-10-17 12:00:00,291.0561
1994-10-18 12:00:00,290.96558
1994-10-19 12:00:00,289.86426
1994-10-20 12:00:00,290.1141
1994-10-21 12:00:00,290.25275
1994-10-22 12:00:00,285.48892
1994-10-23 12:00:00,286.08096
1994-10-24 12:00:00,284.56555
1994-10-25 12:00:00,286.25583
1994-10-26 12:00:00,286.04773
1994-10-27 12:00:00,287.0283
1994-10-28 12:00:00,286.4514
1994-10-29 12:00:00,286.25983
1994-10-30 12:00:00,286.7271
1994-11-01 12:00:00,287.843
1994-11-02 12:00:00,288.2362
1994-11-03 12:00:00,287.3832
1994-11-04 12:00:00,286.95786
1994-11-05 12:00:00,290.1751
1994-11-06 12:00:00,289.21356
1994-11-07 12:00:00,289.58676
1994-11-08 12:00:00,287.65753
1994-11-09 12:00:00,286.65155
1994-11-10 12:00:00,286.724
1994-11-11 12:00:00,287.1476
1994-11-12 12:00:00,287.6692
1994-11-13 12:00:00,287.2741
1994-11-14 12:00:00,288.7273
1994-11-15 12:00:00,289.06735
1994-11-16 12:00:00,289.21576
1994-11-17 12:00:00,287.45074
1994-11-18 12:00:00,286.8695
1994-11-19 12:00:00,286.96884
1994-11-20 12:00:00,288.3412
1994-11-21 12:00:00,288.18265
1994-11-22 12:00:00,287.74805
1994-11-23 12:00:00,287.67276
1994-11-24 12:00:00,284.20435
1994-11-25 12:00:00,287.2909
1994-11-26 12:00:00,289.49158
1994-11-27 12:00:00,289.58774
1994-11-28 12:00:00,285.761
1994-11-29 12:00:00,284.11023
1994-11-30 12:00:00,283.3896
1994-12-01 12:00:00,284.2693
1994-12-02 12:00:00,284.8876
1994-12-03 12:00:00,284.28122
1994-12-04 12:00:00,285.895
1994-12-05 12:00:00,286.38663
1994-12-06 12:00:00,285.839
1994-12-07 12:00:00,284.57587
1994-12-08 12:00:00,286.2452
1994-12-09 12:00:00,286.5225
1994-12-10 12:00:00,284.77905
1994-12-11 12:00:00,283.62924
1994-12-12 12:00:00,284.1226
1994-12-13 12:00:00,283.96994
1994-12-14 12:00:00,282.83133
1994-12-15 12:00:00,283.82446
1994-12-16 12:00:00,283.30417
1994-12-17 12:00:00,283.10568
1994-12-18 12:00:00,283.70605
1994-12-19 12:00:00,283.61002
1994-12-20 12:00:00,284.05536
1994-12-21 12:00:00,283.51178
1994-12-22 12:00:00,282.58047
1994-12-23 12:00:00,282.23798
1994-12-24 12:00:00,279.2481
1994-12-25 12:00:00,279.33023
1994-12-26 12:00:00,280.4826
1994-12-27 12:00:00,280.4541
1994-12-28 12:00:00,284.02954
1994-12-29 12:00:00,284.85538
1994-12-30 12:00:00,285.8274
1995-01-01 12:00:00,284.77795
1995-01-02 12:00:00,284.24744
1995-01-03 12:00:00,284.54083
1995-01-04 12:00:00,283.30762
1995-01-05 12:00:00,283.00952
1995-01-06 12:00:00,281.70734
1995-01-07 12:00:00,282.4578
1995-01-08 12:00:00,282.57187
1995-01-09 12:00:00,282.02094
1995-01-10 12:00:00,280.8185
1995-01-11 12:00:00,281.4734
1995-01-12 12:00:00,281.56424
1995-01-13 12:00:00,282.70135
1995-01-14 12:00:00,281.74225
1995-01-15 12:00:00,280.53387
1995-01-16 12:00:00,283.3695
1995-01-17 12:00:00,284.0311
1995-01-18 12:00:00,282.48767
1995-01-19 12:00:00,284.78278
1995-01-20 12:00:00,281.61267
1995-01-21 12:00:00,283.09045
1995-01-22 12:00:00,281.6714
1995-01-23 12:00:00,281.8693
1995-01-24 12:00:00,281.89136
1995-01-25 12:00:00,280.758
1995-01-26 12:00:00,282.8619
1995-01-27 12:00:00,283.51834
1995-01-28 12:00:00,283.1231
1995-01-29 12:00:00,283.79877
1995-01-30 12:00:00,285.3167
1995-02-01 12:00:00,284.91815
1995-02-02 12:00:00,283.19632
1995-02-03 12:00:00,283.76297
1995-02-04 12:00:00,284.29993
1995-02-05 12:00:00,283.6754
1995-02-06 12:00:00,283.0134
1995-02-07 12:00:00,283.70087
1995-02-08 12:00:00,284.08707
1995-02-09 12:00:00,283.83887
1995-02-10 12:00:00,283.98114
1995-02-11 12:00:00,284.25305
1995-02-12 12:00:00,284.19937
1995-02-13 12:00:00,283.91058
1995-02-14 12:00:00,283.75903
1995-02-15 12:00:00,282.6618
1995-02-16 12:00:00,281.15823
1995-02-17 12:00:00,280.72925
1995-02-18 12:00:00,282.98514
1995-02-19 12:00:00,282.18466
1995-02-20 12:00:00,282.26288
1995-02-21 12:00:00,282.25476
1995-02-22 12:00:00,285.02805
1995-02-23 12:00:00,285.24457
1995-02-24 12:00:00,285.52136
1995-02-25 12:00:00,283.85855
1995-02-26 12:00:00,282.87366
1995-02-27 12:00:00,282.5106
1995-02-28 12:00:00,283.6325
1995-02-29 12:00:00,281.54807
1995-02-30 12:00:00,280.38586
1995-03-01 12:00:00,279.91714
1995-03-02 12:00:00,281.43045
1995-03-03 12:00:00,278.95724
1995-03-04 12:00:00,279.48615
1995-03-05 12:00:00,280.84335
1995-03-06 12:00:00,280.2339
1995-03-07 12:00:00,282.96027
1995-03-08 12:00:00,282.99435
1995-03-09 12:00:00,282.186
1995-03-10 12:00:00,283.31305
1995-03-11 12:00:00,282.7143
1995-03-12 12:00:00,284.02505
1995-03-13 12:00:00,285.0642
1995-03-14 12:00:00,283.6754
1995-03-15 12:00:00,283.2291
1995-03-16 12:00:00,284.8266
1995-03-17 12:00:00,284.2331
1995-03-18 12:00:00,285.94632
1995-03-19 12:00:00,285.54874
1995-03-20 12:00:00,281.39398
1995-03-21 12:00:00,278.20673
1995-03-22 12:00:00,281.06573
1995-03-23 12:00:00,282.54092
1995-03-24 12:00:00,282.92273
1995-03-25 12:00:00,283.09912
1995-03-26 12:00:00,283.56207
1995-03-27 12:00:00,282.26453
1995-03-28 12:00:00,282.8758
1995-03-29 12:00:00,281.48215
1995-03-30 12:00:00,280.30255
1995-04-01 12:00:00,283.8469
1995-04-02 12:00:00,283.62378
1995-04-03 12:00:00,282.9978
1995-04-04 12:00:00,282.72607
1995-04-05 12:00:00,281.56256
1995-04-06 12:00:00,282.77805
1995-04-07 12:00:00,283.5139
1995-04-08 12:00:00,281.44482
1995-04-09 12:00:00,283.12573
1995-04-10 12:00:00,284.68967
1995-04-11 12:00:00,285.01636
1995-04-12 12:00:00,285.05807
1995-04-13 12:00:00,286.16907
1995-04-14 12:00:00,287.40195
1995-04-15 12:00:00,286.36334
1995-04-16 12:00:00,286.8252
1995-04-17 12:00:00,287.23987
1995-04-18 12:00:00,285.29578
1995-04-19 12:00:00,286.13446
1995-04-20 12:00:00,287.21478
1995-04-21 12:00:00,286.08383
1995-04-22 12:00:00,286.1026
1995-04-23 12:00:00,288.0881
1995-04-24 12:00:00,288.0993
1995-04-25 12:00:00,289.05432
1995-04-26 12:00:00,288.57166
1995-04-27 12:00:00,288.5839
1995-04-28 12:00:00,288.03015
1995-04-29 12:00:00,287.93582
1995-04-30 12:00:00,289.42798
1995-05-01 12:00:00,288.119
1995-05-02 12:00:00,289.31024
1995-05-03 12:00:00,289.914
1995-05-04 12:00:00,288.76572
1995-05-05 12:00:00,289.71576
1995-05-06 12:00:00,289.70593
1995-05-07 12:00:00,289.6319
1995-05-08 12:00:00,289.72653
1995-05-09 12:00:00,290.11755
1995-05-10 12:00:00,288.87494
1995-05-11 12:00:00,288.6764
1995-05-12 12:00:00,288.59164
1995-05-13 12:00:00,288.03952
1995-05-14 12:00:00,287.53113
1995-05-15 12:00:00,288.84583
1995-05-16 12:00:00,289.9957
1995-05-17 12:00:00,291.26572
1995-05-18 12:00:00,291.16428
1995-05-19 12:00:00,291.63733
1995-05-20 12:00:00,291.21997
1995-05-21 12:00:00,291.61835
1995-05-22 12:00:00,292.35614
1995-05-23 12:00:00,292.28815
1995-05-24 12:00:00,292.44647
1995-05-25 12:00:00,294.47403
1995-05-26 12:00:00,293.29837
1995-05-27 12:00:00,290.60883
1995-05-28 12:00:00,289.30844
1995-05-29 12:00:00,288.59418
1995-05-30 12:00:00,289.66043
1995-06-01 12:00:00,292.11142
1995-06-02 12:00:00,290.9984
1995-06-03 12:00:00,292.1197
1995-06-04 12:00:00,289.8749
1995-06-05 12:00:00,290.2359
1995-06-06 12:00:00,290.59824
1995-06-07 12:00:00,291.5913
1995-06-08 12:00:00,292.3634
1995-06-09 12:00:00,291.25357
1995-06-10 12:00:00,289.74808
1995-06-11 12:00:00,290.45264
1995-06-12 12:00:00,292.45798
1995-06-13 12:00:00,292.95596
1995-06-14 12:00:00,294.87216
1995-06-15 12:00:00,293.57605
1995-06-16 12:00:00,294.40518
1995-06-17 12:00:00,291.2517
1995-06-18 12:00:00,289.01807
1995-06-19 12:00:00,291.30646
1995-06-20 12:00:00,292.21973
1995-06-21 12:00:00,293.40744
1995-06-22 12:00:00,294.13046
1995-06-23 12:00:00,294.88412
1995-06-24 12:00:00,294.82956
1995-06-25 12:00:00,295.31754
1995-06-26 12:00:00,295.88144
1995-06-27 12:00:00,295.54883
1995-06-28 12:00:00,296.39993
1995-06-29 12:00:00,296.86475
1995-06-30 12:00:00,298.11386
1995-07-01 12:00:00,296.93414
1995-07-02 12:00:00,296.44937
1995-07-03 12:00:00,295.66312
1995-07-04 12:00:00,296.46725
1995-07-05 12:00:00,295.56387
1995-07-06 12:00:00,295.8034
1995-07-07 12:00:00,296.57544
1995-07-08 12:00:00,296.1153
1995-07-09 12:00:00,294.98224
1995-07-10 12:00:00,294.431
1995-07-11 12:00:00,295.95273
1995-07-12 12:00:00,297.36066
1995-07-13 12:00:00,298.31543
1995-07-14 12:00:00,299.75357
1995-07-15 12:00:00,298.91275
1995-07-16 12:00:00,297.8294
1995-07-17 12:00:00,298.1334
1995-07-18 12:00:00,298.98605
1995-07-19 12:00:00,298.9488
1995-07-20 12:00:00,299.78476
1995-07-21 12:00:00,300.0687
1995-07-22 12:00:00,303.28796
1995-07-23 12:00:00,301.8186
1995-07-24 12:00:00,299.30646
1995-07-25 12:00:00,298.99652
1995-07-26 12:00:00,299.14194
1995-07-27 12:00:00,298.88058
1995-07-28 12:00:00,299.93008
1995-07-29 12:00:00,299.59555
1995-07-30 12:00:00,301.9616
1995-08-01 12:00:00,301.35123
1995-08-02 12:00:00,299.1903
1995-08-03 12:00:00,300.784
1995-08-04 12:00:00,300.209
1995-08-05 12:00:00,300.96646
1995-08-06 12:00:00,300.32547
1995-08-07 12:00:00,301.56274
1995-08-08 12:00:00,301.5126
1995-08-09 12:00:00,301.29224
1995-08-10 12:00:00,298.53336
1995-08-11 12:00:00,299.76947
1995-08-12 12:00:00,298.8389
1995-08-13 12:00:00,301.36057
1995-08-14 12:00:00,300.5963
1995-08-15 12:00:00,300.71606
1995-08-16 12:00:00,300.65045
1995-08-17 12:00:00,300.46786
1995-08-18 12:00:00,300.29782
1995-08-19 12:00:00,299.66354
1995-08-20 12:00:00,298.95255
1995-08-21 12:00:00,297.25226
1995-08-22 12:00:00,297.47995
1995-08-23 12:00:00,299.4832
1995-08-24 12:00:00,296.78653
1995-08-25 12:00:00,295.82382
1995-08-26 12:00:00,296.6922
1995-08-27 12:00:00,296.97342
1995-08-28 12:00:00,294.23822
1995-08-29 12:00:00,295.25598
1995-08-30 12:00:00,295.13242
1995-09-01 12:00:00,294.4144
1995-09-02 12:00:00,294.84424
1995-09-03 12:00:00,295.06244
1995-09-04 12:00:00,296.68484
1995-09-05 12:00:00,294.57254
1995-09-06 12:00:00,290.83783
1995-09-07 12:00:00,293.5055
1995-09-08 12:00:00,293.3856
1995-09-09 12:00:00,294.50345
1995-09-10 12:00:00,294.7373
1995-09-11 12:00:00,294.14496
1995-09-12 12:00:00,295.04877
1995-09-13 12:00:00,295.8889
1995-09-14 12:00:00,295.40515
1995-09-15 12:00:00,296.4505
1995-09-16 12:00:00,295.46683
1995-09-17 12:00:00,296.5687
1995-09-18 12:00:00,296.68494
1995-09-19 12:00:00,296.0126
1995-09-20 12:00:00,295.37448
1995-09-21 12:00:00,294.68103
1995-09-22 12:00:00,293.2324
1995-09-23 12:00:00,294.44672
1995-09-24 12:00:00,295.12955
1995-09-25 12:00:00,294.63953
1995-09-26 12:00:00,295.95285
1995-09-27 12:00:00,293.6486
1995-09-28 12:00:00,293.35394
1995-09-29 12:00:00,293.734
1995-09-30 12:00:00,293.30783
1995-10-01 12:00:00,293.29697
1995-10-02 12:00:00,293.91626
1995-10-03 12:00:00,294.32324
1995-10-04 12:00:00,294.29282
1995-10-05 12:00:00,293.6918
1995-10-06 12:00:00,292.053
1995-10-07 12:00:00,292.2667
1995-10-08 12:00:00,292.99387
1995-10-09 12:00:00,292.56757
1995-10-10 12:00:00,291.47333
1995-10-11 12:00:00,290.86966
1995-10-12 12:00:00,291.3668
1995-10-13 12:00:00,290.31284
1995-10-14 12:00:00,290.70737
1995-10-15 12:00:00,291.32993
1995-10-16 12:00:00,291.15942
1995-10-17 12:00:00,291.21255
1995-10-18 12:00:00,291.45355
1995-10-19 12:00:00,289.25787
1995-10-20 12:00:00,291.03668
1995-10-21 12:00:00,291.58505
1995-10-22 12:00:00,290.84113
1995-10-23 12:00:00,288.7989
1995-10-24 12:00:00,288.4391
1995-10-25 12:00:00,289.3374
1995-10-26 12:00:00,289.89243
1995-10-27 12:00:00,292.0197
1995-10-28 12:00:00,290.82098
1995-10-29 12:00:00,289.99634
1995-10-30 12:00:00,290.3438
1995-11-01 12:00:00,290.19403
1995-11-02 12:00:00,287.55597
1995-11-03 12:00:00,288.58475
1995-11-04 12:00:00,288.7415
1995-11-05 12:00:00,285.6775
1995-11-06 12:00:00,287.9733
1995-11-07 12:00:00,285.25607
1995-11-08 12:00:00,284.42947
1995-11-09 12:00:00,284.1698
1995-11-10 12:00:00,284.96127
1995-11-11 12:00:00,287.59595
1995-11-12 12:00:00,286.4944
1995-11-13 12:00:00,286.0025
1995-11-14 12:00:00,286.2732
1995-11-15 12:00:00,286.03088
1995-11-16 12:00:00,285.33136
1995-11-17 12:00:00,285.7067
1995-11-18 12:00:00,285.47626
1995-11-19 12:00:00,283.06934
1995-11-20 12:00:00,281.0036
1995-11-21 12:00:00,280.74292
1995-11-22 12:00:00,283.09357
1995-11-23 12:00:00,283.29642
1995-11-24 12:00:00,284.84293
1995-11-25 12:00:00,284.66455
1995-11-26 12:00:00,287.90588
1995-11-27 12:00:00,286.95126
1995-11-28 12:00:00,285.51718
1995-11-29 12:00:00,286.21906
1995-11-30 12:00:00,286.92868
1995-12-01 12:00:00,287.09586
1995-12-02 12:00:00,287.05466
1995-12-03 12:00:00,287.57855
1995-12-04 12:00:00,286.70422
1995-12-05 12:00:00,285.6202
1995-12-06 12:00:00,286.98404
1995-12-07 12:00:00,286.4175
1995-12-08 12:00:00,285.1597
1995-12-09 12:00:00,285.7144
1995-12-10 12:00:00,286.58
1995-12-11 12:00:00,284.83572
1995-12-12 12:00:00,284.86722
1995-12-13 12:00:00,284.6687
1995-12-14 12:00:00,283.37384
1995-12-15 12:00:00,283.11694
1995-12-16 12:00:00,284.26114
1995-12-17 12:00:00,285.084
1995-12-18 12:00:00,285.16083
1995-12-19 12:00:00,284.8188
1995-12-20 12:00:00,284.82983
1995-12-21 12:00:00,283.53687
1995-12-22 12:00:00,282.7099
1995-12-23 12:00:00,282.5699
1995-12-24 12:00:00,285.5391
1995-12-25 12:00:00,282.00757
1995-12-26 12:00:00,281.4677
1995-12-27 12:00:00,283.91348
1995-12-28 12:00:00,282.3774
1995-12-29 12:00:00,281.56305
1995-12-30 12:00:00,281.30646
