time,evspsbl
2016-01-01 12:00:00,8.580046e-05
2016-01-02 12:00:00,8.149723e-05
2016-01-03 12:00:00,2.3690474e-05
2016-01-04 12:00:00,5.8071477e-05
2016-01-05 12:00:00,6.415984e-05
2016-01-06 12:00:00,2.235476e-05
2016-01-07 12:00:00,1.6202888e-05
2016-01-08 12:00:00,1.7291779e-05
2016-01-09 12:00:00,3.5953024e-05
2016-01-10 12:00:00,2.2437947e-05
2016-01-11 12:00:00,1.6475326e-05
2016-01-12 12:00:00,2.1582688e-05
2016-01-13 12:00:00,3.8582948e-05
2016-01-14 12:00:00,2.643261e-05
2016-01-15 12:00:00,4.3259708e-05
2016-01-16 12:00:00,5.900996e-05
2016-01-17 12:00:00,3.467071e-05
2016-01-18 12:00:00,4.747951e-05
2016-01-19 12:00:00,3.5686695e-05
2016-01-20 12:00:00,4.5167704e-05
2016-01-21 12:00:00,3.2728916e-05
2016-01-22 12:00:00,1.6811711e-05
2016-01-23 12:00:00,1.8312321e-05
2016-01-24 12:00:00,5.9429978e-05
2016-01-25 12:00:00,5.774829e-05
2016-01-26 12:00:00,2.1785208e-05
2016-01-27 12:00:00,2.155047e-05
2016-01-28 12:00:00,1.3955811e-05
2016-01-29 12:00:00,1.2408127e-05
2016-01-30 12:00:00,1.2665783e-05
2016-02-01 12:00:00,1.6893027e-05
2016-02-02 12:00:00,6.558354e-05
2016-02-03 12:00:00,9.611384e-05
2016-02-04 12:00:00,6.774954e-05
2016-02-05 12:00:00,3.5733887e-05
2016-02-06 12:00:00,3.80931e-05
2016-02-07 12:00:00,3.6001125e-05
2016-02-08 12:00:00,6.819506e-05
2016-02-09 12:00:00,5.381777e-05
2016-02-10 12:00:00,6.162308e-05
2016-02-11 12:00:00,6.961392e-05
2016-02-12 12:00:00,2.8083436e-05
2016-02-13 12:00:00,4.8596266e-05
2016-02-14 12:00:00,4.609929e-05
2016-02-15 12:00:00,3.5970923e-05
2016-02-16 12:00:00,3.4130426e-05
2016-02-17 12:00:00,5.5007054e-05
2016-02-18 12:00:00,3.5698133e-05
2016-02-19 12:00:00,1.0197036e-05
2016-02-20 12:00:00,1.1643734e-05
2016-02-21 12:00:00,1.7567654e-05
2016-02-22 12:00:00,2.862887e-05
2016-02-23 12:00:00,2.1305677e-05
2016-02-24 12:00:00,1.1699245e-05
2016-02-25 12:00:00,7.1865506e-06
2016-02-26 12:00:00,6.017799e-06
2016-02-27 12:00:00,1.7066282e-05
2016-02-28 12:00:00,5.2673888e-05
2016-02-29 12:00:00,3.388482e-05
2016-02-30 12:00:00,2.883513e-05
2016-03-01 12:00:00,4.0194253e-05
2016-03-02 12:00:00,3.2043827e-05
2016-03-03 12:00:00,6.462647e-05
2016-03-04 12:00:00,1.5499274e-05
2016-03-05 12:00:00,1.0085336e-05
2016-03-06 12:00:00,1.3471159e-05
2016-03-07 12:00:00,2.1887914e-05
2016-03-08 12:00:00,6.6198845e-06
2016-03-09 12:00:00,2.6006135e-05
2016-03-10 12:00:00,3.9512437e-05
2016-03-11 12:00:00,0.00010431974
2016-03-12 12:00:00,4.5658206e-05
2016-03-13 12:00:00,2.6079797e-05
2016-03-14 12:00:00,1.9083192e-05
2016-03-15 12:00:00,2.7543312e-05
2016-03-16 12:00:00,4.0968196e-05
2016-03-17 12:00:00,7.019154e-05
2016-03-18 12:00:00,7.0552574e-05
2016-03-19 12:00:00,4.6181893e-05
2016-03-20 12:00:00,9.983306e-05
2016-03-21 12:00:00,6.20599e-05
2016-03-22 12:00:00,7.843244e-05
2016-03-23 12:00:00,6.6892535e-05
2016-03-24 12:00:00,7.2757466e-05
2016-03-25 12:00:00,9.9980716e-05
2016-03-26 12:00:00,7.422619e-05
2016-03-27 12:00:00,7.308349e-05
2016-03-28 12:00:00,4.2848944e-05
2016-03-29 12:00:00,8.223958e-05
2016-03-30 12:00:00,4.0140032e-05
2016-04-01 12:00:00,4.1974927e-05
2016-04-02 12:00:00,2.6163441e-05
2016-04-03 12:00:00,1.9695217e-05
2016-04-04 12:00:00,2.5369402e-05
2016-04-05 12:00:00,2.4508045e-05
2016-04-06 12:00:00,1.8549355e-05
2016-04-07 12:00:00,1.1318251e-05
2016-04-08 12:00:00,2.0576397e-05
2016-04-09 12:00:00,1.18805565e-05
2016-04-10 12:00:00,1.856903e-05
2016-04-11 12:00:00,1.9922009e-05
2016-04-12 12:00:00,1.073473e-05
2016-04-13 12:00:00,8.786592e-06
2016-04-14 12:00:00,6.767659e-06
2016-04-15 12:00:00,1.4902485e-05
2016-04-16 12:00:00,1.2334174e-05
2016-04-17 12:00:00,1.4415971e-05
2016-04-18 12:00:00,1.422615e-05
2016-04-19 12:00:00,1.2656211e-05
2016-04-20 12:00:00,2.6664988e-05
2016-04-21 12:00:00,9.1895636e-05
2016-04-22 12:00:00,5.052524e-05
2016-04-23 12:00:00,2.1425003e-05
2016-04-24 12:00:00,1.5309168e-05
2016-04-25 12:00:00,1.6157006e-05
2016-04-26 12:00:00,1.1312775e-05
2016-04-27 12:00:00,1.5274825e-05
2016-04-28 12:00:00,1.632794e-05
2016-04-29 12:00:00,1.9773637e-05
2016-04-30 12:00:00,1.4275152e-05
2016-05-01 12:00:00,1.5355618e-05
2016-05-02 12:00:00,5.540617e-05
2016-05-03 12:00:00,2.9751696e-05
2016-05-04 12:00:00,1.593461e-05
2016-05-05 12:00:00,2.3220506e-05
2016-05-06 12:00:00,3.6606056e-05
2016-05-07 12:00:00,2.3441686e-05
2016-05-08 12:00:00,2.2706226e-05
2016-05-09 12:00:00,1.7394006e-05
2016-05-10 12:00:00,9.360301e-06
2016-05-11 12:00:00,1.7893253e-05
2016-05-12 12:00:00,1.986383e-05
2016-05-13 12:00:00,2.2111533e-05
2016-05-14 12:00:00,3.0240466e-05
2016-05-15 12:00:00,2.9641204e-05
2016-05-16 12:00:00,8.6315165e-05
2016-05-17 12:00:00,4.2268053e-05
2016-05-18 12:00:00,4.467048e-05
2016-05-19 12:00:00,0.00010039721
2016-05-20 12:00:00,0.0001226554
2016-05-21 12:00:00,9.344914e-05
2016-05-22 12:00:00,3.4399825e-05
2016-05-23 12:00:00,2.0194217e-05
2016-05-24 12:00:00,2.626609e-05
2016-05-25 12:00:00,3.558649e-05
2016-05-26 12:00:00,7.758502e-05
2016-05-27 12:00:00,9.40359e-05
2016-05-28 12:00:00,8.159412e-05
2016-05-29 12:00:00,9.913251e-05
2016-05-30 12:00:00,9.0544025e-05
2016-06-01 12:00:00,5.4409917e-05
2016-06-02 12:00:00,4.7362468e-05
2016-06-03 12:00:00,3.5578632e-05
2016-06-04 12:00:00,4.1811756e-05
2016-06-05 12:00:00,8.0396116e-05
2016-06-06 12:00:00,0.00011010001
2016-06-07 12:00:00,7.683229e-05
2016-06-08 12:00:00,7.06308e-05
2016-06-09 12:00:00,4.1592575e-05
2016-06-10 12:00:00,5.7071564e-05
2016-06-11 12:00:00,3.0876457e-05
2016-06-12 12:00:00,1.9857194e-05
2016-06-13 12:00:00,9.571026e-05
2016-06-14 12:00:00,0.00014883598
2016-06-15 12:00:00,0.00014178088
2016-06-16 12:00:00,0.00013433784
2016-06-17 12:00:00,0.00013434747
2016-06-18 12:00:00,0.000117910946
2016-06-19 12:00:00,6.443683e-05
2016-06-20 12:00:00,4.6908142e-05
2016-06-21 12:00:00,3.457656e-05
2016-06-22 12:00:00,3.0554176e-05
2016-06-23 12:00:00,4.1489155e-05
2016-06-24 12:00:00,6.643536e-05
2016-06-25 12:00:00,3.7042802e-05
2016-06-26 12:00:00,8.5576845e-05
2016-06-27 12:00:00,4.647656e-05
2016-06-28 12:00:00,2.9283387e-05
2016-06-29 12:00:00,3.0009294e-05
2016-06-30 12:00:00,3.1933567e-05
2016-07-01 12:00:00,5.0926188e-05
2016-07-02 12:00:00,6.9482165e-05
2016-07-03 12:00:00,6.282824e-05
2016-07-04 12:00:00,6.361204e-05
2016-07-05 12:00:00,3.9910577e-05
2016-07-06 12:00:00,6.416695e-05
2016-07-07 12:00:00,4.4668806e-05
2016-07-08 12:00:00,4.334774e-05
2016-07-09 12:00:00,4.0558894e-05
2016-07-10 12:00:00,2.5046102e-05
2016-07-11 12:00:00,1.7699494e-05
2016-07-12 12:00:00,1.5512473e-05
2016-07-13 12:00:00,2.0093881e-05
2016-07-14 12:00:00,2.2998269e-05
2016-07-15 12:00:00,1.2145145e-05
2016-07-16 12:00:00,1.7152226e-05
2016-07-17 12:00:00,2.9486138e-05
2016-07-18 12:00:00,4.0930347e-05
2016-07-19 12:00:00,0.0001420606
2016-07-20 12:00:00,0.000108436405
2016-07-21 12:00:00,6.7206725e-05
2016-07-22 12:00:00,7.7595076e-05
2016-07-23 12:00:00,0.00012328634
2016-07-24 12:00:00,0.00015841401
2016-07-25 12:00:00,0.00012302177
2016-07-26 12:00:00,5.3933123e-05
2016-07-27 12:00:00,9.7074735e-05
2016-07-28 12:00:00,6.851085e-05
2016-07-29 12:00:00,0.00010611347
2016-07-30 12:00:00,4.3671884e-05
2016-08-01 12:00:00,7.7099525e-05
2016-08-02 12:00:00,6.928074e-05
2016-08-03 12:00:00,0.00012772325
2016-08-04 12:00:00,0.00014314865
2016-08-05 12:00:00,0.000110430425
2016-08-06 12:00:00,4.7881695e-05
2016-08-07 12:00:00,3.9076083e-05
2016-08-08 12:00:00,7.23596e-05
2016-08-09 12:00:00,6.6723005e-05
2016-08-10 12:00:00,9.249286e-05
2016-08-11 12:00:00,7.670115e-05
2016-08-12 12:00:00,0.000109358196
2016-08-13 12:00:00,6.9925896e-05
2016-08-14 12:00:00,2.3639383e-05
2016-08-15 12:00:00,3.0456999e-05
2016-08-16 12:00:00,6.121863e-05
2016-08-17 12:00:00,6.176399e-05
2016-08-18 12:00:00,4.128579e-05
2016-08-19 12:00:00,7.016616e-05
2016-08-20 12:00:00,0.00011631381
2016-08-21 12:00:00,0.00012612366
2016-08-22 12:00:00,6.7243745e-05
2016-08-23 12:00:00,3.735366e-05
2016-08-24 12:00:00,6.371668e-05
2016-08-25 12:00:00,5.6522404e-05
2016-08-26 12:00:00,5.4803808e-05
2016-08-27 12:00:00,3.9902603e-05
2016-08-28 12:00:00,4.3736116e-05
2016-08-29 12:00:00,9.173826e-05
2016-08-30 12:00:00,7.930062e-05
2016-09-01 12:00:00,3.8419865e-05
2016-09-02 12:00:00,4.4276007e-05
2016-09-03 12:00:00,6.618674e-05
2016-09-04 12:00:00,4.3446533e-05
2016-09-05 12:00:00,2.5244968e-05
2016-09-06 12:00:00,2.650106e-05
2016-09-07 12:00:00,2.4660752e-05
2016-09-08 12:00:00,2.1634914e-05
2016-09-09 12:00:00,5.6511504e-05
2016-09-10 12:00:00,4.3076245e-05
2016-09-11 12:00:00,3.5776233e-05
2016-09-12 12:00:00,4.4635788e-05
2016-09-13 12:00:00,6.464856e-05
2016-09-14 12:00:00,9.435204e-05
2016-09-15 12:00:00,4.899867e-05
2016-09-16 12:00:00,3.4340934e-05
2016-09-17 12:00:00,3.2063224e-05
2016-09-18 12:00:00,4.91807e-05
2016-09-19 12:00:00,4.4763452e-05
2016-09-20 12:00:00,5.0592556e-05
2016-09-21 12:00:00,0.0001421644
2016-09-22 12:00:00,0.00013531151
2016-09-23 12:00:00,0.00011056481
2016-09-24 12:00:00,5.278751e-05
2016-09-25 12:00:00,2.5944639e-05
2016-09-26 12:00:00,2.3976449e-05
2016-09-27 12:00:00,2.3091954e-05
2016-09-28 12:00:00,2.7749571e-05
2016-09-29 12:00:00,3.044329e-05
2016-09-30 12:00:00,3.591177e-05
2016-10-01 12:00:00,9.593404e-05
2016-10-02 12:00:00,0.00011531566
2016-10-03 12:00:00,0.00013888159
2016-10-04 12:00:00,7.787408e-05
2016-10-05 12:00:00,5.950268e-05
2016-10-06 12:00:00,7.754247e-05
2016-10-07 12:00:00,6.531247e-05
2016-10-08 12:00:00,5.2059593e-05
2016-10-09 12:00:00,3.405784e-05
2016-10-10 12:00:00,4.0909472e-05
2016-10-11 12:00:00,0.00013220964
2016-10-12 12:00:00,0.00014721463
2016-10-13 12:00:00,5.770495e-05
2016-10-14 12:00:00,3.989981e-05
2016-10-15 12:00:00,9.5365904e-05
2016-10-16 12:00:00,0.00013948546
2016-10-17 12:00:00,4.554559e-05
2016-10-18 12:00:00,9.379936e-05
2016-10-19 12:00:00,7.62502e-05
2016-10-20 12:00:00,0.00015791233
2016-10-21 12:00:00,0.00016132365
2016-10-22 12:00:00,0.00011416615
2016-10-23 12:00:00,0.00010586878
2016-10-24 12:00:00,9.288374e-05
2016-10-25 12:00:00,0.000111238325
2016-10-26 12:00:00,5.208438e-05
2016-10-27 12:00:00,5.126125e-05
2016-10-28 12:00:00,6.137133e-05
2016-10-29 12:00:00,5.0695948e-05
2016-10-30 12:00:00,8.760495e-05
2016-11-01 12:00:00,3.9607887e-05
2016-11-02 12:00:00,6.6852415e-05
2016-11-03 12:00:00,0.00010807955
2016-11-04 12:00:00,0.0001439607
2016-11-05 12:00:00,0.00012815735
2016-11-06 12:00:00,8.9577086e-05
2016-11-07 12:00:00,0.00011555763
2016-11-08 12:00:00,0.00013639568
2016-11-09 12:00:00,0.00013249778
2016-11-10 12:00:00,7.832381e-05
2016-11-11 12:00:00,8.891306e-05
2016-11-12 12:00:00,5.521612e-05
2016-11-13 12:00:00,0.00013882101
2016-11-14 12:00:00,8.752283e-05
2016-11-15 12:00:00,5.357302e-05
2016-11-16 12:00:00,4.8524467e-05
2016-11-17 12:00:00,6.250931e-05
2016-11-18 12:00:00,3.097563e-05
2016-11-19 12:00:00,5.657827e-05
2016-11-20 12:00:00,5.1038267e-05
2016-11-21 12:00:00,2.8538547e-05
2016-11-22 12:00:00,2.2899228e-05
2016-11-23 12:00:00,2.4929293e-05
2016-11-24 12:00:00,2.7554139e-05
2016-11-25 12:00:00,6.530243e-05
2016-11-26 12:00:00,2.6898386e-05
2016-11-27 12:00:00,3.5521924e-05
2016-11-28 12:00:00,3.5197896e-05
2016-11-29 12:00:00,7.198607e-05
2016-11-30 12:00:00,3.127959e-05
2016-12-01 12:00:00,3.955356e-05
2016-12-02 12:00:00,2.940881e-05
2016-12-03 12:00:00,1.9122146e-05
2016-12-04 12:00:00,1.7096856e-05
2016-12-05 12:00:00,3.4289085e-05
2016-12-06 12:00:00,1.7094862e-05
2016-12-07 12:00:00,1.48205645e-05
2016-12-08 12:00:00,2.1728087e-05
2016-12-09 12:00:00,4.4783126e-05
2016-12-10 12:00:00,4.3136635e-05
2016-12-11 12:00:00,4.3575972e-05
2016-12-12 12:00:00,5.270447e-05
2016-12-13 12:00:00,3.76549e-05
2016-12-14 12:00:00,3.579041e-05
2016-12-15 12:00:00,3.011039e-05
2016-12-16 12:00:00,4.2715776e-05
2016-12-17 12:00:00,2.3860568e-05
2016-12-18 12:00:00,1.9884683e-05
2016-12-19 12:00:00,1.2232293e-05
2016-12-20 12:00:00,6.2525796e-05
2016-12-21 12:00:00,0.00010458358
2016-12-22 12:00:00,7.975684e-05
2016-12-23 12:00:00,4.1732837e-05
2016-12-24 12:00:00,1.7596456e-05
2016-12-25 12:00:00,3.411174e-05
2016-12-26 12:00:00,0.000107400105
2016-12-27 12:00:00,8.368754e-05
2016-12-28 12:00:00,5.1773022e-05
2016-12-29 12:00:00,3.2117918e-05
2016-12-30 12:00:00,5.6869452e-05
2017-01-01 12:00:00,0.00011446802
2017-01-02 12:00:00,2.7346236e-05
2017-01-03 12:00:00,6.555658e-05
2017-01-04 12:00:00,0.00011387253
2017-01-05 12:00:00,8.247579e-05
2017-01-06 12:00:00,5.1759198e-05
2017-01-07 12:00:00,8.360876e-05
2017-01-08 12:00:00,7.333789e-05
2017-01-09 12:00:00,5.1768176e-05
2017-01-10 12:00:00,5.7054393e-05
2017-01-11 12:00:00,7.2160416e-05
2017-01-12 12:00:00,3.30989e-05
2017-01-13 12:00:00,4.5355482e-05
2017-01-14 12:00:00,7.128375e-05
2017-01-15 12:00:00,4.0901083e-05
2017-01-16 12:00:00,7.3901e-05
2017-01-17 12:00:00,5.80286e-05
2017-01-18 12:00:00,6.7259796e-05
2017-01-19 12:00:00,4.1167164e-05
2017-01-20 12:00:00,4.8297792e-05
2017-01-21 12:00:00,0.000111458736
2017-01-22 12:00:00,4.933431e-05
2017-01-23 12:00:00,1.842888e-05
2017-01-24 12:00:00,2.1913918e-05
2017-01-25 12:00:00,4.54978e-05
2017-01-26 12:00:00,4.775182e-05
2017-01-27 12:00:00,2.097302e-05
2017-01-28 12:00:00,3.715136e-05
2017-01-29 12:00:00,1.158964e-05
2017-01-30 12:00:00,9.887866e-06
2017-02-01 12:00:00,1.1310403e-05
2017-02-02 12:00:00,3.5539153e-05
2017-02-03 12:00:00,2.8674986e-05
2017-02-04 12:00:00,3.8107e-05
2017-02-05 12:00:00,2.2890817e-05
2017-02-06 12:00:00,2.4722314e-05
2017-02-07 12:00:00,3.2190466e-05
2017-02-08 12:00:00,4.8977643e-05
2017-02-09 12:00:00,2.4239707e-05
2017-02-10 12:00:00,1.9455212e-05
2017-02-11 12:00:00,4.421352e-05
2017-02-12 12:00:00,7.759554e-05
2017-02-13 12:00:00,4.8451635e-05
2017-02-14 12:00:00,7.5024356e-05
2017-02-15 12:00:00,7.849406e-05
2017-02-16 12:00:00,3.2105236e-05
2017-02-17 12:00:00,1.3510355e-05
2017-02-18 12:00:00,1.2839344e-05
2017-02-19 12:00:00,3.1384916e-05
2017-02-20 12:00:00,5.4148928e-05
2017-02-21 12:00:00,3.848241e-05
2017-02-22 12:00:00,3.2139724e-05
2017-02-23 12:00:00,2.8087263e-05
2017-02-24 12:00:00,2.4597182e-05
2017-02-25 12:00:00,4.4204997e-05
2017-02-26 12:00:00,3.699535e-05
2017-02-27 12:00:00,3.784249e-05
2017-02-28 12:00:00,3.091339e-05
2017-02-29 12:00:00,2.8221562e-05
2017-02-30 12:00:00,5.2419142e-05
2017-03-01 12:00:00,3.097036e-05
2017-03-02 12:00:00,1.0519681e-05
2017-03-03 12:00:00,1.1102282e-05
2017-03-04 12:00:00,1.5649595e-05
2017-03-05 12:00:00,1.7210506e-05
2017-03-06 12:00:00,6.968883e-05
2017-03-07 12:00:00,7.767047e-05
2017-03-08 12:00:00,4.163655e-05
2017-03-09 12:00:00,9.702009e-06
2017-03-10 12:00:00,4.3774577e-05
2017-03-11 12:00:00,2.689501e-05
2017-03-12 12:00:00,3.567771e-05
2017-03-13 12:00:00,1.4167893e-05
2017-03-14 12:00:00,1.0473435e-05
2017-03-15 12:00:00,2.7670816e-05
2017-03-16 12:00:00,8.936851e-06
2017-03-17 12:00:00,7.984461e-06
2017-03-18 12:00:00,5.139358e-06
2017-03-19 12:00:00,3.8757426e-06
2017-03-20 12:00:00,2.0432242e-05
2017-03-21 12:00:00,1.2403354e-05
2017-03-22 12:00:00,1.4050631e-05
2017-03-23 12:00:00,2.1218118e-05
2017-03-24 12:00:00,4.8119673e-05
2017-03-25 12:00:00,4.8665373e-05
2017-03-26 12:00:00,6.58004e-05
2017-03-27 12:00:00,0.000105844345
2017-03-28 12:00:00,5.3769632e-05
2017-03-29 12:00:00,2.7691e-05
2017-03-30 12:00:00,1.2747027e-05
2017-04-01 12:00:00,1.4039106e-05
2017-04-02 12:00:00,1.1869211e-05
2017-04-03 12:00:00,3.235397e-05
2017-04-04 12:00:00,2.3470086e-05
2017-04-05 12:00:00,5.889291e-05
2017-04-06 12:00:00,3.8032595e-05
2017-04-07 12:00:00,2.7564063e-05
2017-04-08 12:00:00,7.475359e-06
2017-04-09 12:00:00,1.3094559e-05
2017-04-10 12:00:00,4.0983174e-05
2017-04-11 12:00:00,1.509898e-05
2017-04-12 12:00:00,4.793564e-05
2017-04-13 12:00:00,5.0768256e-05
2017-04-14 12:00:00,1.4017263e-05
2017-04-15 12:00:00,6.4460037e-06
2017-04-16 12:00:00,2.4488734e-05
2017-04-17 12:00:00,1.8748779e-05
2017-04-18 12:00:00,3.3253396e-05
2017-04-19 12:00:00,1.7189705e-05
2017-04-20 12:00:00,1.7545794e-05
2017-04-21 12:00:00,2.4168581e-05
2017-04-22 12:00:00,2.6809881e-05
2017-04-23 12:00:00,2.778681e-05
2017-04-24 12:00:00,2.8443012e-05
2017-04-25 12:00:00,5.3267548e-05
2017-04-26 12:00:00,9.282863e-05
2017-04-27 12:00:00,7.3485964e-05
2017-04-28 12:00:00,7.406433e-05
2017-04-29 12:00:00,5.404184e-05
2017-04-30 12:00:00,4.637969e-05
2017-05-01 12:00:00,3.505418e-05
2017-05-02 12:00:00,7.409378e-05
2017-05-03 12:00:00,8.5342486e-05
2017-05-04 12:00:00,7.611468e-05
2017-05-05 12:00:00,4.5611407e-05
2017-05-06 12:00:00,3.5884645e-05
2017-05-07 12:00:00,4.014773e-05
2017-05-08 12:00:00,7.929873e-05
2017-05-09 12:00:00,5.837968e-05
2017-05-10 12:00:00,3.8748694e-05
2017-05-11 12:00:00,3.762146e-05
2017-05-12 12:00:00,9.953366e-05
2017-05-13 12:00:00,7.458635e-05
2017-05-14 12:00:00,3.520315e-05
2017-05-15 12:00:00,2.6325593e-05
2017-05-16 12:00:00,2.5490808e-05
2017-05-17 12:00:00,4.93955e-05
2017-05-18 12:00:00,9.072381e-05
2017-05-19 12:00:00,4.905749e-05
2017-05-20 12:00:00,3.3858276e-05
2017-05-21 12:00:00,3.3816526e-05
2017-05-22 12:00:00,1.839739e-05
2017-05-23 12:00:00,9.937416e-06
2017-05-24 12:00:00,2.3153945e-05
2017-05-25 12:00:00,6.533391e-05
2017-05-26 12:00:00,4.7716996e-05
2017-05-27 12:00:00,4.071108e-05
2017-05-28 12:00:00,2.2453605e-05
2017-05-29 12:00:00,8.271153e-05
2017-05-30 12:00:00,0.00010434448
2017-06-01 12:00:00,6.5789674e-05
2017-06-02 12:00:00,7.368247e-05
2017-06-03 12:00:00,6.35193e-05
2017-06-04 12:00:00,8.703963e-05
2017-06-05 12:00:00,0.00010886551
2017-06-06 12:00:00,9.4845294e-05
2017-06-07 12:00:00,4.4974804e-05
2017-06-08 12:00:00,2.0542822e-05
2017-06-09 12:00:00,2.5522051e-05
2017-06-10 12:00:00,2.8197072e-05
2017-06-11 12:00:00,1.540476e-05
2017-06-12 12:00:00,1.4104371e-05
2017-06-13 12:00:00,1.85682e-05
2017-06-14 12:00:00,1.963065e-05
2017-06-15 12:00:00,1.3151017e-05
2017-06-16 12:00:00,1.2357283e-05
2017-06-17 12:00:00,7.74955e-06
2017-06-18 12:00:00,9.229043e-06
2017-06-19 12:00:00,1.452546e-05
2017-06-20 12:00:00,1.10882975e-05
2017-06-21 12:00:00,1.3120851e-05
2017-06-22 12:00:00,1.556649e-05
2017-06-23 12:00:00,3.229789e-05
2017-06-24 12:00:00,3.054431e-05
2017-06-25 12:00:00,2.1894477e-05
2017-06-26 12:00:00,2.2694818e-05
2017-06-27 12:00:00,2.2236418e-05
2017-06-28 12:00:00,1.831248e-05
2017-06-29 12:00:00,1.787259e-05
2017-06-30 12:00:00,2.3639353e-05
2017-07-01 12:00:00,1.9727187e-05
2017-07-02 12:00:00,1.2277742e-05
2017-07-03 12:00:00,2.6014663e-05
2017-07-04 12:00:00,2.1275482e-05
2017-07-05 12:00:00,8.8598e-05
2017-07-06 12:00:00,6.2470965e-05
2017-07-07 12:00:00,2.6726833e-05
2017-07-08 12:00:00,4.225617e-05
2017-07-09 12:00:00,3.1099305e-05
2017-07-10 12:00:00,6.152855e-05
2017-07-11 12:00:00,0.00011143541
2017-07-12 12:00:00,7.947635e-05
2017-07-13 12:00:00,6.4423686e-05
2017-07-14 12:00:00,6.780878e-05
2017-07-15 12:00:00,0.000100786434
2017-07-16 12:00:00,0.00011543614
2017-07-17 12:00:00,4.1715553e-05
2017-07-18 12:00:00,5.544501e-05
2017-07-19 12:00:00,6.77535e-05
2017-07-20 12:00:00,3.7224716e-05
2017-07-21 12:00:00,4.121338e-05
2017-07-22 12:00:00,2.5562971e-05
2017-07-23 12:00:00,3.179231e-05
2017-07-24 12:00:00,2.4621913e-05
2017-07-25 12:00:00,3.581852e-05
2017-07-26 12:00:00,5.5356024e-05
2017-07-27 12:00:00,5.153744e-05
2017-07-28 12:00:00,4.1807347e-05
2017-07-29 12:00:00,3.7185426e-05
2017-07-30 12:00:00,7.991928e-05
2017-08-01 12:00:00,6.799953e-05
2017-08-02 12:00:00,6.530456e-05
2017-08-03 12:00:00,4.884864e-05
2017-08-04 12:00:00,7.0109425e-05
2017-08-05 12:00:00,8.2891725e-05
2017-08-06 12:00:00,7.218598e-05
2017-08-07 12:00:00,7.242331e-05
2017-08-08 12:00:00,9.1604335e-05
2017-08-09 12:00:00,0.00013368767
2017-08-10 12:00:00,9.982384e-05
2017-08-11 12:00:00,8.904339e-05
2017-08-12 12:00:00,8.909311e-05
2017-08-13 12:00:00,7.737827e-05
2017-08-14 12:00:00,6.666852e-05
2017-08-15 12:00:00,7.698551e-05
2017-08-16 12:00:00,6.166806e-05
2017-08-17 12:00:00,5.802579e-05
2017-08-18 12:00:00,6.1761646e-05
2017-08-19 12:00:00,3.5717443e-05
2017-08-20 12:00:00,6.2642954e-05
2017-08-21 12:00:00,0.00012685846
2017-08-22 12:00:00,0.0001667072
2017-08-23 12:00:00,7.176318e-05
2017-08-24 12:00:00,7.403731e-05
2017-08-25 12:00:00,4.7556314e-05
2017-08-26 12:00:00,7.8646146e-05
2017-08-27 12:00:00,5.2592877e-05
2017-08-28 12:00:00,3.0433264e-05
2017-08-29 12:00:00,3.9963445e-05
2017-08-30 12:00:00,5.4756485e-05
2017-09-01 12:00:00,6.114476e-05
2017-09-02 12:00:00,4.6520596e-05
2017-09-03 12:00:00,3.8109414e-05
2017-09-04 12:00:00,3.9988154e-05
2017-09-05 12:00:00,1.6901206e-05
2017-09-06 12:00:00,2.172371e-05
2017-09-07 12:00:00,4.2349377e-05
2017-09-08 12:00:00,6.2191655e-05
2017-09-09 12:00:00,5.1944575e-05
2017-09-10 12:00:00,0.00011808901
2017-09-11 12:00:00,0.00017994842
2017-09-12 12:00:00,0.00015177419
2017-09-13 12:00:00,9.120586e-05
2017-09-14 12:00:00,5.890966e-05
2017-09-15 12:00:00,7.94564e-05
2017-09-16 12:00:00,4.8583417e-05
2017-09-17 12:00:00,7.454427e-05
2017-09-18 12:00:00,0.00010551742
2017-09-19 12:00:00,0.0001396449
2017-09-20 12:00:00,7.11624e-05
2017-09-21 12:00:00,4.2085303e-05
2017-09-22 12:00:00,2.6685826e-05
2017-09-23 12:00:00,1.7989325e-05
2017-09-24 12:00:00,3.7224178e-05
2017-09-25 12:00:00,4.105238e-05
2017-09-26 12:00:00,3.9361606e-05
2017-09-27 12:00:00,2.574794e-05
2017-09-28 12:00:00,2.1139902e-05
2017-09-29 12:00:00,1.944961e-05
2017-09-30 12:00:00,1.8640043e-05
2017-10-01 12:00:00,1.8018662e-05
2017-10-02 12:00:00,1.5983751e-05
2017-10-03 12:00:00,1.6062651e-05
2017-10-04 12:00:00,1.6388149e-05
2017-10-05 12:00:00,2.1111511e-05
2017-10-06 12:00:00,7.88247e-05
2017-10-07 12:00:00,0.00013157318
2017-10-08 12:00:00,6.681387e-05
2017-10-09 12:00:00,3.7109276e-05
2017-10-10 12:00:00,3.5299294e-05
2017-10-11 12:00:00,6.141458e-05
2017-10-12 12:00:00,8.792043e-05
2017-10-13 12:00:00,4.4855973e-05
2017-10-14 12:00:00,8.1036706e-05
2017-10-15 12:00:00,6.7231e-05
2017-10-16 12:00:00,4.1412248e-05
2017-10-17 12:00:00,2.6637019e-05
2017-10-18 12:00:00,2.9289047e-05
2017-10-19 12:00:00,3.13505e-05
2017-10-20 12:00:00,2.5414993e-05
2017-10-21 12:00:00,6.74279e-05
2017-10-22 12:00:00,3.8303217e-05
2017-10-23 12:00:00,0.00012516044
2017-10-24 12:00:00,0.00015299158
2017-10-25 12:00:00,9.871865e-05
2017-10-26 12:00:00,0.000111866524
2017-10-27 12:00:00,0.00010943157
2017-10-28 12:00:00,0.00015128119
2017-10-29 12:00:00,0.0001408047
2017-10-30 12:00:00,0.00010764282
2017-11-01 12:00:00,5.0125847e-05
2017-11-02 12:00:00,6.4029395e-05
2017-11-03 12:00:00,5.0326373e-05
2017-11-04 12:00:00,1.5608113e-05
2017-11-05 12:00:00,2.5833688e-05
2017-11-06 12:00:00,3.2773576e-05
2017-11-07 12:00:00,6.8982336e-05
2017-11-08 12:00:00,0.00011536589
2017-11-09 12:00:00,7.015759e-05
2017-11-10 12:00:00,7.4070704e-05
2017-11-11 12:00:00,5.1562136e-05
2017-11-12 12:00:00,2.81994e-05
2017-11-13 12:00:00,3.4613953e-05
2017-11-14 12:00:00,3.9643426e-05
2017-11-15 12:00:00,5.539204e-05
2017-11-16 12:00:00,4.6707995e-05
2017-11-17 12:00:00,5.578631e-05
2017-11-18 12:00:00,9.85634e-05
2017-11-19 12:00:00,5.540019e-05
2017-11-20 12:00:00,0.000102681486
2017-11-21 12:00:00,7.655549e-05
2017-11-22 12:00:00,6.8454465e-05
2017-11-23 12:00:00,2.8734386e-05
2017-11-24 12:00:00,3.025189e-05
2017-11-25 12:00:00,2.3626155e-05
2017-11-26 12:00:00,1.3640951e-05
2017-11-27 12:00:00,1.4038684e-05
2017-11-28 12:00:00,2.8943818e-05
2017-11-29 12:00:00,2.0197636e-05
2017-11-30 12:00:00,2.0548148e-05
2017-12-01 12:00:00,2.5595215e-05
2017-12-02 12:00:00,1.31101115e-05
2017-12-03 12:00:00,1.39769545e-05
2017-12-04 12:00:00,7.967115e-06
2017-12-05 12:00:00,1.4695528e-05
2017-12-06 12:00:00,4.2463347e-05
2017-12-07 12:00:00,5.264528e-05
2017-12-08 12:00:00,5.5068256e-05
2017-12-09 12:00:00,3.742834e-05
2017-12-10 12:00:00,5.2787436e-05
2017-12-11 12:00:00,5.565022e-05
2017-12-12 12:00:00,4.271006e-05
2017-12-13 12:00:00,5.0303992e-05
2017-12-14 12:00:00,3.3512915e-05
2017-12-15 12:00:00,4.665795e-05
2017-12-16 12:00:00,2.522493e-05
2017-12-17 12:00:00,2.8614726e-05
2017-12-18 12:00:00,2.3400644e-05
2017-12-19 12:00:00,5.1757655e-05
2017-12-20 12:00:00,0.00011435941
2017-12-21 12:00:00,7.378285e-05
2017-12-22 12:00:00,3.553969e-05
2017-12-23 12:00:00,1.7327635e-05
2017-12-24 12:00:00,1.6517311e-05
2017-12-25 12:00:00,2.3893197e-05
2017-12-26 12:00:00,1.5762464e-05
2017-12-27 12:00:00,1.3197583e-05
2017-12-28 12:00:00,2.3201152e-05
2017-12-29 12:00:00,7.781084e-06
2017-12-30 12:00:00,7.43744e-06
2018-01-01 12:00:00,8.144838e-06
2018-01-02 12:00:00,2.1792275e-05
2018-01-03 12:00:00,4.338172e-05
2018-01-04 12:00:00,4.9142196e-05
2018-01-05 12:00:00,5.8769176e-05
2018-01-06 12:00:00,4.1234103e-05
2018-01-07 12:00:00,2.1665779e-05
2018-01-08 12:00:00,1.4259436e-05
2018-01-09 12:00:00,2.4237044e-05
2018-01-10 12:00:00,4.846248e-05
2018-01-11 12:00:00,0.000116109484
2018-01-12 12:00:00,9.013231e-05
2018-01-13 12:00:00,3.3738892e-05
2018-01-14 12:00:00,6.2845356e-05
2018-01-15 12:00:00,5.0612667e-05
2018-01-16 12:00:00,4.7209018e-05
2018-01-17 12:00:00,3.4276833e-05
2018-01-18 12:00:00,2.7369853e-05
2018-01-19 12:00:00,3.165353e-05
2018-01-20 12:00:00,4.713829e-05
2018-01-21 12:00:00,2.3760062e-05
2018-01-22 12:00:00,0.00011209001
2018-01-23 12:00:00,3.057056e-05
2018-01-24 12:00:00,3.195062e-05
2018-01-25 12:00:00,4.879401e-05
2018-01-26 12:00:00,4.1278792e-05
2018-01-27 12:00:00,1.8016086e-05
2018-01-28 12:00:00,2.2909866e-05
2018-01-29 12:00:00,2.0228545e-05
2018-01-30 12:00:00,1.4367863e-05
2018-02-01 12:00:00,1.157033e-05
2018-02-02 12:00:00,1.0959833e-05
2018-02-03 12:00:00,1.4172198e-05
2018-02-04 12:00:00,2.1824017e-05
2018-02-05 12:00:00,2.3014698e-05
2018-02-06 12:00:00,3.072417e-05
2018-02-07 12:00:00,5.1784766e-05
2018-02-08 12:00:00,5.079707e-05
2018-02-09 12:00:00,3.1819636e-05
2018-02-10 12:00:00,2.9420771e-05
2018-02-11 12:00:00,1.8158651e-05
2018-02-12 12:00:00,0.00010583887
2018-02-13 12:00:00,8.25599e-05
2018-02-14 12:00:00,2.814336e-05
2018-02-15 12:00:00,1.7908285e-05
2018-02-16 12:00:00,2.3134826e-05
2018-02-17 12:00:00,1.4615707e-05
2018-02-18 12:00:00,4.4588924e-06
2018-02-19 12:00:00,5.2298565e-06
2018-02-20 12:00:00,2.896323e-05
2018-02-21 12:00:00,4.0175684e-05
2018-02-22 12:00:00,2.3316912e-05
2018-02-23 12:00:00,3.3218676e-05
2018-02-24 12:00:00,3.0267562e-05
2018-02-25 12:00:00,4.4082553e-05
2018-02-26 12:00:00,5.86838e-05
2018-02-27 12:00:00,1.47844985e-05
2018-02-28 12:00:00,9.457508e-06
2018-02-29 12:00:00,9.421361e-06
2018-02-30 12:00:00,8.368806e-06
2018-03-01 12:00:00,1.44698715e-05
2018-03-02 12:00:00,1.8742474e-05
2018-03-03 12:00:00,5.715061e-06
2018-03-04 12:00:00,6.0232458e-05
2018-03-05 12:00:00,6.031165e-05
2018-03-06 12:00:00,2.350859e-05
2018-03-07 12:00:00,2.063234e-05
2018-03-08 12:00:00,1.7725732e-05
2018-03-09 12:00:00,8.830008e-06
2018-03-10 12:00:00,7.0957904e-06
2018-03-11 12:00:00,6.6998473e-06
2018-03-12 12:00:00,1.4733625e-05
2018-03-13 12:00:00,3.964457e-05
2018-03-14 12:00:00,3.951302e-05
2018-03-15 12:00:00,4.285015e-05
2018-03-16 12:00:00,5.0800314e-05
2018-03-17 12:00:00,2.407153e-05
2018-03-18 12:00:00,9.500276e-06
2018-03-19 12:00:00,4.4906046e-06
2018-03-20 12:00:00,1.2721532e-05
2018-03-21 12:00:00,4.229175e-05
2018-03-22 12:00:00,2.1762942e-05
2018-03-23 12:00:00,1.4889069e-05
2018-03-24 12:00:00,2.2738313e-05
2018-03-25 12:00:00,1.895838e-05
2018-03-26 12:00:00,1.6135207e-05
2018-03-27 12:00:00,1.474531e-05
2018-03-28 12:00:00,1.2131903e-05
2018-03-29 12:00:00,1.3292738e-05
2018-03-30 12:00:00,1.30386325e-05
2018-04-01 12:00:00,1.2076591e-05
2018-04-02 12:00:00,1.960063e-05
2018-04-03 12:00:00,4.4869645e-05
2018-04-04 12:00:00,4.8147573e-05
2018-04-05 12:00:00,3.5344478e-05
2018-04-06 12:00:00,3.894953e-05
2018-04-07 12:00:00,3.117224e-05
2018-04-08 12:00:00,4.2704545e-05
2018-04-09 12:00:00,8.140897e-05
2018-04-10 12:00:00,8.85185e-05
2018-04-11 12:00:00,5.003388e-05
2018-04-12 12:00:00,3.2111595e-05
2018-04-13 12:00:00,3.6672718e-05
2018-04-14 12:00:00,2.6053734e-05
2018-04-15 12:00:00,2.4728943e-05
2018-04-16 12:00:00,1.6073725e-05
2018-04-17 12:00:00,2.0773863e-05
2018-04-18 12:00:00,3.0276628e-05
2018-04-19 12:00:00,5.4949705e-05
2018-04-20 12:00:00,0.00011501076
2018-04-21 12:00:00,0.00012350343
2018-04-22 12:00:00,8.59071e-05
2018-04-23 12:00:00,6.5435044e-05
2018-04-24 12:00:00,3.7840015e-05
2018-04-25 12:00:00,3.8444618e-05
2018-04-26 12:00:00,5.3043048e-05
2018-04-27 12:00:00,4.2797692e-05
2018-04-28 12:00:00,7.6091266e-05
2018-04-29 12:00:00,6.6501234e-05
2018-04-30 12:00:00,5.947695e-05
2018-05-01 12:00:00,3.0266383e-05
2018-05-02 12:00:00,4.755007e-05
2018-05-03 12:00:00,7.545056e-05
2018-05-04 12:00:00,0.000108097505
2018-05-05 12:00:00,8.783271e-05
2018-05-06 12:00:00,3.483788e-05
2018-05-07 12:00:00,3.6740807e-05
2018-05-08 12:00:00,1.717485e-05
2018-05-09 12:00:00,3.0700627e-05
2018-05-10 12:00:00,7.2404146e-05
2018-05-11 12:00:00,3.9209976e-05
2018-05-12 12:00:00,2.4286463e-05
2018-05-13 12:00:00,2.2639302e-05
2018-05-14 12:00:00,1.172116e-05
2018-05-15 12:00:00,1.5435202e-05
2018-05-16 12:00:00,1.6911756e-05
2018-05-17 12:00:00,1.1075783e-05
2018-05-18 12:00:00,1.980648e-05
2018-05-19 12:00:00,1.9207553e-05
2018-05-20 12:00:00,1.9505314e-05
2018-05-21 12:00:00,1.5262354e-05
2018-05-22 12:00:00,1.9945368e-05
2018-05-23 12:00:00,2.1119806e-05
2018-05-24 12:00:00,2.8352995e-05
2018-05-25 12:00:00,3.8958373e-05
2018-05-26 12:00:00,2.5794128e-05
2018-05-27 12:00:00,2.9412477e-05
2018-05-28 12:00:00,3.138557e-05
2018-05-29 12:00:00,3.7832113e-05
2018-05-30 12:00:00,4.075443e-05
2018-06-01 12:00:00,4.1531763e-05
2018-06-02 12:00:00,5.12439e-05
2018-06-03 12:00:00,2.7046932e-05
2018-06-04 12:00:00,2.0878244e-05
2018-06-05 12:00:00,2.8384587e-05
2018-06-06 12:00:00,2.2248394e-05
2018-06-07 12:00:00,1.8897066e-05
2018-06-08 12:00:00,2.5346963e-05
2018-06-09 12:00:00,2.1755943e-05
2018-06-10 12:00:00,3.2255048e-05
2018-06-11 12:00:00,3.890948e-05
2018-06-12 12:00:00,3.316124e-05
2018-06-13 12:00:00,2.3175526e-05
2018-06-14 12:00:00,2.0529813e-05
2018-06-15 12:00:00,4.7648806e-05
2018-06-16 12:00:00,4.8261383e-05
2018-06-17 12:00:00,5.3802447e-05
2018-06-18 12:00:00,3.2317883e-05
2018-06-19 12:00:00,2.0278909e-05
2018-06-20 12:00:00,3.8464917e-05
2018-06-21 12:00:00,4.021266e-05
2018-06-22 12:00:00,4.505695e-05
2018-06-23 12:00:00,2.976021e-05
2018-06-24 12:00:00,5.5582554e-05
2018-06-25 12:00:00,3.4749362e-05
2018-06-26 12:00:00,1.9091356e-05
2018-06-27 12:00:00,2.0013467e-05
2018-06-28 12:00:00,5.0679417e-05
2018-06-29 12:00:00,7.231062e-05
2018-06-30 12:00:00,4.289394e-05
2018-07-01 12:00:00,3.621941e-05
2018-07-02 12:00:00,4.1011313e-05
2018-07-03 12:00:00,3.1107746e-05
2018-07-04 12:00:00,2.2371329e-05
2018-07-05 12:00:00,1.7225379e-05
2018-07-06 12:00:00,3.9023857e-05
2018-07-07 12:00:00,3.215141e-05
2018-07-08 12:00:00,3.1799762e-05
2018-07-09 12:00:00,2.9252304e-05
2018-07-10 12:00:00,2.1846194e-05
2018-07-11 12:00:00,3.4859157e-05
2018-07-12 12:00:00,4.842224e-05
2018-07-13 12:00:00,3.4691315e-05
2018-07-14 12:00:00,3.0187512e-05
2018-07-15 12:00:00,2.708366e-05
2018-07-16 12:00:00,4.2661195e-05
2018-07-17 12:00:00,3.0991418e-05
2018-07-18 12:00:00,2.5729998e-05
2018-07-19 12:00:00,7.483954e-05
2018-07-20 12:00:00,7.163521e-05
2018-07-21 12:00:00,5.8531994e-05
2018-07-22 12:00:00,5.0809787e-05
2018-07-23 12:00:00,7.114744e-05
2018-07-24 12:00:00,8.902479e-05
2018-07-25 12:00:00,0.00016333442
2018-07-26 12:00:00,0.00011582696
2018-07-27 12:00:00,6.192515e-05
2018-07-28 12:00:00,6.4833366e-05
2018-07-29 12:00:00,5.1654817e-05
2018-07-30 12:00:00,7.363006e-05
2018-08-01 12:00:00,0.00011952239
2018-08-02 12:00:00,8.915592e-05
2018-08-03 12:00:00,5.5827593e-05
2018-08-04 12:00:00,5.8045553e-05
2018-08-05 12:00:00,5.4335163e-05
2018-08-06 12:00:00,5.2300966e-05
2018-08-07 12:00:00,4.6349916e-05
2018-08-08 12:00:00,5.662028e-05
2018-08-09 12:00:00,7.83609e-05
2018-08-10 12:00:00,5.0054347e-05
2018-08-11 12:00:00,5.338961e-05
2018-08-12 12:00:00,0.00013127083
2018-08-13 12:00:00,0.00015095399
2018-08-14 12:00:00,0.0001724526
2018-08-15 12:00:00,0.0001451824
2018-08-16 12:00:00,7.110821e-05
2018-08-17 12:00:00,5.2183124e-05
2018-08-18 12:00:00,5.2711068e-05
2018-08-19 12:00:00,3.2736003e-05
2018-08-20 12:00:00,3.2839773e-05
2018-08-21 12:00:00,4.7808557e-05
2018-08-22 12:00:00,3.52519e-05
2018-08-23 12:00:00,3.5564066e-05
2018-08-24 12:00:00,4.924515e-05
2018-08-25 12:00:00,5.27808e-05
2018-08-26 12:00:00,3.9251594e-05
2018-08-27 12:00:00,4.4313143e-05
2018-08-28 12:00:00,3.7618112e-05
2018-08-29 12:00:00,2.058834e-05
2018-08-30 12:00:00,1.8759718e-05
2018-09-01 12:00:00,2.249358e-05
2018-09-02 12:00:00,3.8695332e-05
2018-09-03 12:00:00,9.489423e-05
2018-09-04 12:00:00,6.2249004e-05
2018-09-05 12:00:00,0.00011102379
2018-09-06 12:00:00,0.00013748406
2018-09-07 12:00:00,0.00013483365
2018-09-08 12:00:00,0.00012430147
2018-09-09 12:00:00,8.931752e-05
2018-09-10 12:00:00,5.1897194e-05
2018-09-11 12:00:00,4.2022803e-05
2018-09-12 12:00:00,6.947004e-05
2018-09-13 12:00:00,3.939525e-05
2018-09-14 12:00:00,2.8890914e-05
2018-09-15 12:00:00,3.536344e-05
2018-09-16 12:00:00,5.758759e-05
2018-09-17 12:00:00,5.340774e-05
2018-09-18 12:00:00,6.899283e-05
2018-09-19 12:00:00,8.338201e-05
2018-09-20 12:00:00,9.895074e-05
2018-09-21 12:00:00,5.302274e-05
2018-09-22 12:00:00,4.225003e-05
2018-09-23 12:00:00,3.479478e-05
2018-09-24 12:00:00,5.5813012e-05
2018-09-25 12:00:00,4.686322e-05
2018-09-26 12:00:00,3.065038e-05
2018-09-27 12:00:00,7.866739e-05
2018-09-28 12:00:00,5.152257e-05
2018-09-29 12:00:00,2.5953661e-05
2018-09-30 12:00:00,2.1140004e-05
2018-10-01 12:00:00,1.8304127e-05
2018-10-02 12:00:00,2.890479e-05
2018-10-03 12:00:00,3.592779e-05
2018-10-04 12:00:00,0.00010939424
2018-10-05 12:00:00,0.00011789298
2018-10-06 12:00:00,0.000111739006
2018-10-07 12:00:00,4.0950676e-05
2018-10-08 12:00:00,6.200127e-05
2018-10-09 12:00:00,7.084283e-05
2018-10-10 12:00:00,5.2625135e-05
2018-10-11 12:00:00,6.3212574e-05
2018-10-12 12:00:00,9.215527e-05
2018-10-13 12:00:00,3.805055e-05
2018-10-14 12:00:00,7.419936e-05
2018-10-15 12:00:00,0.000119088974
2018-10-16 12:00:00,4.9756505e-05
2018-10-17 12:00:00,5.6341145e-05
2018-10-18 12:00:00,3.5999677e-05
2018-10-19 12:00:00,5.8113234e-05
2018-10-20 12:00:00,4.8746806e-05
2018-10-21 12:00:00,3.928921e-05
2018-10-22 12:00:00,3.0011332e-05
2018-10-23 12:00:00,5.856293e-05
2018-10-24 12:00:00,3.881933e-05
2018-10-25 12:00:00,3.873078e-05
2018-10-26 12:00:00,3.2583237e-05
2018-10-27 12:00:00,3.09444e-05
2018-10-28 12:00:00,3.1368036e-05
2018-10-29 12:00:00,2.3631903e-05
2018-10-30 12:00:00,2.9216739e-05
2018-11-01 12:00:00,2.885377e-05
2018-11-02 12:00:00,1.9714746e-05
2018-11-03 12:00:00,1.7028171e-05
2018-11-04 12:00:00,3.2594424e-05
2018-11-05 12:00:00,2.753445e-05
2018-11-06 12:00:00,6.286797e-05
2018-11-07 12:00:00,2.8684517e-05
2018-11-08 12:00:00,5.20405e-05
2018-11-09 12:00:00,1.5240323e-05
2018-11-10 12:00:00,2.228179e-05
2018-11-11 12:00:00,5.3231328e-05
2018-11-12 12:00:00,5.8933547e-05
2018-11-13 12:00:00,5.8619236e-05
2018-11-14 12:00:00,9.270072e-05
2018-11-15 12:00:00,9.349473e-05
2018-11-16 12:00:00,2.4286928e-05
2018-11-17 12:00:00,7.84668e-05
2018-11-18 12:00:00,4.4153294e-05
2018-11-19 12:00:00,0.00010305489
2018-11-20 12:00:00,8.125238e-05
2018-11-21 12:00:00,0.00012631482
2018-11-22 12:00:00,9.0899106e-05
2018-11-23 12:00:00,2.8632363e-05
2018-11-24 12:00:00,1.642575e-05
2018-11-25 12:00:00,9.688975e-05
2018-11-26 12:00:00,8.6671804e-05
2018-11-27 12:00:00,1.7987157e-05
2018-11-28 12:00:00,1.7054044e-05
2018-11-29 12:00:00,1.6136062e-05
2018-11-30 12:00:00,1.750878e-05
2018-12-01 12:00:00,3.6277022e-05
2018-12-02 12:00:00,7.027087e-05
2018-12-03 12:00:00,4.6981775e-05
2018-12-04 12:00:00,6.147439e-05
2018-12-05 12:00:00,5.5252574e-05
2018-12-06 12:00:00,7.170993e-05
2018-12-07 12:00:00,5.508651e-05
2018-12-08 12:00:00,2.6760528e-05
2018-12-09 12:00:00,5.0652015e-05
2018-12-10 12:00:00,0.000108662105
2018-12-11 12:00:00,0.000109063374
2018-12-12 12:00:00,7.524835e-05
2018-12-13 12:00:00,5.792835e-05
2018-12-14 12:00:00,5.812636e-05
2018-12-15 12:00:00,2.0722407e-05
2018-12-16 12:00:00,1.383324e-05
2018-12-17 12:00:00,1.7369919e-05
2018-12-18 12:00:00,2.2581016e-05
2018-12-19 12:00:00,2.9107508e-05
2018-12-20 12:00:00,3.79212e-05
2018-12-21 12:00:00,4.7190755e-05
2018-12-22 12:00:00,5.6018558e-05
2018-12-23 12:00:00,2.739772e-05
2018-12-24 12:00:00,3.847186e-05
2018-12-25 12:00:00,4.148281e-05
2018-12-26 12:00:00,2.9135554e-05
2018-12-27 12:00:00,1.9241983e-05
2018-12-28 12:00:00,3.952389e-05
2018-12-29 12:00:00,7.1504226e-05
2018-12-30 12:00:00,6.0901177e-05
2019-01-01 12:00:00,4.639488e-05
2019-01-02 12:00:00,4.8272137e-05
2019-01-03 12:00:00,3.8939586e-05
2019-01-04 12:00:00,1.2717486e-05
2019-01-05 12:00:00,2.7621732e-05
2019-01-06 12:00:00,1.3226687e-05
2019-01-07 12:00:00,2.1565531e-05
2019-01-08 12:00:00,2.9275045e-05
2019-01-09 12:00:00,3.5343357e-05
2019-01-10 12:00:00,2.861429e-05
2019-01-11 12:00:00,5.7025012e-05
2019-01-12 12:00:00,0.000103892984
2019-01-13 12:00:00,4.8525268e-05
2019-01-14 12:00:00,2.0614287e-05
2019-01-15 12:00:00,2.2780718e-05
2019-01-16 12:00:00,2.837222e-05
2019-01-17 12:00:00,6.865697e-05
2019-01-18 12:00:00,6.346544e-05
2019-01-19 12:00:00,2.2222608e-05
2019-01-20 12:00:00,8.6135304e-05
2019-01-21 12:00:00,7.317976e-05
2019-01-22 12:00:00,4.766848e-05
2019-01-23 12:00:00,2.38701e-05
2019-01-24 12:00:00,1.4299789e-05
2019-01-25 12:00:00,1.4097532e-05
2019-01-26 12:00:00,1.3809244e-05
2019-01-27 12:00:00,1.1677258e-05
2019-01-28 12:00:00,1.4771271e-05
2019-01-29 12:00:00,1.1642347e-05
2019-01-30 12:00:00,8.318981e-06
2019-02-01 12:00:00,9.891053e-06
2019-02-02 12:00:00,2.8923569e-05
2019-02-03 12:00:00,8.2631086e-05
2019-02-04 12:00:00,6.286439e-05
2019-02-05 12:00:00,3.0456518e-05
2019-02-06 12:00:00,2.1085481e-05
2019-02-07 12:00:00,2.7358124e-05
2019-02-08 12:00:00,3.0093317e-05
2019-02-09 12:00:00,1.934469e-05
2019-02-10 12:00:00,1.8583349e-05
2019-02-11 12:00:00,1.4388221e-05
2019-02-12 12:00:00,4.1658903e-05
2019-02-13 12:00:00,1.5872516e-05
2019-02-14 12:00:00,9.482275e-06
2019-02-15 12:00:00,1.050123e-05
2019-02-16 12:00:00,1.5084617e-05
2019-02-17 12:00:00,1.2372882e-05
2019-02-18 12:00:00,3.650303e-05
2019-02-19 12:00:00,4.959639e-05
2019-02-20 12:00:00,5.8340913e-05
2019-02-21 12:00:00,5.4877062e-05
2019-02-22 12:00:00,1.9656174e-05
2019-02-23 12:00:00,2.9525661e-05
2019-02-24 12:00:00,1.718261e-05
2019-02-25 12:00:00,1.910636e-05
2019-02-26 12:00:00,9.430078e-06
2019-02-27 12:00:00,9.917567e-06
2019-02-28 12:00:00,1.45356025e-05
2019-02-29 12:00:00,1.5411279e-05
2019-02-30 12:00:00,1.180025e-05
2019-03-01 12:00:00,1.904336e-05
2019-03-02 12:00:00,8.351248e-05
2019-03-03 12:00:00,7.416953e-05
2019-03-04 12:00:00,0.0001216745
2019-03-05 12:00:00,6.3644184e-05
2019-03-06 12:00:00,1.7534378e-05
2019-03-07 12:00:00,2.1525277e-05
2019-03-08 12:00:00,2.209247e-05
2019-03-09 12:00:00,6.488906e-05
2019-03-10 12:00:00,4.4132714e-05
2019-03-11 12:00:00,3.3578282e-05
2019-03-12 12:00:00,2.9933952e-05
2019-03-13 12:00:00,2.7618487e-05
2019-03-14 12:00:00,1.8500074e-05
2019-03-15 12:00:00,2.9894596e-05
2019-03-16 12:00:00,3.4165147e-05
2019-03-17 12:00:00,3.0132454e-05
2019-03-18 12:00:00,3.8346378e-05
2019-03-19 12:00:00,2.2558299e-05
2019-03-20 12:00:00,1.730668e-05
2019-03-21 12:00:00,4.777132e-05
2019-03-22 12:00:00,6.988528e-05
2019-03-23 12:00:00,4.2996937e-05
2019-03-24 12:00:00,1.203781e-05
2019-03-25 12:00:00,5.454768e-05
2019-03-26 12:00:00,3.2779004e-05
2019-03-27 12:00:00,9.988944e-06
2019-03-28 12:00:00,1.2261269e-05
2019-03-29 12:00:00,1.5800062e-05
2019-03-30 12:00:00,4.5640634e-05
2019-04-01 12:00:00,1.4174308e-05
2019-04-02 12:00:00,1.3238147e-05
2019-04-03 12:00:00,1.1606113e-05
2019-04-04 12:00:00,2.2493958e-05
2019-04-05 12:00:00,7.097778e-05
2019-04-06 12:00:00,5.665756e-05
2019-04-07 12:00:00,6.533023e-05
2019-04-08 12:00:00,0.00010469665
2019-04-09 12:00:00,0.000102913196
2019-04-10 12:00:00,8.8300236e-05
2019-04-11 12:00:00,4.050524e-05
2019-04-12 12:00:00,2.0110354e-05
2019-04-13 12:00:00,3.0177234e-05
2019-04-14 12:00:00,8.873464e-05
2019-04-15 12:00:00,0.00010118249
2019-04-16 12:00:00,0.00011272736
2019-04-17 12:00:00,0.00011157428
2019-04-18 12:00:00,5.372036e-05
2019-04-19 12:00:00,2.356025e-05
2019-04-20 12:00:00,2.434112e-05
2019-04-21 12:00:00,1.5704674e-05
2019-04-22 12:00:00,1.55397e-05
2019-04-23 12:00:00,9.647105e-06
2019-04-24 12:00:00,1.6364284e-05
2019-04-25 12:00:00,5.419427e-05
2019-04-26 12:00:00,3.0956653e-05
2019-04-27 12:00:00,2.0886573e-05
2019-04-28 12:00:00,4.06615e-05
2019-04-29 12:00:00,5.5189317e-05
2019-04-30 12:00:00,7.804249e-05
2019-05-01 12:00:00,8.0846505e-05
2019-05-02 12:00:00,5.52004e-05
2019-05-03 12:00:00,8.097118e-05
2019-05-04 12:00:00,7.1794464e-05
2019-05-05 12:00:00,5.9013808e-05
2019-05-06 12:00:00,2.9364675e-05
2019-05-07 12:00:00,2.9113966e-05
2019-05-08 12:00:00,2.834048e-05
2019-05-09 12:00:00,8.950441e-05
2019-05-10 12:00:00,0.00010564271
2019-05-11 12:00:00,3.9779974e-05
2019-05-12 12:00:00,5.7258658e-05
2019-05-13 12:00:00,1.7883765e-05
2019-05-14 12:00:00,2.1087442e-05
2019-05-15 12:00:00,1.7199476e-05
2019-05-16 12:00:00,1.4620979e-05
2019-05-17 12:00:00,1.5437196e-05
2019-05-18 12:00:00,2.3645393e-05
2019-05-19 12:00:00,1.8706938e-05
2019-05-20 12:00:00,2.1319021e-05
2019-05-21 12:00:00,6.826491e-05
2019-05-22 12:00:00,3.7941994e-05
2019-05-23 12:00:00,6.913835e-05
2019-05-24 12:00:00,3.0485055e-05
2019-05-25 12:00:00,2.4683395e-05
2019-05-26 12:00:00,3.616576e-05
2019-05-27 12:00:00,2.3335539e-05
2019-05-28 12:00:00,2.1110143e-05
2019-05-29 12:00:00,1.6212289e-05
2019-05-30 12:00:00,2.8037975e-05
2019-06-01 12:00:00,1.3306126e-05
2019-06-02 12:00:00,1.4043195e-05
2019-06-03 12:00:00,1.29786495e-05
2019-06-04 12:00:00,1.6517937e-05
2019-06-05 12:00:00,2.0054431e-05
2019-06-06 12:00:00,1.9060404e-05
2019-06-07 12:00:00,1.7262108e-05
2019-06-08 12:00:00,2.7117276e-05
2019-06-09 12:00:00,1.3292476e-05
2019-06-10 12:00:00,1.2681456e-05
2019-06-11 12:00:00,1.3838508e-05
2019-06-12 12:00:00,1.3369121e-05
2019-06-13 12:00:00,1.0756077e-05
2019-06-14 12:00:00,1.7947023e-05
2019-06-15 12:00:00,1.2202945e-05
2019-06-16 12:00:00,7.4059644e-06
2019-06-17 12:00:00,1.3257275e-05
2019-06-18 12:00:00,2.6748283e-05
2019-06-19 12:00:00,2.3858724e-05
2019-06-20 12:00:00,4.494784e-05
2019-06-21 12:00:00,3.1240037e-05
2019-06-22 12:00:00,2.3883604e-05
2019-06-23 12:00:00,1.3462923e-05
2019-06-24 12:00:00,8.970397e-06
2019-06-25 12:00:00,1.010907e-05
2019-06-26 12:00:00,1.2617515e-05
2019-06-27 12:00:00,2.904264e-05
2019-06-28 12:00:00,2.454425e-05
2019-06-29 12:00:00,1.8616542e-05
2019-06-30 12:00:00,1.9374565e-05
2019-07-01 12:00:00,2.0233769e-05
2019-07-02 12:00:00,2.521262e-05
2019-07-03 12:00:00,2.4956316e-05
2019-07-04 12:00:00,2.5004716e-05
2019-07-05 12:00:00,3.2855445e-05
2019-07-06 12:00:00,2.3035478e-05
2019-07-07 12:00:00,2.712573e-05
2019-07-08 12:00:00,2.2389402e-05
2019-07-09 12:00:00,2.632507e-05
2019-07-10 12:00:00,3.463401e-05
2019-07-11 12:00:00,4.2479296e-05
2019-07-12 12:00:00,2.789832e-05
2019-07-13 12:00:00,2.1084605e-05
2019-07-14 12:00:00,2.8573904e-05
2019-07-15 12:00:00,3.3853285e-05
2019-07-16 12:00:00,3.6670244e-05
2019-07-17 12:00:00,9.0194735e-05
2019-07-18 12:00:00,8.0850936e-05
2019-07-19 12:00:00,6.0684528e-05
2019-07-20 12:00:00,7.093926e-05
2019-07-21 12:00:00,0.00013598385
2019-07-22 12:00:00,0.00010986201
2019-07-23 12:00:00,8.020333e-05
2019-07-24 12:00:00,4.7036738e-05
2019-07-25 12:00:00,7.4352225e-05
2019-07-26 12:00:00,4.0909406e-05
2019-07-27 12:00:00,4.0368905e-05
2019-07-28 12:00:00,3.893244e-05
2019-07-29 12:00:00,4.1291234e-05
2019-07-30 12:00:00,5.706174e-05
2019-08-01 12:00:00,3.9102553e-05
2019-08-02 12:00:00,3.3024728e-05
2019-08-03 12:00:00,3.5905425e-05
2019-08-04 12:00:00,2.58051e-05
2019-08-05 12:00:00,3.5115416e-05
2019-08-06 12:00:00,8.505701e-05
2019-08-07 12:00:00,9.6254735e-05
2019-08-08 12:00:00,2.584909e-05
2019-08-09 12:00:00,5.36944e-05
2019-08-10 12:00:00,6.0523293e-05
2019-08-11 12:00:00,5.5650104e-05
2019-08-12 12:00:00,3.5212317e-05
2019-08-13 12:00:00,5.3702548e-05
2019-08-14 12:00:00,6.542182e-05
2019-08-15 12:00:00,7.510123e-05
2019-08-16 12:00:00,6.361605e-05
2019-08-17 12:00:00,0.00015991597
2019-08-18 12:00:00,0.00020729766
2019-08-19 12:00:00,0.00013780047
2019-08-20 12:00:00,7.7465025e-05
2019-08-21 12:00:00,4.4151515e-05
2019-08-22 12:00:00,6.872324e-05
2019-08-23 12:00:00,8.024972e-05
2019-08-24 12:00:00,8.005582e-05
2019-08-25 12:00:00,3.9503957e-05
2019-08-26 12:00:00,3.3271135e-05
2019-08-27 12:00:00,7.3708194e-05
2019-08-28 12:00:00,5.2082403e-05
2019-08-29 12:00:00,0.00016944938
2019-08-30 12:00:00,0.00015027495
2019-09-01 12:00:00,3.987977e-05
2019-09-02 12:00:00,0.000105074236
2019-09-03 12:00:00,0.000106815496
2019-09-04 12:00:00,2.607418e-05
2019-09-05 12:00:00,3.850124e-05
2019-09-06 12:00:00,4.7702357e-05
2019-09-07 12:00:00,4.140238e-05
2019-09-08 12:00:00,0.00013243727
2019-09-09 12:00:00,8.5482956e-05
2019-09-10 12:00:00,6.6047825e-05
2019-09-11 12:00:00,4.7260473e-05
2019-09-12 12:00:00,9.3380106e-05
2019-09-13 12:00:00,8.763101e-05
2019-09-14 12:00:00,2.178592e-05
2019-09-15 12:00:00,3.0947005e-05
2019-09-16 12:00:00,2.8766939e-05
2019-09-17 12:00:00,1.6340011e-05
2019-09-18 12:00:00,1.9284897e-05
2019-09-19 12:00:00,1.702494e-05
2019-09-20 12:00:00,6.615164e-05
2019-09-21 12:00:00,0.00014551515
2019-09-22 12:00:00,0.00014631948
2019-09-23 12:00:00,0.0001724703
2019-09-24 12:00:00,0.00014451257
2019-09-25 12:00:00,0.00010818866
2019-09-26 12:00:00,0.0001316024
2019-09-27 12:00:00,0.00017420213
2019-09-28 12:00:00,0.00017794645
2019-09-29 12:00:00,0.0001231454
2019-09-30 12:00:00,7.634057e-05
2019-10-01 12:00:00,5.4328877e-05
2019-10-02 12:00:00,5.24583e-05
2019-10-03 12:00:00,0.000103097
2019-10-04 12:00:00,0.00016167632
2019-10-05 12:00:00,0.00017544413
2019-10-06 12:00:00,0.000121078716
2019-10-07 12:00:00,0.00013200309
2019-10-08 12:00:00,0.00010339168
2019-10-09 12:00:00,9.9991485e-05
2019-10-10 12:00:00,3.332604e-05
2019-10-11 12:00:00,3.836387e-05
2019-10-12 12:00:00,1.9652856e-05
2019-10-13 12:00:00,1.1262076e-05
2019-10-14 12:00:00,1.0110729e-05
2019-10-15 12:00:00,1.0091011e-05
2019-10-16 12:00:00,9.487005e-06
2019-10-17 12:00:00,1.0718257e-05
2019-10-18 12:00:00,1.5697675e-05
2019-10-19 12:00:00,3.3630204e-05
2019-10-20 12:00:00,1.9705269e-05
2019-10-21 12:00:00,2.7993243e-05
2019-10-22 12:00:00,2.7707261e-05
2019-10-23 12:00:00,3.6041456e-05
2019-10-24 12:00:00,7.064787e-05
2019-10-25 12:00:00,2.3758592e-05
2019-10-26 12:00:00,1.714271e-05
2019-10-27 12:00:00,2.477398e-05
2019-10-28 12:00:00,1.8783787e-05
2019-10-29 12:00:00,2.3371613e-05
2019-10-30 12:00:00,2.0549007e-05
2019-11-01 12:00:00,8.9740395e-05
2019-11-02 12:00:00,3.3858785e-05
2019-11-03 12:00:00,2.9980045e-05
2019-11-04 12:00:00,2.654799e-05
2019-11-05 12:00:00,4.824136e-05
2019-11-06 12:00:00,4.7076148e-05
2019-11-07 12:00:00,3.17097e-05
2019-11-08 12:00:00,0.00010836468
2019-11-09 12:00:00,0.00011335201
2019-11-10 12:00:00,5.9006707e-05
2019-11-11 12:00:00,9.643427e-05
2019-11-12 12:00:00,5.3102805e-05
2019-11-13 12:00:00,5.031057e-05
2019-11-14 12:00:00,8.910826e-05
2019-11-15 12:00:00,5.564704e-05
2019-11-16 12:00:00,0.00010412162
2019-11-17 12:00:00,5.933488e-05
2019-11-18 12:00:00,4.7941212e-05
2019-11-19 12:00:00,4.206717e-05
2019-11-20 12:00:00,1.5713405e-05
2019-11-21 12:00:00,7.4857817e-06
2019-11-22 12:00:00,8.042174e-06
2019-11-23 12:00:00,9.642827e-06
2019-11-24 12:00:00,9.300478e-06
2019-11-25 12:00:00,1.749485e-05
2019-11-26 12:00:00,4.47825e-05
2019-11-27 12:00:00,9.0899266e-05
2019-11-28 12:00:00,5.827096e-05
2019-11-29 12:00:00,8.618635e-05
2019-11-30 12:00:00,5.3901415e-05
2019-12-01 12:00:00,9.1037706e-05
2019-12-02 12:00:00,8.370269e-05
2019-12-03 12:00:00,9.0065776e-05
2019-12-04 12:00:00,3.328915e-05
2019-12-05 12:00:00,2.0651496e-05
2019-12-06 12:00:00,2.681659e-05
2019-12-07 12:00:00,3.0821204e-05
2019-12-08 12:00:00,1.45640515e-05
2019-12-09 12:00:00,8.61584e-06
2019-12-10 12:00:00,8.724164e-06
2019-12-11 12:00:00,1.04841165e-05
2019-12-12 12:00:00,1.5420854e-05
2019-12-13 12:00:00,9.9019555e-05
2019-12-14 12:00:00,0.00014216347
2019-12-15 12:00:00,9.425325e-05
2019-12-16 12:00:00,2.888689e-05
2019-12-17 12:00:00,1.3469995e-05
2019-12-18 12:00:00,1.6137958e-05
2019-12-19 12:00:00,8.519448e-06
2019-12-20 12:00:00,5.7842844e-06
2019-12-21 12:00:00,1.0454503e-05
2019-12-22 12:00:00,1.8094928e-05
2019-12-23 12:00:00,2.5051646e-05
2019-12-24 12:00:00,4.2337677e-05
2019-12-25 12:00:00,3.4991317e-05
2019-12-26 12:00:00,2.4142413e-05
2019-12-27 12:00:00,6.0146907e-05
2019-12-28 12:00:00,3.842634e-05
2019-12-29 12:00:00,3.346555e-05
2019-12-30 12:00:00,2.3463932e-05
2020-01-01 12:00:00,3.3670847e-05
2020-01-02 12:00:00,1.95662e-05
2020-01-03 12:00:00,2.7764676e-05
2020-01-04 12:00:00,5.691436e-05
2020-01-05 12:00:00,3.9995735e-05
2020-01-06 12:00:00,3.733397e-05
2020-01-07 12:00:00,3.569927e-05
2020-01-08 12:00:00,5.701164e-05
2020-01-09 12:00:00,3.330379e-05
2020-01-10 12:00:00,5.705937e-05
2020-01-11 12:00:00,4.294894e-05
2020-01-12 12:00:00,3.5727946e-05
2020-01-13 12:00:00,9.9584766e-05
2020-01-14 12:00:00,8.262848e-05
2020-01-15 12:00:00,4.020489e-05
2020-01-16 12:00:00,6.3098356e-05
2020-01-17 12:00:00,5.105803e-05
2020-01-18 12:00:00,2.358768e-05
2020-01-19 12:00:00,1.5806247e-05
2020-01-20 12:00:00,3.7699487e-05
2020-01-21 12:00:00,4.1549178e-05
2020-01-22 12:00:00,4.8733127e-05
2020-01-23 12:00:00,5.179715e-05
2020-01-24 12:00:00,4.7527545e-05
2020-01-25 12:00:00,1.0264441e-05
2020-01-26 12:00:00,1.4615973e-05
2020-01-27 12:00:00,9.315496e-06
2020-01-28 12:00:00,1.6049307e-05
2020-01-29 12:00:00,5.5812037e-05
2020-01-30 12:00:00,4.215323e-05
2020-02-01 12:00:00,3.965817e-05
2020-02-02 12:00:00,3.4796914e-05
2020-02-03 12:00:00,1.7218757e-05
2020-02-04 12:00:00,3.0140058e-05
2020-02-05 12:00:00,2.1176562e-05
2020-02-06 12:00:00,1.5561876e-05
2020-02-07 12:00:00,1.1279699e-05
2020-02-08 12:00:00,1.1867785e-05
2020-02-09 12:00:00,1.1190874e-05
2020-02-10 12:00:00,1.226423e-05
2020-02-11 12:00:00,6.0437655e-05
2020-02-12 12:00:00,4.7671056e-05
2020-02-13 12:00:00,5.0240364e-05
2020-02-14 12:00:00,0.000101903206
2020-02-15 12:00:00,6.974591e-05
2020-02-16 12:00:00,1.9887651e-05
2020-02-17 12:00:00,1.8002072e-05
2020-02-18 12:00:00,6.071436e-05
2020-02-19 12:00:00,4.7094538e-05
2020-02-20 12:00:00,3.058104e-05
2020-02-21 12:00:00,1.30690605e-05
2020-02-22 12:00:00,1.8745674e-05
2020-02-23 12:00:00,2.2161312e-05
2020-02-24 12:00:00,1.026121e-05
2020-02-25 12:00:00,9.641625e-06
2020-02-26 12:00:00,1.1631331e-05
2020-02-27 12:00:00,1.0979609e-05
2020-02-28 12:00:00,9.530416e-06
2020-02-29 12:00:00,5.0959752e-05
2020-02-30 12:00:00,1.8857158e-05
2020-03-01 12:00:00,2.7783326e-05
2020-03-02 12:00:00,1.6055259e-05
2020-03-03 12:00:00,2.528682e-05
2020-03-04 12:00:00,2.0762076e-05
2020-03-05 12:00:00,3.0244482e-05
2020-03-06 12:00:00,2.4718334e-05
2020-03-07 12:00:00,7.212904e-06
2020-03-08 12:00:00,6.8969384e-06
2020-03-09 12:00:00,6.235641e-06
2020-03-10 12:00:00,1.4334916e-05
2020-03-11 12:00:00,1.0293484e-05
2020-03-12 12:00:00,2.4212568e-05
2020-03-13 12:00:00,3.998533e-05
2020-03-14 12:00:00,3.0632524e-05
2020-03-15 12:00:00,1.80629e-05
2020-03-16 12:00:00,2.2336302e-05
2020-03-17 12:00:00,2.0075022e-05
2020-03-18 12:00:00,1.8460283e-05
2020-03-19 12:00:00,2.2170701e-05
2020-03-20 12:00:00,2.5879548e-05
2020-03-21 12:00:00,2.5267698e-05
2020-03-22 12:00:00,2.0127723e-05
2020-03-23 12:00:00,2.7453623e-05
2020-03-24 12:00:00,6.405017e-05
2020-03-25 12:00:00,8.279884e-05
2020-03-26 12:00:00,5.319633e-05
2020-03-27 12:00:00,2.5142494e-05
2020-03-28 12:00:00,4.8574337e-05
2020-03-29 12:00:00,3.3284494e-05
2020-03-30 12:00:00,2.3995148e-05
2020-04-01 12:00:00,2.1580432e-05
2020-04-02 12:00:00,1.866562e-05
2020-04-03 12:00:00,4.2009633e-05
2020-04-04 12:00:00,3.4691766e-05
2020-04-05 12:00:00,2.0166277e-05
2020-04-06 12:00:00,1.4426786e-05
2020-04-07 12:00:00,6.718394e-05
2020-04-08 12:00:00,3.8471087e-05
2020-04-09 12:00:00,2.1289012e-05
2020-04-10 12:00:00,1.5402235e-05
2020-04-11 12:00:00,6.0863596e-05
2020-04-12 12:00:00,3.622716e-05
2020-04-13 12:00:00,2.0074818e-05
2020-04-14 12:00:00,1.8427429e-05
2020-04-15 12:00:00,2.2876178e-05
2020-04-16 12:00:00,1.8894483e-05
2020-04-17 12:00:00,1.6983724e-05
2020-04-18 12:00:00,1.6627928e-05
2020-04-19 12:00:00,2.062296e-05
2020-04-20 12:00:00,2.1777669e-05
2020-04-21 12:00:00,1.9599756e-05
2020-04-22 12:00:00,1.6639417e-05
2020-04-23 12:00:00,4.235623e-05
2020-04-24 12:00:00,3.366523e-05
2020-04-25 12:00:00,2.280534e-05
2020-04-26 12:00:00,1.3946381e-05
2020-04-27 12:00:00,2.1078406e-05
2020-04-28 12:00:00,1.5250116e-05
2020-04-29 12:00:00,1.7591548e-05
2020-04-30 12:00:00,6.005235e-05
2020-05-01 12:00:00,6.742084e-05
2020-05-02 12:00:00,3.835508e-05
2020-05-03 12:00:00,3.677529e-05
2020-05-04 12:00:00,5.8210608e-05
2020-05-05 12:00:00,4.7727444e-05
2020-05-06 12:00:00,2.005871e-05
2020-05-07 12:00:00,3.9670616e-05
2020-05-08 12:00:00,3.039866e-05
2020-05-09 12:00:00,2.3910892e-05
2020-05-10 12:00:00,3.0140596e-05
2020-05-11 12:00:00,2.8494178e-05
2020-05-12 12:00:00,1.40128395e-05
2020-05-13 12:00:00,1.6172271e-05
2020-05-14 12:00:00,1.6010512e-05
2020-05-15 12:00:00,1.7877435e-05
2020-05-16 12:00:00,1.6643608e-05
2020-05-17 12:00:00,1.61832e-05
2020-05-18 12:00:00,1.8071514e-05
2020-05-19 12:00:00,2.1050204e-05
2020-05-20 12:00:00,1.7388797e-05
2020-05-21 12:00:00,1.7731989e-05
2020-05-22 12:00:00,1.859678e-05
2020-05-23 12:00:00,2.7599744e-05
2020-05-24 12:00:00,2.5902249e-05
2020-05-25 12:00:00,1.9533283e-05
2020-05-26 12:00:00,8.596209e-06
2020-05-27 12:00:00,1.5606623e-05
2020-05-28 12:00:00,3.4895173e-05
2020-05-29 12:00:00,2.1547836e-05
2020-05-30 12:00:00,8.4564235e-05
2020-06-01 12:00:00,6.383813e-05
2020-06-02 12:00:00,6.219973e-05
2020-06-03 12:00:00,4.0890314e-05
2020-06-04 12:00:00,3.346044e-05
2020-06-05 12:00:00,2.3115528e-05
2020-06-06 12:00:00,2.3958506e-05
2020-06-07 12:00:00,2.9524308e-05
2020-06-08 12:00:00,3.7323232e-05
2020-06-09 12:00:00,4.0470288e-05
2020-06-10 12:00:00,3.1937117e-05
2020-06-11 12:00:00,2.483622e-05
2020-06-12 12:00:00,2.606197e-05
2020-06-13 12:00:00,2.7727598e-05
2020-06-14 12:00:00,2.6915397e-05
2020-06-15 12:00:00,2.5343048e-05
2020-06-16 12:00:00,3.1473202e-05
2020-06-17 12:00:00,3.2737807e-05
2020-06-18 12:00:00,2.4525332e-05
2020-06-19 12:00:00,2.8652343e-05
2020-06-20 12:00:00,3.6609577e-05
2020-06-21 12:00:00,3.00151e-05
2020-06-22 12:00:00,2.7536837e-05
2020-06-23 12:00:00,2.7609247e-05
2020-06-24 12:00:00,2.9336385e-05
2020-06-25 12:00:00,2.7860471e-05
2020-06-26 12:00:00,2.7646325e-05
2020-06-27 12:00:00,2.7004557e-05
2020-06-28 12:00:00,7.654326e-05
2020-06-29 12:00:00,0.00011378279
2020-06-30 12:00:00,0.00012865466
2020-07-01 12:00:00,0.000110144174
2020-07-02 12:00:00,5.293115e-05
2020-07-03 12:00:00,2.7872258e-05
2020-07-04 12:00:00,3.773265e-05
2020-07-05 12:00:00,4.1580293e-05
2020-07-06 12:00:00,4.174508e-05
2020-07-07 12:00:00,4.4174405e-05
2020-07-08 12:00:00,7.649942e-05
2020-07-09 12:00:00,0.00010170722
2020-07-10 12:00:00,7.7486795e-05
2020-07-11 12:00:00,6.0225168e-05
2020-07-12 12:00:00,6.746483e-05
2020-07-13 12:00:00,5.857712e-05
2020-07-14 12:00:00,4.1311127e-05
2020-07-15 12:00:00,3.2489545e-05
2020-07-16 12:00:00,5.6480145e-05
2020-07-17 12:00:00,0.00010968417
2020-07-18 12:00:00,0.00012833532
2020-07-19 12:00:00,0.00013573366
2020-07-20 12:00:00,0.00014034694
2020-07-21 12:00:00,0.00011008732
2020-07-22 12:00:00,7.1965536e-05
2020-07-23 12:00:00,3.7519203e-05
2020-07-24 12:00:00,3.6975765e-05
2020-07-25 12:00:00,3.464274e-05
2020-07-26 12:00:00,5.229801e-05
2020-07-27 12:00:00,4.391001e-05
2020-07-28 12:00:00,4.2170053e-05
2020-07-29 12:00:00,7.93307e-05
2020-07-30 12:00:00,8.590706e-05
2020-08-01 12:00:00,7.308119e-05
2020-08-02 12:00:00,5.8229853e-05
2020-08-03 12:00:00,6.301663e-05
2020-08-04 12:00:00,4.5743116e-05
2020-08-05 12:00:00,5.0605537e-05
2020-08-06 12:00:00,7.182942e-05
2020-08-07 12:00:00,6.133059e-05
2020-08-08 12:00:00,5.6693127e-05
2020-08-09 12:00:00,5.212423e-05
2020-08-10 12:00:00,5.5915225e-05
2020-08-11 12:00:00,5.4456847e-05
2020-08-12 12:00:00,3.4998084e-05
2020-08-13 12:00:00,4.3465494e-05
2020-08-14 12:00:00,7.718017e-05
2020-08-15 12:00:00,0.00010189641
2020-08-16 12:00:00,9.943133e-05
2020-08-17 12:00:00,6.667101e-05
2020-08-18 12:00:00,6.459061e-05
2020-08-19 12:00:00,5.855458e-05
2020-08-20 12:00:00,6.538235e-05
2020-08-21 12:00:00,8.055476e-05
2020-08-22 12:00:00,4.82827e-05
2020-08-23 12:00:00,7.612887e-05
2020-08-24 12:00:00,0.00010509629
2020-08-25 12:00:00,6.9582515e-05
2020-08-26 12:00:00,7.556703e-05
2020-08-27 12:00:00,9.624151e-05
2020-08-28 12:00:00,8.936305e-05
2020-08-29 12:00:00,0.000117994714
2020-08-30 12:00:00,0.00011085493
2020-09-01 12:00:00,6.7514746e-05
2020-09-02 12:00:00,7.2843555e-05
2020-09-03 12:00:00,8.183111e-05
2020-09-04 12:00:00,0.00010089528
2020-09-05 12:00:00,9.0658476e-05
2020-09-06 12:00:00,5.798503e-05
2020-09-07 12:00:00,3.8865343e-05
2020-09-08 12:00:00,4.8115617e-05
2020-09-09 12:00:00,4.8836228e-05
2020-09-10 12:00:00,0.0001273399
2020-09-11 12:00:00,0.000175853
2020-09-12 12:00:00,0.00017849781
2020-09-13 12:00:00,0.00016361852
2020-09-14 12:00:00,9.8336415e-05
2020-09-15 12:00:00,4.3908803e-05
2020-09-16 12:00:00,5.447687e-05
2020-09-17 12:00:00,3.3783057e-05
2020-09-18 12:00:00,2.9759802e-05
2020-09-19 12:00:00,2.938445e-05
2020-09-20 12:00:00,0.00011038246
2020-09-21 12:00:00,7.299743e-05
2020-09-22 12:00:00,3.96869e-05
2020-09-23 12:00:00,5.239551e-05
2020-09-24 12:00:00,3.617449e-05
2020-09-25 12:00:00,3.2876444e-05
2020-09-26 12:00:00,6.733195e-05
2020-09-27 12:00:00,3.8837912e-05
2020-09-28 12:00:00,4.0574057e-05
2020-09-29 12:00:00,4.9711205e-05
2020-09-30 12:00:00,8.277917e-05
2020-10-01 12:00:00,0.00019124574
2020-10-02 12:00:00,0.00017653676
2020-10-03 12:00:00,0.00015386795
2020-10-04 12:00:00,0.00011675859
2020-10-05 12:00:00,7.7183824e-05
2020-10-06 12:00:00,7.563486e-05
2020-10-07 12:00:00,7.616528e-05
2020-10-08 12:00:00,4.7853624e-05
2020-10-09 12:00:00,3.747744e-05
2020-10-10 12:00:00,3.7130056e-05
2020-10-11 12:00:00,3.2594195e-05
2020-10-12 12:00:00,3.523985e-05
2020-10-13 12:00:00,1.8210238e-05
2020-10-14 12:00:00,1.4271587e-05
2020-10-15 12:00:00,2.1312939e-05
2020-10-16 12:00:00,2.4428256e-05
2020-10-17 12:00:00,2.401341e-05
2020-10-18 12:00:00,2.4719368e-05
2020-10-19 12:00:00,2.0482257e-05
2020-10-20 12:00:00,3.8092694e-05
2020-10-21 12:00:00,2.7305461e-05
2020-10-22 12:00:00,3.6760946e-05
2020-10-23 12:00:00,2.8352675e-05
2020-10-24 12:00:00,3.3912256e-05
2020-10-25 12:00:00,5.3887692e-05
2020-10-26 12:00:00,3.1841788e-05
2020-10-27 12:00:00,5.9002283e-05
2020-10-28 12:00:00,5.4010932e-05
2020-10-29 12:00:00,8.948311e-05
2020-10-30 12:00:00,7.1602975e-05
2020-11-01 12:00:00,9.833649e-05
2020-11-02 12:00:00,7.8144e-05
2020-11-03 12:00:00,0.0001110583
2020-11-04 12:00:00,3.673938e-05
2020-11-05 12:00:00,8.3087856e-05
2020-11-06 12:00:00,0.00012422494
2020-11-07 12:00:00,0.00017846285
2020-11-08 12:00:00,0.00015171134
2020-11-09 12:00:00,0.00012137415
2020-11-10 12:00:00,0.00011300691
2020-11-11 12:00:00,0.00011309999
2020-11-12 12:00:00,0.000107911736
2020-11-13 12:00:00,9.510724e-05
2020-11-14 12:00:00,0.00010188365
2020-11-15 12:00:00,0.00011279261
2020-11-16 12:00:00,0.00010317526
2020-11-17 12:00:00,7.0146096e-05
2020-11-18 12:00:00,8.5848646e-05
2020-11-19 12:00:00,4.448033e-05
2020-11-20 12:00:00,4.393737e-05
2020-11-21 12:00:00,3.5384528e-05
2020-11-22 12:00:00,5.032727e-05
2020-11-23 12:00:00,5.6720455e-05
2020-11-24 12:00:00,3.577927e-05
2020-11-25 12:00:00,2.0904732e-05
2020-11-26 12:00:00,2.78811e-05
2020-11-27 12:00:00,4.8278558e-05
2020-11-28 12:00:00,4.9697977e-05
2020-11-29 12:00:00,0.0001194128
2020-11-30 12:00:00,7.494037e-05
2020-12-01 12:00:00,4.344777e-05
2020-12-02 12:00:00,3.3766075e-05
2020-12-03 12:00:00,5.0238246e-05
2020-12-04 12:00:00,5.5098804e-05
2020-12-05 12:00:00,6.6491484e-05
2020-12-06 12:00:00,0.00011218943
2020-12-07 12:00:00,8.498444e-05
2020-12-08 12:00:00,9.862811e-05
2020-12-09 12:00:00,3.2462165e-05
2020-12-10 12:00:00,0.00010105003
2020-12-11 12:00:00,6.4169144e-05
2020-12-12 12:00:00,8.043676e-05
2020-12-13 12:00:00,3.3930064e-05
2020-12-14 12:00:00,3.272874e-05
2020-12-15 12:00:00,8.87958e-05
2020-12-16 12:00:00,0.00011844
2020-12-17 12:00:00,2.8265713e-05
2020-12-18 12:00:00,5.0327115e-05
2020-12-19 12:00:00,8.743392e-05
2020-12-20 12:00:00,5.941062e-05
2020-12-21 12:00:00,9.29924e-05
2020-12-22 12:00:00,4.4918394e-05
2020-12-23 12:00:00,3.808205e-05
2020-12-24 12:00:00,3.6255777e-05
2020-12-25 12:00:00,4.9544076e-05
2020-12-26 12:00:00,2.187345e-05
2020-12-27 12:00:00,6.867404e-05
2020-12-28 12:00:00,6.830797e-05
2020-12-29 12:00:00,4.3166132e-05
2020-12-30 12:00:00,5.087709e-05
