time,evspsbl
2031-01-01 12:00:00,2.0953361e-05
2031-01-02 12:00:00,1.0551157e-05
2031-01-03 12:00:00,1.0259562e-05
2031-01-04 12:00:00,4.947462e-06
2031-01-05 12:00:00,6.000757e-06
2031-01-06 12:00:00,4.480651e-06
2031-01-07 12:00:00,7.64626e-06
2031-01-08 12:00:00,1.1500757e-05
2031-01-09 12:00:00,7.338196e-06
2031-01-10 12:00:00,1.5788217e-05
2031-01-11 12:00:00,1.3406505e-05
2031-01-12 12:00:00,8.719202e-06
2031-01-13 12:00:00,1.9825748e-05
2031-01-14 12:00:00,8.497664e-06
2031-01-15 12:00:00,1.620024e-05
2031-01-16 12:00:00,1.4406993e-05
2031-01-17 12:00:00,1.8435385e-05
2031-01-18 12:00:00,1.3340992e-05
2031-01-19 12:00:00,9.511636e-06
2031-01-20 12:00:00,1.1191166e-05
2031-01-21 12:00:00,7.800188e-06
2031-01-22 12:00:00,5.495327e-06
2031-01-23 12:00:00,1.3986486e-05
2031-01-24 12:00:00,9.350508e-06
2031-01-25 12:00:00,6.2969193e-06
2031-01-26 12:00:00,1.0363787e-05
2031-01-27 12:00:00,1.8343111e-05
2031-01-28 12:00:00,1.8676597e-05
2031-01-29 12:00:00,1.278978e-05
2031-01-30 12:00:00,2.0034582e-05
2031-02-01 12:00:00,1.938695e-05
2031-02-02 12:00:00,8.897448e-06
2031-02-03 12:00:00,1.5526748e-05
2031-02-04 12:00:00,1.07670785e-05
2031-02-05 12:00:00,6.4895867e-06
2031-02-06 12:00:00,1.175479e-05
2031-02-07 12:00:00,1.2625533e-05
2031-02-08 12:00:00,1.2690492e-05
2031-02-09 12:00:00,1.6547609e-05
2031-02-10 12:00:00,2.3936838e-05
2031-02-11 12:00:00,2.4308523e-05
2031-02-12 12:00:00,3.458254e-05
2031-02-13 12:00:00,2.735485e-05
2031-02-14 12:00:00,2.0335807e-05
2031-02-15 12:00:00,2.5523594e-05
2031-02-16 12:00:00,1.8689025e-05
2031-02-17 12:00:00,1.614889e-05
2031-02-18 12:00:00,1.3280175e-05
2031-02-19 12:00:00,1.4352923e-05
2031-02-20 12:00:00,1.1589669e-05
2031-02-21 12:00:00,8.200019e-06
2031-02-22 12:00:00,1.308514e-05
2031-02-23 12:00:00,1.1180338e-05
2031-02-24 12:00:00,1.687184e-05
2031-02-25 12:00:00,1.4268226e-05
2031-02-26 12:00:00,1.4938123e-05
2031-02-27 12:00:00,1.574243e-05
2031-02-28 12:00:00,1.73658e-05
2031-02-29 12:00:00,1.9752875e-05
2031-02-30 12:00:00,2.0776426e-05
2031-03-01 12:00:00,2.489833e-05
2031-03-02 12:00:00,2.5966692e-05
2031-03-03 12:00:00,3.005458e-05
2031-03-04 12:00:00,2.8115755e-05
2031-03-05 12:00:00,2.512561e-05
2031-03-06 12:00:00,3.0225012e-05
2031-03-07 12:00:00,2.469604e-05
2031-03-08 12:00:00,1.6036283e-05
2031-03-09 12:00:00,2.3463757e-05
2031-03-10 12:00:00,2.8859475e-05
2031-03-11 12:00:00,2.4675872e-05
2031-03-12 12:00:00,2.4966372e-05
2031-03-13 12:00:00,2.5666954e-05
2031-03-14 12:00:00,3.1907468e-05
2031-03-15 12:00:00,3.0216732e-05
2031-03-16 12:00:00,2.6949885e-05
2031-03-17 12:00:00,2.1344342e-05
2031-03-18 12:00:00,2.280192e-05
2031-03-19 12:00:00,1.9741929e-05
2031-03-20 12:00:00,3.8219063e-05
2031-03-21 12:00:00,3.994217e-05
2031-03-22 12:00:00,1.9824176e-05
2031-03-23 12:00:00,1.9506508e-05
2031-03-24 12:00:00,2.923407e-05
2031-03-25 12:00:00,2.7041126e-05
2031-03-26 12:00:00,2.6438618e-05
2031-03-27 12:00:00,2.6479494e-05
2031-03-28 12:00:00,7.8250805e-06
2031-03-29 12:00:00,3.4817276e-05
2031-03-30 12:00:00,4.0068553e-05
2031-04-01 12:00:00,3.353512e-05
2031-04-02 12:00:00,1.4709943e-05
2031-04-03 12:00:00,2.7240434e-05
2031-04-04 12:00:00,1.8244915e-05
2031-04-05 12:00:00,2.849591e-05
2031-04-06 12:00:00,2.3932967e-05
2031-04-07 12:00:00,1.2884513e-05
2031-04-08 12:00:00,3.2098862e-05
2031-04-09 12:00:00,1.7170183e-05
2031-04-10 12:00:00,3.3744713e-05
2031-04-11 12:00:00,8.879768e-06
2031-04-12 12:00:00,3.1193325e-05
2031-04-13 12:00:00,3.6468584e-05
2031-04-14 12:00:00,4.5157358e-05
2031-04-15 12:00:00,2.1315751e-05
2031-04-16 12:00:00,2.038362e-05
2031-04-17 12:00:00,1.139359e-05
2031-04-18 12:00:00,3.214419e-05
2031-04-19 12:00:00,3.2616532e-05
2031-04-20 12:00:00,5.8167818e-05
2031-04-21 12:00:00,6.0698167e-05
2031-04-22 12:00:00,5.3185224e-05
2031-04-23 12:00:00,4.7976602e-05
2031-04-24 12:00:00,3.9646846e-05
2031-04-25 12:00:00,3.9736587e-05
2031-04-26 12:00:00,3.920628e-05
2031-04-27 12:00:00,3.483238e-05
2031-04-28 12:00:00,2.4675697e-05
2031-04-29 12:00:00,1.1774202e-05
2031-04-30 12:00:00,4.2076805e-05
2031-05-01 12:00:00,4.9590497e-05
2031-05-02 12:00:00,4.9095688e-05
2031-05-03 12:00:00,3.459143e-05
2031-05-04 12:00:00,3.642963e-05
2031-05-05 12:00:00,4.6403336e-05
2031-05-06 12:00:00,4.2976102e-05
2031-05-07 12:00:00,3.0272946e-05
2031-05-08 12:00:00,1.6190359e-05
2031-05-09 12:00:00,7.126038e-05
2031-05-10 12:00:00,6.5072934e-05
2031-05-11 12:00:00,4.9856113e-05
2031-05-12 12:00:00,4.2818006e-05
2031-05-13 12:00:00,6.31748e-05
2031-05-14 12:00:00,6.8664056e-05
2031-05-15 12:00:00,6.191133e-05
2031-05-16 12:00:00,4.997727e-05
2031-05-17 12:00:00,5.351429e-05
2031-05-18 12:00:00,4.557839e-05
2031-05-19 12:00:00,4.8032496e-05
2031-05-20 12:00:00,4.8282862e-05
2031-05-21 12:00:00,5.538235e-05
2031-05-22 12:00:00,3.689155e-05
2031-05-23 12:00:00,4.441722e-05
2031-05-24 12:00:00,5.6306977e-05
2031-05-25 12:00:00,6.504054e-05
2031-05-26 12:00:00,6.0100374e-05
2031-05-27 12:00:00,6.2151e-05
2031-05-28 12:00:00,5.7478454e-05
2031-05-29 12:00:00,4.658586e-05
2031-05-30 12:00:00,5.3513577e-05
2031-06-01 12:00:00,5.719562e-05
2031-06-02 12:00:00,5.2731062e-05
2031-06-03 12:00:00,4.1133397e-05
2031-06-04 12:00:00,4.3007516e-05
2031-06-05 12:00:00,3.631439e-05
2031-06-06 12:00:00,3.21057e-05
2031-06-07 12:00:00,3.9133345e-05
2031-06-08 12:00:00,5.1806477e-05
2031-06-09 12:00:00,2.6562047e-05
2031-06-10 12:00:00,6.374935e-05
2031-06-11 12:00:00,6.641248e-05
2031-06-12 12:00:00,6.324798e-05
2031-06-13 12:00:00,4.1163716e-05
2031-06-14 12:00:00,3.8496306e-05
2031-06-15 12:00:00,3.7686303e-05
2031-06-16 12:00:00,5.0842136e-05
2031-06-17 12:00:00,5.713578e-05
2031-06-18 12:00:00,4.8122878e-05
2031-06-19 12:00:00,7.1679664e-05
2031-06-20 12:00:00,6.1621686e-05
2031-06-21 12:00:00,4.9471346e-05
2031-06-22 12:00:00,4.670043e-05
2031-06-23 12:00:00,6.0905426e-05
2031-06-24 12:00:00,4.9056674e-05
2031-06-25 12:00:00,5.1157636e-05
2031-06-26 12:00:00,4.2534055e-05
2031-06-27 12:00:00,5.1521856e-05
2031-06-28 12:00:00,5.756045e-05
2031-06-29 12:00:00,5.1275245e-05
2031-06-30 12:00:00,5.9432787e-05
2031-07-01 12:00:00,5.3314114e-05
2031-07-02 12:00:00,4.881955e-05
2031-07-03 12:00:00,5.3804906e-05
2031-07-04 12:00:00,3.744202e-05
2031-07-05 12:00:00,4.897418e-05
2031-07-06 12:00:00,4.9851733e-05
2031-07-07 12:00:00,4.808788e-05
2031-07-08 12:00:00,2.967233e-05
2031-07-09 12:00:00,4.145356e-05
2031-07-10 12:00:00,4.639072e-05
2031-07-11 12:00:00,4.7483714e-05
2031-07-12 12:00:00,5.3003707e-05
2031-07-13 12:00:00,5.1602445e-05
2031-07-14 12:00:00,4.1516018e-05
2031-07-15 12:00:00,4.4878674e-05
2031-07-16 12:00:00,4.5780704e-05
2031-07-17 12:00:00,4.257665e-05
2031-07-18 12:00:00,4.0137602e-05
2031-07-19 12:00:00,3.9784776e-05
2031-07-20 12:00:00,4.6433226e-05
2031-07-21 12:00:00,3.4025186e-05
2031-07-22 12:00:00,2.0083346e-05
2031-07-23 12:00:00,3.5573423e-05
2031-07-24 12:00:00,2.3928296e-05
2031-07-25 12:00:00,2.0681357e-05
2031-07-26 12:00:00,1.5382597e-05
2031-07-27 12:00:00,1.2794964e-05
2031-07-28 12:00:00,1.1530705e-05
2031-07-29 12:00:00,1.4012432e-05
2031-07-30 12:00:00,2.0657128e-05
2031-08-01 12:00:00,1.55921e-05
2031-08-02 12:00:00,1.4848585e-05
2031-08-03 12:00:00,8.687152e-06
2031-08-04 12:00:00,4.267007e-05
2031-08-05 12:00:00,4.001365e-05
2031-08-06 12:00:00,2.1058178e-05
2031-08-07 12:00:00,1.7830724e-05
2031-08-08 12:00:00,3.6873273e-05
2031-08-09 12:00:00,2.5342972e-05
2031-08-10 12:00:00,1.1122765e-05
2031-08-11 12:00:00,1.0191012e-05
2031-08-12 12:00:00,3.5070974e-05
2031-08-13 12:00:00,1.4713562e-05
2031-08-14 12:00:00,9.202971e-06
2031-08-15 12:00:00,1.6926584e-05
2031-08-16 12:00:00,1.29573455e-05
2031-08-17 12:00:00,7.2643306e-06
2031-08-18 12:00:00,2.0761276e-05
2031-08-19 12:00:00,1.7144848e-05
2031-08-20 12:00:00,3.695859e-05
2031-08-21 12:00:00,3.4749304e-05
2031-08-22 12:00:00,4.3394044e-05
2031-08-23 12:00:00,3.4769706e-05
2031-08-24 12:00:00,2.0128558e-05
2031-08-25 12:00:00,1.3936471e-05
2031-08-26 12:00:00,8.588642e-06
2031-08-27 12:00:00,8.993593e-06
2031-08-28 12:00:00,9.934622e-06
2031-08-29 12:00:00,9.7766315e-06
2031-08-30 12:00:00,8.806252e-06
2031-09-01 12:00:00,1.1585944e-05
2031-09-02 12:00:00,1.5135025e-05
2031-09-03 12:00:00,1.3473036e-05
2031-09-04 12:00:00,1.1417491e-05
2031-09-05 12:00:00,9.997457e-06
2031-09-06 12:00:00,8.646166e-06
2031-09-07 12:00:00,7.4151612e-06
2031-09-08 12:00:00,6.5460335e-06
2031-09-09 12:00:00,6.8498484e-06
2031-09-10 12:00:00,4.2341126e-06
2031-09-11 12:00:00,5.260823e-06
2031-09-12 12:00:00,5.7302386e-06
2031-09-13 12:00:00,2.4658293e-05
2031-09-14 12:00:00,1.1535318e-05
2031-09-15 12:00:00,1.0129137e-05
2031-09-16 12:00:00,6.814749e-06
2031-09-17 12:00:00,1.0666146e-05
2031-09-18 12:00:00,3.2760334e-05
2031-09-19 12:00:00,2.2743217e-05
2031-09-20 12:00:00,3.28912e-05
2031-09-21 12:00:00,2.9852163e-05
2031-09-22 12:00:00,1.7291415e-05
2031-09-23 12:00:00,1.0966061e-05
2031-09-24 12:00:00,2.2074484e-05
2031-09-25 12:00:00,1.8618002e-05
2031-09-26 12:00:00,2.3098037e-05
2031-09-27 12:00:00,2.334066e-05
2031-09-28 12:00:00,1.2703647e-05
2031-09-29 12:00:00,1.2703167e-05
2031-09-30 12:00:00,1.2021643e-05
2031-10-01 12:00:00,1.5547601e-05
2031-10-02 12:00:00,1.1264332e-05
2031-10-03 12:00:00,1.3800236e-05
2031-10-04 12:00:00,1.4647623e-05
2031-10-05 12:00:00,1.04453065e-05
2031-10-06 12:00:00,8.630246e-06
2031-10-07 12:00:00,8.201387e-06
2031-10-08 12:00:00,1.4969468e-05
2031-10-09 12:00:00,1.21721405e-05
2031-10-10 12:00:00,1.0256772e-05
2031-10-11 12:00:00,8.94806e-06
2031-10-12 12:00:00,9.2880655e-06
2031-10-13 12:00:00,7.3579185e-06
2031-10-14 12:00:00,1.1463941e-05
2031-10-15 12:00:00,8.8837305e-06
2031-10-16 12:00:00,6.39023e-06
2031-10-17 12:00:00,8.0429745e-06
2031-10-18 12:00:00,6.104907e-06
2031-10-19 12:00:00,5.5869314e-06
2031-10-20 12:00:00,5.7319266e-06
2031-10-21 12:00:00,5.7683064e-06
2031-10-22 12:00:00,5.528884e-06
2031-10-23 12:00:00,4.6345376e-06
2031-10-24 12:00:00,5.325802e-06
2031-10-25 12:00:00,8.067887e-06
2031-10-26 12:00:00,5.166454e-06
2031-10-27 12:00:00,5.0565386e-06
2031-10-28 12:00:00,1.0898648e-05
2031-10-29 12:00:00,2.0681156e-05
2031-10-30 12:00:00,1.78838e-05
2031-11-01 12:00:00,1.4660712e-05
2031-11-02 12:00:00,1.3764147e-05
2031-11-03 12:00:00,1.30642875e-05
2031-11-04 12:00:00,9.276188e-06
2031-11-05 12:00:00,1.7783328e-05
2031-11-06 12:00:00,1.0068948e-05
2031-11-07 12:00:00,8.846662e-06
2031-11-08 12:00:00,1.1914206e-05
2031-11-09 12:00:00,1.8877683e-05
2031-11-10 12:00:00,9.696554e-06
2031-11-11 12:00:00,7.412964e-06
2031-11-12 12:00:00,8.207804e-06
2031-11-13 12:00:00,1.3142693e-05
2031-11-14 12:00:00,8.064759e-06
2031-11-15 12:00:00,1.303594e-05
2031-11-16 12:00:00,1.4005607e-05
2031-11-17 12:00:00,7.443712e-06
2031-11-18 12:00:00,9.650389e-06
2031-11-19 12:00:00,8.816774e-06
2031-11-20 12:00:00,8.709906e-06
2031-11-21 12:00:00,1.9087747e-05
2031-11-22 12:00:00,1.3557394e-05
2031-11-23 12:00:00,7.5625576e-06
2031-11-24 12:00:00,5.5770215e-06
2031-11-25 12:00:00,9.645039e-06
2031-11-26 12:00:00,1.0513343e-05
2031-11-27 12:00:00,9.438017e-06
2031-11-28 12:00:00,1.3301906e-06
2031-11-29 12:00:00,8.870717e-06
2031-11-30 12:00:00,1.0116972e-05
2031-12-01 12:00:00,1.3250115e-05
2031-12-02 12:00:00,1.0534923e-05
2031-12-03 12:00:00,8.040482e-06
2031-12-04 12:00:00,1.2442266e-05
2031-12-05 12:00:00,2.0475538e-05
2031-12-06 12:00:00,2.4264318e-05
2031-12-07 12:00:00,2.0180421e-05
2031-12-08 12:00:00,1.3598248e-05
2031-12-09 12:00:00,1.7580423e-05
2031-12-10 12:00:00,1.6108812e-05
2031-12-11 12:00:00,1.1935059e-05
2031-12-12 12:00:00,5.310634e-06
2031-12-13 12:00:00,1.3238343e-05
2031-12-14 12:00:00,1.072904e-05
2031-12-15 12:00:00,5.5217015e-06
2031-12-16 12:00:00,1.3121818e-05
2031-12-17 12:00:00,9.890457e-06
2031-12-18 12:00:00,4.522062e-06
2031-12-19 12:00:00,1.3552126e-05
2031-12-20 12:00:00,8.083065e-06
2031-12-21 12:00:00,5.517689e-06
2031-12-22 12:00:00,8.325634e-06
2031-12-23 12:00:00,2.3386543e-05
2031-12-24 12:00:00,1.6095393e-05
2031-12-25 12:00:00,1.5249752e-05
2031-12-26 12:00:00,3.7120772e-06
2031-12-27 12:00:00,3.1319023e-06
2031-12-28 12:00:00,5.658643e-06
2031-12-29 12:00:00,1.7968225e-05
2031-12-30 12:00:00,5.8238365e-06
2032-01-01 12:00:00,4.1501917e-06
2032-01-02 12:00:00,1.2671939e-05
2032-01-03 12:00:00,1.4222649e-05
2032-01-04 12:00:00,5.293012e-06
2032-01-05 12:00:00,7.4186246e-06
2032-01-06 12:00:00,5.179725e-06
2032-01-07 12:00:00,1.736611e-05
2032-01-08 12:00:00,1.1480966e-05
2032-01-09 12:00:00,1.6613893e-05
2032-01-10 12:00:00,1.2484699e-05
2032-01-11 12:00:00,6.8543595e-06
2032-01-12 12:00:00,4.311194e-06
2032-01-13 12:00:00,1.3296667e-06
2032-01-14 12:00:00,9.922689e-06
2032-01-15 12:00:00,6.9420785e-06
2032-01-16 12:00:00,8.597723e-06
2032-01-17 12:00:00,4.1386083e-06
2032-01-18 12:00:00,1.3552693e-05
2032-01-19 12:00:00,1.4088044e-05
2032-01-20 12:00:00,1.6696591e-05
2032-01-21 12:00:00,1.1158962e-05
2032-01-22 12:00:00,9.666852e-06
2032-01-23 12:00:00,1.9984069e-05
2032-01-24 12:00:00,2.0122927e-05
2032-01-25 12:00:00,1.9414358e-05
2032-01-26 12:00:00,2.145776e-05
2032-01-27 12:00:00,2.240487e-05
2032-01-28 12:00:00,2.7078262e-05
2032-01-29 12:00:00,2.135335e-05
2032-01-30 12:00:00,1.6831953e-05
2032-02-01 12:00:00,1.8111e-05
2032-02-02 12:00:00,1.2373015e-05
2032-02-03 12:00:00,1.7120548e-05
2032-02-04 12:00:00,7.757277e-06
2032-02-05 12:00:00,5.2667447e-06
2032-02-06 12:00:00,1.1837953e-05
2032-02-07 12:00:00,2.433329e-05
2032-02-08 12:00:00,1.9231797e-05
2032-02-09 12:00:00,1.4271383e-05
2032-02-10 12:00:00,1.5540456e-05
2032-02-11 12:00:00,1.8113176e-05
2032-02-12 12:00:00,1.56381e-05
2032-02-13 12:00:00,8.340416e-06
2032-02-14 12:00:00,3.8151484e-06
2032-02-15 12:00:00,1.1338183e-05
2032-02-16 12:00:00,1.32688e-05
2032-02-17 12:00:00,9.908967e-06
2032-02-18 12:00:00,1.0231262e-05
2032-02-19 12:00:00,1.2583841e-05
2032-02-20 12:00:00,1.9814383e-05
2032-02-21 12:00:00,1.4668767e-05
2032-02-22 12:00:00,2.1324027e-05
2032-02-23 12:00:00,1.81012e-05
2032-02-24 12:00:00,1.9478728e-05
2032-02-25 12:00:00,1.1556302e-05
2032-02-26 12:00:00,1.5939295e-05
2032-02-27 12:00:00,3.550158e-05
2032-02-28 12:00:00,2.2277265e-05
2032-02-29 12:00:00,2.4624067e-05
2032-02-30 12:00:00,3.057465e-05
2032-03-01 12:00:00,2.048671e-05
2032-03-02 12:00:00,1.7422672e-05
2032-03-03 12:00:00,1.9134503e-05
2032-03-04 12:00:00,1.7306083e-05
2032-03-05 12:00:00,2.5284578e-05
2032-03-06 12:00:00,2.9610062e-05
2032-03-07 12:00:00,2.8270646e-05
2032-03-08 12:00:00,3.434792e-05
2032-03-09 12:00:00,3.331504e-05
2032-03-10 12:00:00,2.4574649e-05
2032-03-11 12:00:00,3.3032655e-05
2032-03-12 12:00:00,3.2485957e-05
2032-03-13 12:00:00,2.97863e-05
2032-03-14 12:00:00,2.7540285e-05
2032-03-15 12:00:00,3.3827848e-05
2032-03-16 12:00:00,2.979231e-05
2032-03-17 12:00:00,2.7222079e-05
2032-03-18 12:00:00,2.860741e-05
2032-03-19 12:00:00,2.740731e-05
2032-03-20 12:00:00,2.32452e-05
2032-03-21 12:00:00,2.3214685e-05
2032-03-22 12:00:00,2.3978268e-05
2032-03-23 12:00:00,2.847737e-05
2032-03-24 12:00:00,2.4280453e-05
2032-03-25 12:00:00,2.5909772e-05
2032-03-26 12:00:00,2.3902645e-05
2032-03-27 12:00:00,1.4598438e-05
2032-03-28 12:00:00,6.4355845e-06
2032-03-29 12:00:00,4.6368805e-06
2032-03-30 12:00:00,2.052664e-06
2032-04-01 12:00:00,-1.5948317e-06
2032-04-02 12:00:00,1.8326376e-05
2032-04-03 12:00:00,3.7744307e-05
2032-04-04 12:00:00,2.600206e-05
2032-04-05 12:00:00,2.4473371e-05
2032-04-06 12:00:00,3.065118e-05
2032-04-07 12:00:00,3.1470772e-05
2032-04-08 12:00:00,2.8010618e-05
2032-04-09 12:00:00,2.4484554e-05
2032-04-10 12:00:00,3.685885e-05
2032-04-11 12:00:00,4.630623e-05
2032-04-12 12:00:00,4.5008237e-05
2032-04-13 12:00:00,3.8292168e-05
2032-04-14 12:00:00,2.679714e-05
2032-04-15 12:00:00,4.1518142e-05
2032-04-16 12:00:00,4.5894907e-05
2032-04-17 12:00:00,4.0776096e-05
2032-04-18 12:00:00,3.8248734e-05
2032-04-19 12:00:00,2.8211653e-05
2032-04-20 12:00:00,4.180659e-05
2032-04-21 12:00:00,3.168032e-05
2032-04-22 12:00:00,3.42837e-05
2032-04-23 12:00:00,3.9007522e-05
2032-04-24 12:00:00,3.5886464e-05
2032-04-25 12:00:00,3.8624883e-05
2032-04-26 12:00:00,4.9951544e-05
2032-04-27 12:00:00,3.9122988e-05
2032-04-28 12:00:00,3.3483026e-05
2032-04-29 12:00:00,3.5808218e-05
2032-04-30 12:00:00,4.0609542e-05
2032-05-01 12:00:00,3.6768382e-05
2032-05-02 12:00:00,4.5782377e-05
2032-05-03 12:00:00,4.7469613e-05
2032-05-04 12:00:00,3.020224e-05
2032-05-05 12:00:00,2.4540961e-05
2032-05-06 12:00:00,3.2028605e-05
2032-05-07 12:00:00,3.8775826e-05
2032-05-08 12:00:00,5.4441512e-05
2032-05-09 12:00:00,5.1806506e-05
2032-05-10 12:00:00,5.3102456e-05
2032-05-11 12:00:00,5.274071e-05
2032-05-12 12:00:00,5.1741794e-05
2032-05-13 12:00:00,4.409004e-05
2032-05-14 12:00:00,4.304848e-05
2032-05-15 12:00:00,3.455266e-05
2032-05-16 12:00:00,2.606081e-05
2032-05-17 12:00:00,4.3071806e-05
2032-05-18 12:00:00,5.4433855e-05
2032-05-19 12:00:00,3.2617565e-05
2032-05-20 12:00:00,5.811562e-05
2032-05-21 12:00:00,2.7571296e-05
2032-05-22 12:00:00,5.4495307e-05
2032-05-23 12:00:00,3.747444e-05
2032-05-24 12:00:00,3.19159e-05
2032-05-25 12:00:00,4.0725718e-05
2032-05-26 12:00:00,3.240953e-05
2032-05-27 12:00:00,3.8864906e-05
2032-05-28 12:00:00,3.1032323e-05
2032-05-29 12:00:00,5.3260257e-05
2032-05-30 12:00:00,3.4543584e-05
2032-06-01 12:00:00,3.0343728e-05
2032-06-02 12:00:00,5.6814868e-05
2032-06-03 12:00:00,4.83646e-05
2032-06-04 12:00:00,5.7262965e-05
2032-06-05 12:00:00,6.155619e-05
2032-06-06 12:00:00,4.975275e-05
2032-06-07 12:00:00,4.0130224e-05
2032-06-08 12:00:00,5.91431e-05
2032-06-09 12:00:00,5.398452e-05
2032-06-10 12:00:00,3.3808625e-05
2032-06-11 12:00:00,4.981905e-05
2032-06-12 12:00:00,5.0860603e-05
2032-06-13 12:00:00,4.490708e-05
2032-06-14 12:00:00,4.6704634e-05
2032-06-15 12:00:00,4.4157816e-05
2032-06-16 12:00:00,3.7850055e-05
2032-06-17 12:00:00,4.3294436e-05
2032-06-18 12:00:00,2.9960342e-05
2032-06-19 12:00:00,2.8873896e-05
2032-06-20 12:00:00,3.570353e-05
2032-06-21 12:00:00,3.201273e-05
2032-06-22 12:00:00,4.651984e-05
2032-06-23 12:00:00,4.090942e-05
2032-06-24 12:00:00,5.3815224e-05
2032-06-25 12:00:00,5.423822e-05
2032-06-26 12:00:00,4.9051043e-05
2032-06-27 12:00:00,5.8061152e-05
2032-06-28 12:00:00,4.690746e-05
2032-06-29 12:00:00,4.2868647e-05
2032-06-30 12:00:00,3.6096913e-05
2032-07-01 12:00:00,3.8497692e-05
2032-07-02 12:00:00,3.1797448e-05
2032-07-03 12:00:00,2.8227572e-05
2032-07-04 12:00:00,2.5683737e-05
2032-07-05 12:00:00,2.2771557e-05
2032-07-06 12:00:00,1.6888021e-05
2032-07-07 12:00:00,2.5746136e-05
2032-07-08 12:00:00,4.0331768e-05
2032-07-09 12:00:00,2.7970033e-05
2032-07-10 12:00:00,2.2740569e-05
2032-07-11 12:00:00,1.939034e-05
2032-07-12 12:00:00,1.3914221e-05
2032-07-13 12:00:00,1.3874378e-05
2032-07-14 12:00:00,1.3239987e-05
2032-07-15 12:00:00,1.0462114e-05
2032-07-16 12:00:00,1.0973643e-05
2032-07-17 12:00:00,1.0952819e-05
2032-07-18 12:00:00,1.25199e-05
2032-07-19 12:00:00,4.6775356e-05
2032-07-20 12:00:00,3.2028664e-05
2032-07-21 12:00:00,2.335354e-05
2032-07-22 12:00:00,1.7901155e-05
2032-07-23 12:00:00,1.4540739e-05
2032-07-24 12:00:00,2.3554414e-05
2032-07-25 12:00:00,3.495076e-05
2032-07-26 12:00:00,1.7503495e-05
2032-07-27 12:00:00,1.4409714e-05
2032-07-28 12:00:00,1.0732081e-05
2032-07-29 12:00:00,1.8779217e-05
2032-07-30 12:00:00,1.1211756e-05
2032-08-01 12:00:00,1.1666882e-05
2032-08-02 12:00:00,1.2189179e-05
2032-08-03 12:00:00,4.6926303e-05
2032-08-04 12:00:00,6.105442e-05
2032-08-05 12:00:00,5.275049e-05
2032-08-06 12:00:00,3.7347578e-05
2032-08-07 12:00:00,2.7663526e-05
2032-08-08 12:00:00,3.0899886e-05
2032-08-09 12:00:00,4.6255183e-05
2032-08-10 12:00:00,3.726002e-05
2032-08-11 12:00:00,4.7150417e-05
2032-08-12 12:00:00,4.8525224e-05
2032-08-13 12:00:00,4.3863794e-05
2032-08-14 12:00:00,4.646698e-05
2032-08-15 12:00:00,3.4727927e-05
2032-08-16 12:00:00,3.7976366e-05
2032-08-17 12:00:00,3.0161362e-05
2032-08-18 12:00:00,4.17696e-05
2032-08-19 12:00:00,3.5639387e-05
2032-08-20 12:00:00,2.4368463e-05
2032-08-21 12:00:00,1.9748564e-05
2032-08-22 12:00:00,1.5591868e-05
2032-08-23 12:00:00,1.2375473e-05
2032-08-24 12:00:00,1.1848097e-05
2032-08-25 12:00:00,1.5992424e-05
2032-08-26 12:00:00,1.3690835e-05
2032-08-27 12:00:00,1.09358225e-05
2032-08-28 12:00:00,1.0606265e-05
2032-08-29 12:00:00,1.1569806e-05
2032-08-30 12:00:00,3.811279e-05
2032-09-01 12:00:00,3.4558776e-05
2032-09-02 12:00:00,3.8408674e-05
2032-09-03 12:00:00,2.705316e-05
2032-09-04 12:00:00,2.663811e-05
2032-09-05 12:00:00,3.0505293e-05
2032-09-06 12:00:00,3.259498e-05
2032-09-07 12:00:00,2.6873739e-05
2032-09-08 12:00:00,2.951891e-05
2032-09-09 12:00:00,3.635751e-05
2032-09-10 12:00:00,2.3109184e-05
2032-09-11 12:00:00,2.1001893e-05
2032-09-12 12:00:00,1.7302329e-05
2032-09-13 12:00:00,1.4096659e-05
2032-09-14 12:00:00,1.2463547e-05
2032-09-15 12:00:00,1.2798409e-05
2032-09-16 12:00:00,1.0760021e-05
2032-09-17 12:00:00,1.0783522e-05
2032-09-18 12:00:00,8.75839e-06
2032-09-19 12:00:00,1.0924137e-05
2032-09-20 12:00:00,9.293493e-06
2032-09-21 12:00:00,2.081423e-05
2032-09-22 12:00:00,3.3472475e-05
2032-09-23 12:00:00,3.8263628e-05
2032-09-24 12:00:00,3.0160645e-05
2032-09-25 12:00:00,1.3847035e-05
2032-09-26 12:00:00,2.9648116e-05
2032-09-27 12:00:00,3.707911e-05
2032-09-28 12:00:00,4.4792614e-05
2032-09-29 12:00:00,3.311928e-05
2032-09-30 12:00:00,2.9275892e-05
2032-10-01 12:00:00,2.9457839e-05
2032-10-02 12:00:00,2.799097e-05
2032-10-03 12:00:00,2.9228238e-05
2032-10-04 12:00:00,2.8098671e-05
2032-10-05 12:00:00,4.3330547e-05
2032-10-06 12:00:00,5.180396e-05
2032-10-07 12:00:00,4.647469e-05
2032-10-08 12:00:00,4.0528626e-05
2032-10-09 12:00:00,3.1220752e-05
2032-10-10 12:00:00,2.648616e-05
2032-10-11 12:00:00,2.642459e-05
2032-10-12 12:00:00,2.281944e-05
2032-10-13 12:00:00,2.2215849e-05
2032-10-14 12:00:00,2.120751e-05
2032-10-15 12:00:00,2.0229054e-05
2032-10-16 12:00:00,1.932308e-05
2032-10-17 12:00:00,2.1476444e-05
2032-10-18 12:00:00,3.4952274e-05
2032-10-19 12:00:00,1.8179828e-05
2032-10-20 12:00:00,1.8115083e-05
2032-10-21 12:00:00,2.4521529e-05
2032-10-22 12:00:00,1.3882327e-05
2032-10-23 12:00:00,1.7149912e-05
2032-10-24 12:00:00,2.533679e-05
2032-10-25 12:00:00,1.7020531e-05
2032-10-26 12:00:00,1.6007922e-05
2032-10-27 12:00:00,8.5465435e-06
2032-10-28 12:00:00,2.0327745e-05
2032-10-29 12:00:00,1.3624231e-05
2032-10-30 12:00:00,1.2624194e-05
2032-11-01 12:00:00,1.382253e-05
2032-11-02 12:00:00,1.0229909e-05
2032-11-03 12:00:00,1.8899329e-05
2032-11-04 12:00:00,1.3010096e-05
2032-11-05 12:00:00,2.4482259e-05
2032-11-06 12:00:00,1.3119556e-05
2032-11-07 12:00:00,1.6182588e-05
2032-11-08 12:00:00,2.1292115e-05
2032-11-09 12:00:00,2.2148277e-05
2032-11-10 12:00:00,2.003061e-05
2032-11-11 12:00:00,1.2333738e-05
2032-11-12 12:00:00,2.1946413e-05
2032-11-13 12:00:00,1.8887207e-05
2032-11-14 12:00:00,1.5111844e-05
2032-11-15 12:00:00,1.3135622e-05
2032-11-16 12:00:00,8.267e-06
2032-11-17 12:00:00,1.13989045e-05
2032-11-18 12:00:00,1.5984464e-05
2032-11-19 12:00:00,9.298973e-06
2032-11-20 12:00:00,6.835442e-06
2032-11-21 12:00:00,1.44823425e-05
2032-11-22 12:00:00,6.7006767e-06
2032-11-23 12:00:00,4.252506e-06
2032-11-24 12:00:00,1.387723e-05
2032-11-25 12:00:00,1.26378145e-05
2032-11-26 12:00:00,6.353599e-06
2032-11-27 12:00:00,2.2127497e-06
2032-11-28 12:00:00,1.0201198e-05
2032-11-29 12:00:00,1.2880726e-05
2032-11-30 12:00:00,7.40419e-06
2032-12-01 12:00:00,5.8918586e-06
2032-12-02 12:00:00,1.1393186e-05
2032-12-03 12:00:00,1.6733435e-05
2032-12-04 12:00:00,1.7005565e-05
2032-12-05 12:00:00,1.6818465e-05
2032-12-06 12:00:00,9.219351e-06
2032-12-07 12:00:00,7.2932744e-06
2032-12-08 12:00:00,6.7330257e-06
2032-12-09 12:00:00,1.8776438e-05
2032-12-10 12:00:00,1.2146236e-05
2032-12-11 12:00:00,8.968884e-06
2032-12-12 12:00:00,4.4894987e-06
2032-12-13 12:00:00,5.710085e-06
2032-12-14 12:00:00,1.2224301e-05
2032-12-15 12:00:00,7.866634e-06
2032-12-16 12:00:00,6.939299e-06
2032-12-17 12:00:00,1.2536797e-05
2032-12-18 12:00:00,2.1139174e-05
2032-12-19 12:00:00,2.1864165e-05
2032-12-20 12:00:00,1.3837751e-05
2032-12-21 12:00:00,1.139543e-05
2032-12-22 12:00:00,4.4668122e-06
2032-12-23 12:00:00,3.97698e-06
2032-12-24 12:00:00,4.3202162e-06
2032-12-25 12:00:00,7.2394178e-06
2032-12-26 12:00:00,6.8013323e-06
2032-12-27 12:00:00,3.92081e-06
2032-12-28 12:00:00,8.083253e-06
2032-12-29 12:00:00,1.7720653e-05
2032-12-30 12:00:00,1.9654719e-05
2033-01-01 12:00:00,1.1985903e-05
2033-01-02 12:00:00,3.285153e-06
2033-01-03 12:00:00,1.1005963e-05
2033-01-04 12:00:00,9.475538e-06
2033-01-05 12:00:00,7.266004e-06
2033-01-06 12:00:00,1.04490755e-05
2033-01-07 12:00:00,1.2444885e-05
2033-01-08 12:00:00,1.1322059e-05
2033-01-09 12:00:00,9.968295e-06
2033-01-10 12:00:00,4.4375192e-06
2033-01-11 12:00:00,3.4294671e-06
2033-01-12 12:00:00,4.250236e-06
2033-01-13 12:00:00,6.4994238e-06
2033-01-14 12:00:00,7.5765856e-06
2033-01-15 12:00:00,8.5727515e-06
2033-01-16 12:00:00,1.04489445e-05
2033-01-17 12:00:00,1.49173575e-05
2033-01-18 12:00:00,1.3391953e-05
2033-01-19 12:00:00,7.724637e-06
2033-01-20 12:00:00,7.6059805e-06
2033-01-21 12:00:00,1.0521966e-05
2033-01-22 12:00:00,8.000003e-06
2033-01-23 12:00:00,9.817071e-06
2033-01-24 12:00:00,7.680865e-06
2033-01-25 12:00:00,4.7526955e-06
2033-01-26 12:00:00,8.155669e-06
2033-01-27 12:00:00,7.0690585e-06
2033-01-28 12:00:00,8.44046e-06
2033-01-29 12:00:00,9.928626e-06
2033-01-30 12:00:00,9.0552785e-06
2033-02-01 12:00:00,1.6931328e-05
2033-02-02 12:00:00,1.6998063e-05
2033-02-03 12:00:00,8.3663035e-06
2033-02-04 12:00:00,1.1199811e-05
2033-02-05 12:00:00,8.189978e-06
2033-02-06 12:00:00,1.50349515e-05
2033-02-07 12:00:00,8.516203e-06
2033-02-08 12:00:00,1.0401185e-05
2033-02-09 12:00:00,1.4226214e-05
2033-02-10 12:00:00,8.066243e-06
2033-02-11 12:00:00,1.3898214e-05
2033-02-12 12:00:00,1.0727934e-05
2033-02-13 12:00:00,8.6959335e-06
2033-02-14 12:00:00,1.9288025e-05
2033-02-15 12:00:00,1.12583075e-05
2033-02-16 12:00:00,1.1343596e-05
2033-02-17 12:00:00,9.813317e-06
2033-02-18 12:00:00,1.21479825e-05
2033-02-19 12:00:00,9.537267e-06
2033-02-20 12:00:00,6.2723802e-06
2033-02-21 12:00:00,1.5529518e-05
2033-02-22 12:00:00,1.897299e-05
2033-02-23 12:00:00,1.4554069e-05
2033-02-24 12:00:00,1.9145324e-05
2033-02-25 12:00:00,1.666302e-05
2033-02-26 12:00:00,1.608205e-05
2033-02-27 12:00:00,1.5625581e-05
2033-02-28 12:00:00,1.3501471e-05
2033-02-29 12:00:00,2.1784657e-05
2033-02-30 12:00:00,1.837772e-05
2033-03-01 12:00:00,1.5380254e-05
2033-03-02 12:00:00,2.0770269e-05
2033-03-03 12:00:00,2.7563277e-05
2033-03-04 12:00:00,1.775779e-05
2033-03-05 12:00:00,2.1986489e-05
2033-03-06 12:00:00,1.489099e-05
2033-03-07 12:00:00,2.5240792e-05
2033-03-08 12:00:00,2.3705448e-05
2033-03-09 12:00:00,2.3286426e-05
2033-03-10 12:00:00,2.1945729e-05
2033-03-11 12:00:00,2.1796994e-05
2033-03-12 12:00:00,1.5911923e-05
2033-03-13 12:00:00,1.5203288e-05
2033-03-14 12:00:00,1.5993777e-05
2033-03-15 12:00:00,1.7217797e-05
2033-03-16 12:00:00,1.9426854e-05
2033-03-17 12:00:00,2.574681e-05
2033-03-18 12:00:00,1.6457532e-05
2033-03-19 12:00:00,2.763333e-05
2033-03-20 12:00:00,2.74669e-05
2033-03-21 12:00:00,1.9537678e-05
2033-03-22 12:00:00,3.1087955e-05
2033-03-23 12:00:00,2.3382978e-05
2033-03-24 12:00:00,2.4625988e-05
2033-03-25 12:00:00,2.732221e-05
2033-03-26 12:00:00,4.6072877e-05
2033-03-27 12:00:00,1.5500118e-05
2033-03-28 12:00:00,2.3373446e-05
2033-03-29 12:00:00,3.466217e-05
2033-03-30 12:00:00,1.6192702e-05
2033-04-01 12:00:00,3.156386e-05
2033-04-02 12:00:00,2.5327827e-05
2033-04-03 12:00:00,3.0181483e-05
2033-04-04 12:00:00,3.323915e-05
2033-04-05 12:00:00,2.9194925e-05
2033-04-06 12:00:00,1.812959e-05
2033-04-07 12:00:00,2.593534e-05
2033-04-08 12:00:00,3.1762684e-05
2033-04-09 12:00:00,3.4221273e-05
2033-04-10 12:00:00,4.01726e-05
2033-04-11 12:00:00,2.9417872e-05
2033-04-12 12:00:00,3.119008e-05
2033-04-13 12:00:00,2.2928092e-05
2033-04-14 12:00:00,2.8598846e-05
2033-04-15 12:00:00,2.4180616e-05
2033-04-16 12:00:00,2.7574439e-05
2033-04-17 12:00:00,1.0596312e-05
2033-04-18 12:00:00,3.9519742e-05
2033-04-19 12:00:00,3.7976555e-05
2033-04-20 12:00:00,3.621795e-05
2033-04-21 12:00:00,2.6752285e-05
2033-04-22 12:00:00,3.12987e-05
2033-04-23 12:00:00,2.0420266e-05
2033-04-24 12:00:00,3.233303e-05
2033-04-25 12:00:00,4.5054825e-05
2033-04-26 12:00:00,4.126439e-05
2033-04-27 12:00:00,3.3516557e-05
2033-04-28 12:00:00,3.4661265e-05
2033-04-29 12:00:00,2.5930742e-05
2033-04-30 12:00:00,2.6329988e-05
2033-05-01 12:00:00,2.3028348e-05
2033-05-02 12:00:00,2.9828603e-05
2033-05-03 12:00:00,2.984429e-05
2033-05-04 12:00:00,3.345644e-05
2033-05-05 12:00:00,2.7329574e-05
2033-05-06 12:00:00,2.47352e-05
2033-05-07 12:00:00,2.420427e-05
2033-05-08 12:00:00,2.4165269e-05
2033-05-09 12:00:00,2.0139807e-05
2033-05-10 12:00:00,2.3341476e-05
2033-05-11 12:00:00,1.9509927e-05
2033-05-12 12:00:00,3.502342e-05
2033-05-13 12:00:00,6.070097e-05
2033-05-14 12:00:00,4.579997e-05
2033-05-15 12:00:00,4.312121e-05
2033-05-16 12:00:00,3.7923513e-05
2033-05-17 12:00:00,3.302966e-05
2033-05-18 12:00:00,3.1045507e-05
2033-05-19 12:00:00,2.670355e-05
2033-05-20 12:00:00,3.4174096e-05
2033-05-21 12:00:00,3.0149997e-05
2033-05-22 12:00:00,2.8426904e-05
2033-05-23 12:00:00,3.372779e-05
2033-05-24 12:00:00,2.3911503e-05
2033-05-25 12:00:00,1.8279665e-05
2033-05-26 12:00:00,1.6262886e-05
2033-05-27 12:00:00,1.2498625e-05
2033-05-28 12:00:00,1.5175348e-05
2033-05-29 12:00:00,1.7920436e-05
2033-05-30 12:00:00,1.2756427e-05
2033-06-01 12:00:00,1.9624073e-05
2033-06-02 12:00:00,2.045442e-05
2033-06-03 12:00:00,3.848142e-05
2033-06-04 12:00:00,2.9912233e-05
2033-06-05 12:00:00,4.5679797e-05
2033-06-06 12:00:00,4.805537e-05
2033-06-07 12:00:00,4.2288942e-05
2033-06-08 12:00:00,5.2651216e-05
2033-06-09 12:00:00,4.208088e-05
2033-06-10 12:00:00,3.4125784e-05
2033-06-11 12:00:00,3.8516344e-05
2033-06-12 12:00:00,4.1144798e-05
2033-06-13 12:00:00,3.963022e-05
2033-06-14 12:00:00,3.206874e-05
2033-06-15 12:00:00,2.7907663e-05
2033-06-16 12:00:00,3.2724092e-05
2033-06-17 12:00:00,2.693852e-05
2033-06-18 12:00:00,1.8135845e-05
2033-06-19 12:00:00,2.8501687e-05
2033-06-20 12:00:00,4.6789482e-05
2033-06-21 12:00:00,5.245286e-05
2033-06-22 12:00:00,4.1369567e-05
2033-06-23 12:00:00,3.896287e-05
2033-06-24 12:00:00,3.5959136e-05
2033-06-25 12:00:00,3.1206335e-05
2033-06-26 12:00:00,2.930667e-05
2033-06-27 12:00:00,2.319047e-05
2033-06-28 12:00:00,1.6161648e-05
2033-06-29 12:00:00,3.3832228e-05
2033-06-30 12:00:00,4.347824e-05
2033-07-01 12:00:00,4.6025743e-05
2033-07-02 12:00:00,4.6810732e-05
2033-07-03 12:00:00,4.9189737e-05
2033-07-04 12:00:00,4.8236572e-05
2033-07-05 12:00:00,6.0995706e-05
2033-07-06 12:00:00,6.286423e-05
2033-07-07 12:00:00,4.5943016e-05
2033-07-08 12:00:00,4.0019688e-05
2033-07-09 12:00:00,3.3102915e-05
2033-07-10 12:00:00,2.7727117e-05
2033-07-11 12:00:00,1.9040977e-05
2033-07-12 12:00:00,1.910441e-05
2033-07-13 12:00:00,1.4768797e-05
2033-07-14 12:00:00,1.2321296e-05
2033-07-15 12:00:00,9.357973e-06
2033-07-16 12:00:00,9.300347e-06
2033-07-17 12:00:00,9.270152e-06
2033-07-18 12:00:00,8.0627215e-06
2033-07-19 12:00:00,1.3939207e-05
2033-07-20 12:00:00,3.7491198e-05
2033-07-21 12:00:00,2.8809722e-05
2033-07-22 12:00:00,5.7487807e-05
2033-07-23 12:00:00,3.959777e-05
2033-07-24 12:00:00,2.5634028e-05
2033-07-25 12:00:00,1.5089507e-05
2033-07-26 12:00:00,2.337918e-05
2033-07-27 12:00:00,4.278135e-05
2033-07-28 12:00:00,2.576076e-05
2033-07-29 12:00:00,1.7256243e-05
2033-07-30 12:00:00,3.3973236e-05
2033-08-01 12:00:00,5.5598503e-05
2033-08-02 12:00:00,5.0000788e-05
2033-08-03 12:00:00,4.0881234e-05
2033-08-04 12:00:00,2.9601404e-05
2033-08-05 12:00:00,1.6702907e-05
2033-08-06 12:00:00,3.3380566e-05
2033-08-07 12:00:00,3.0245646e-05
2033-08-08 12:00:00,3.4223587e-05
2033-08-09 12:00:00,1.8849969e-05
2033-08-10 12:00:00,1.3226934e-05
2033-08-11 12:00:00,2.0927851e-05
2033-08-12 12:00:00,2.225634e-05
2033-08-13 12:00:00,1.2444347e-05
2033-08-14 12:00:00,7.632974e-06
2033-08-15 12:00:00,7.6099386e-06
2033-08-16 12:00:00,3.4029625e-05
2033-08-17 12:00:00,6.6728244e-05
2033-08-18 12:00:00,4.6087735e-05
2033-08-19 12:00:00,3.50762e-05
2033-08-20 12:00:00,3.723648e-05
2033-08-21 12:00:00,4.0648112e-05
2033-08-22 12:00:00,3.12676e-05
2033-08-23 12:00:00,2.7573362e-05
2033-08-24 12:00:00,2.9686023e-05
2033-08-25 12:00:00,2.2781678e-05
2033-08-26 12:00:00,1.8091887e-05
2033-08-27 12:00:00,1.817754e-05
2033-08-28 12:00:00,1.7213839e-05
2033-08-29 12:00:00,1.30497065e-05
2033-08-30 12:00:00,9.565643e-06
2033-09-01 12:00:00,8.772884e-06
2033-09-02 12:00:00,2.6742913e-05
2033-09-03 12:00:00,9.3632825e-06
2033-09-04 12:00:00,9.0762915e-06
2033-09-05 12:00:00,3.7867456e-05
2033-09-06 12:00:00,1.6563252e-05
2033-09-07 12:00:00,1.31525885e-05
2033-09-08 12:00:00,7.894807e-06
2033-09-09 12:00:00,1.152324e-05
2033-09-10 12:00:00,9.118958e-06
2033-09-11 12:00:00,1.1845215e-05
2033-09-12 12:00:00,1.1755736e-05
2033-09-13 12:00:00,1.2059652e-05
2033-09-14 12:00:00,1.0102944e-05
2033-09-15 12:00:00,7.452516e-06
2033-09-16 12:00:00,6.5307977e-06
2033-09-17 12:00:00,7.6191936e-06
2033-09-18 12:00:00,5.4519915e-06
2033-09-19 12:00:00,1.0263e-05
2033-09-20 12:00:00,1.1916316e-05
2033-09-21 12:00:00,1.3189465e-05
2033-09-22 12:00:00,3.614255e-05
2033-09-23 12:00:00,2.9494564e-05
2033-09-24 12:00:00,2.3785833e-05
2033-09-25 12:00:00,1.8696373e-05
2033-09-26 12:00:00,1.4820995e-05
2033-09-27 12:00:00,1.4731419e-05
2033-09-28 12:00:00,1.2641361e-05
2033-09-29 12:00:00,8.023868e-06
2033-09-30 12:00:00,5.7430734e-06
2033-10-01 12:00:00,1.2639881e-05
2033-10-02 12:00:00,8.30974e-06
2033-10-03 12:00:00,8.210569e-06
2033-10-04 12:00:00,7.912269e-06
2033-10-05 12:00:00,7.6110164e-06
2033-10-06 12:00:00,4.647307e-06
2033-10-07 12:00:00,8.212351e-06
2033-10-08 12:00:00,7.159382e-06
2033-10-09 12:00:00,6.5550994e-06
2033-10-10 12:00:00,6.273607e-06
2033-10-11 12:00:00,1.1014548e-05
2033-10-12 12:00:00,3.112985e-05
2033-10-13 12:00:00,1.7918268e-05
2033-10-14 12:00:00,2.1267973e-05
2033-10-15 12:00:00,1.6450998e-05
2033-10-16 12:00:00,1.5078564e-05
2033-10-17 12:00:00,2.2004737e-05
2033-10-18 12:00:00,2.2787397e-05
2033-10-19 12:00:00,1.8756997e-05
2033-10-20 12:00:00,2.3328466e-05
2033-10-21 12:00:00,2.2736524e-05
2033-10-22 12:00:00,3.6211342e-05
2033-10-23 12:00:00,3.3440523e-05
2033-10-24 12:00:00,2.7797536e-05
2033-10-25 12:00:00,1.4367644e-05
2033-10-26 12:00:00,1.3697398e-05
2033-10-27 12:00:00,2.9163139e-05
2033-10-28 12:00:00,1.6342892e-05
2033-10-29 12:00:00,1.5897414e-05
2033-10-30 12:00:00,1.3268087e-05
2033-11-01 12:00:00,1.1569093e-05
2033-11-02 12:00:00,1.2087083e-05
2033-11-03 12:00:00,1.2356667e-05
2033-11-04 12:00:00,1.28571555e-05
2033-11-05 12:00:00,2.7655231e-05
2033-11-06 12:00:00,2.7660528e-05
2033-11-07 12:00:00,1.4088902e-05
2033-11-08 12:00:00,1.4860096e-05
2033-11-09 12:00:00,1.6635575e-05
2033-11-10 12:00:00,1.1474287e-05
2033-11-11 12:00:00,1.8758801e-05
2033-11-12 12:00:00,1.4031043e-05
2033-11-13 12:00:00,6.4736523e-06
2033-11-14 12:00:00,8.275747e-06
2033-11-15 12:00:00,9.651296e-06
2033-11-16 12:00:00,7.879877e-06
2033-11-17 12:00:00,7.683005e-06
2033-11-18 12:00:00,1.1868979e-05
2033-11-19 12:00:00,1.0314208e-05
2033-11-20 12:00:00,1.5283716e-05
2033-11-21 12:00:00,1.572237e-05
2033-11-22 12:00:00,2.541329e-05
2033-11-23 12:00:00,1.4827543e-05
2033-11-24 12:00:00,1.6482129e-05
2033-11-25 12:00:00,8.167219e-06
2033-11-26 12:00:00,5.6330755e-06
2033-11-27 12:00:00,8.983814e-06
2033-11-28 12:00:00,1.6307433e-05
2033-11-29 12:00:00,8.375675e-06
2033-11-30 12:00:00,7.947485e-06
2033-12-01 12:00:00,8.994096e-06
2033-12-02 12:00:00,1.27587555e-05
2033-12-03 12:00:00,1.4267442e-05
2033-12-04 12:00:00,1.7358616e-05
2033-12-05 12:00:00,1.3390232e-05
2033-12-06 12:00:00,1.1884404e-05
2033-12-07 12:00:00,1.4810241e-05
2033-12-08 12:00:00,1.4788922e-05
2033-12-09 12:00:00,1.02883205e-05
2033-12-10 12:00:00,6.236218e-06
2033-12-11 12:00:00,3.8485596e-06
2033-12-12 12:00:00,5.192662e-06
2033-12-13 12:00:00,5.347877e-06
2033-12-14 12:00:00,6.004251e-06
2033-12-15 12:00:00,8.208182e-06
2033-12-16 12:00:00,8.431263e-06
2033-12-17 12:00:00,1.1334647e-05
2033-12-18 12:00:00,1.7370567e-05
2033-12-19 12:00:00,2.060068e-05
2033-12-20 12:00:00,1.506557e-06
2033-12-21 12:00:00,1.3043988e-05
2033-12-22 12:00:00,9.886775e-06
2033-12-23 12:00:00,1.0282398e-05
2033-12-24 12:00:00,9.919662e-06
2033-12-25 12:00:00,5.949004e-06
2033-12-26 12:00:00,8.831164e-06
2033-12-27 12:00:00,1.754897e-05
2033-12-28 12:00:00,1.0769516e-05
2033-12-29 12:00:00,1.0728247e-05
2033-12-30 12:00:00,1.7692117e-05
2034-01-01 12:00:00,1.2423392e-05
2034-01-02 12:00:00,1.0761927e-05
2034-01-03 12:00:00,1.11293775e-05
2034-01-04 12:00:00,1.1113778e-05
2034-01-05 12:00:00,6.367786e-06
2034-01-06 12:00:00,7.731491e-06
2034-01-07 12:00:00,5.9388967e-06
2034-01-08 12:00:00,4.3953623e-06
2034-01-09 12:00:00,1.6259486e-05
2034-01-10 12:00:00,1.6274695e-05
2034-01-11 12:00:00,1.6956255e-05
2034-01-12 12:00:00,8.020666e-06
2034-01-13 12:00:00,9.630362e-06
2034-01-14 12:00:00,8.18113e-06
2034-01-15 12:00:00,1.2102362e-05
2034-01-16 12:00:00,7.4853533e-06
2034-01-17 12:00:00,8.769071e-06
2034-01-18 12:00:00,5.116992e-06
2034-01-19 12:00:00,3.5951962e-07
2034-01-20 12:00:00,8.9026e-06
2034-01-21 12:00:00,1.1228229e-05
2034-01-22 12:00:00,1.3844299e-05
2034-01-23 12:00:00,1.0781747e-05
2034-01-24 12:00:00,7.5439602e-06
2034-01-25 12:00:00,3.5929406e-06
2034-01-26 12:00:00,5.7260186e-06
2034-01-27 12:00:00,1.0678035e-05
2034-01-28 12:00:00,6.9742964e-06
2034-01-29 12:00:00,9.2585105e-06
2034-01-30 12:00:00,8.806077e-06
2034-02-01 12:00:00,6.298942e-06
2034-02-02 12:00:00,1.3258599e-05
2034-02-03 12:00:00,9.526775e-06
2034-02-04 12:00:00,9.930329e-06
2034-02-05 12:00:00,1.2273973e-05
2034-02-06 12:00:00,1.3216879e-05
2034-02-07 12:00:00,1.4498597e-05
2034-02-08 12:00:00,8.921488e-06
2034-02-09 12:00:00,8.218194e-06
2034-02-10 12:00:00,1.1955941e-05
2034-02-11 12:00:00,1.0595868e-05
2034-02-12 12:00:00,1.9495536e-05
2034-02-13 12:00:00,2.2372453e-05
2034-02-14 12:00:00,1.0199568e-05
2034-02-15 12:00:00,1.3477109e-05
2034-02-16 12:00:00,1.2078699e-05
2034-02-17 12:00:00,1.5726957e-05
2034-02-18 12:00:00,1.9828985e-05
2034-02-19 12:00:00,1.4734935e-05
2034-02-20 12:00:00,1.9816529e-05
2034-02-21 12:00:00,1.3636661e-05
2034-02-22 12:00:00,1.1003147e-05
2034-02-23 12:00:00,1.4562043e-05
2034-02-24 12:00:00,3.0898445e-05
2034-02-25 12:00:00,2.137381e-05
2034-02-26 12:00:00,1.8191859e-05
2034-02-27 12:00:00,1.8412771e-05
2034-02-28 12:00:00,1.5704936e-05
2034-02-29 12:00:00,1.5411177e-05
2034-02-30 12:00:00,1.4740969e-05
2034-03-01 12:00:00,1.911007e-05
2034-03-02 12:00:00,2.2978493e-05
2034-03-03 12:00:00,1.36466615e-05
2034-03-04 12:00:00,2.4712554e-05
2034-03-05 12:00:00,2.2729539e-05
2034-03-06 12:00:00,1.582607e-05
2034-03-07 12:00:00,2.0729422e-05
2034-03-08 12:00:00,2.4637935e-05
2034-03-09 12:00:00,1.6140388e-05
2034-03-10 12:00:00,2.2756256e-05
2034-03-11 12:00:00,1.9570929e-05
2034-03-12 12:00:00,2.286262e-05
2034-03-13 12:00:00,2.9994462e-05
2034-03-14 12:00:00,2.5198839e-05
2034-03-15 12:00:00,2.1880609e-05
2034-03-16 12:00:00,2.5337737e-05
2034-03-17 12:00:00,3.418051e-05
2034-03-18 12:00:00,2.9431074e-05
2034-03-19 12:00:00,1.8442544e-05
2034-03-20 12:00:00,1.951844e-05
2034-03-21 12:00:00,2.2703098e-05
2034-03-22 12:00:00,2.3266623e-05
2034-03-23 12:00:00,1.9010418e-05
2034-03-24 12:00:00,1.7626113e-05
2034-03-25 12:00:00,4.3139284e-05
2034-03-26 12:00:00,2.846467e-05
2034-03-27 12:00:00,2.6608788e-05
2034-03-28 12:00:00,2.7019822e-05
2034-03-29 12:00:00,4.1451116e-05
2034-03-30 12:00:00,3.7089267e-05
2034-04-01 12:00:00,3.2508877e-05
2034-04-02 12:00:00,3.2189157e-05
2034-04-03 12:00:00,3.0133888e-05
2034-04-04 12:00:00,2.871071e-05
2034-04-05 12:00:00,2.1930391e-05
2034-04-06 12:00:00,1.8760911e-05
2034-04-07 12:00:00,2.4423547e-05
2034-04-08 12:00:00,1.7199996e-05
2034-04-09 12:00:00,3.2352596e-05
2034-04-10 12:00:00,3.078918e-05
2034-04-11 12:00:00,3.197434e-05
2034-04-12 12:00:00,2.8937342e-05
2034-04-13 12:00:00,2.5154266e-05
2034-04-14 12:00:00,2.9771822e-05
2034-04-15 12:00:00,2.5102912e-05
2034-04-16 12:00:00,2.6171185e-05
2034-04-17 12:00:00,2.4469962e-05
2034-04-18 12:00:00,2.4327004e-05
2034-04-19 12:00:00,2.4521622e-05
2034-04-20 12:00:00,2.2358785e-05
2034-04-21 12:00:00,2.2038628e-05
2034-04-22 12:00:00,1.9981642e-05
2034-04-23 12:00:00,1.5526646e-05
2034-04-24 12:00:00,1.99153e-05
2034-04-25 12:00:00,3.837922e-05
2034-04-26 12:00:00,3.10708e-05
2034-04-27 12:00:00,2.2176187e-05
2034-04-28 12:00:00,5.0891555e-05
2034-04-29 12:00:00,5.1445342e-05
2034-04-30 12:00:00,4.4469416e-05
2034-05-01 12:00:00,2.9966293e-05
2034-05-02 12:00:00,4.0422994e-05
2034-05-03 12:00:00,2.641369e-05
2034-05-04 12:00:00,1.8520383e-05
2034-05-05 12:00:00,1.3949641e-05
2034-05-06 12:00:00,4.157018e-05
2034-05-07 12:00:00,2.3934801e-05
2034-05-08 12:00:00,5.0330753e-05
2034-05-09 12:00:00,4.3339256e-05
2034-05-10 12:00:00,5.0049828e-05
2034-05-11 12:00:00,4.8088987e-05
2034-05-12 12:00:00,4.3808643e-05
2034-05-13 12:00:00,3.727259e-05
2034-05-14 12:00:00,4.466386e-05
2034-05-15 12:00:00,5.0497947e-05
2034-05-16 12:00:00,5.312277e-05
2034-05-17 12:00:00,4.569214e-05
2034-05-18 12:00:00,2.6346053e-05
2034-05-19 12:00:00,4.045351e-05
2034-05-20 12:00:00,4.274011e-05
2034-05-21 12:00:00,4.0175888e-05
2034-05-22 12:00:00,5.025047e-05
2034-05-23 12:00:00,4.9748545e-05
2034-05-24 12:00:00,1.9069877e-05
2034-05-25 12:00:00,5.3652242e-05
2034-05-26 12:00:00,4.3292064e-05
2034-05-27 12:00:00,4.0976258e-05
2034-05-28 12:00:00,5.0554212e-05
2034-05-29 12:00:00,4.7854875e-05
2034-05-30 12:00:00,4.5965615e-05
2034-06-01 12:00:00,4.3778942e-05
2034-06-02 12:00:00,5.014676e-05
2034-06-03 12:00:00,5.8713442e-05
2034-06-04 12:00:00,5.069183e-05
2034-06-05 12:00:00,4.827848e-05
2034-06-06 12:00:00,4.241956e-05
2034-06-07 12:00:00,4.258867e-05
2034-06-08 12:00:00,4.078388e-05
2034-06-09 12:00:00,3.9805935e-05
2034-06-10 12:00:00,3.1665753e-05
2034-06-11 12:00:00,3.1435746e-05
2034-06-12 12:00:00,3.735609e-05
2034-06-13 12:00:00,3.939624e-05
2034-06-14 12:00:00,3.8689846e-05
2034-06-15 12:00:00,3.7577163e-05
2034-06-16 12:00:00,3.0609423e-05
2034-06-17 12:00:00,2.8039896e-05
2034-06-18 12:00:00,2.8892478e-05
2034-06-19 12:00:00,3.1697637e-05
2034-06-20 12:00:00,2.6503141e-05
2034-06-21 12:00:00,2.1864398e-05
2034-06-22 12:00:00,4.684813e-05
2034-06-23 12:00:00,2.755117e-05
2034-06-24 12:00:00,6.2926105e-05
2034-06-25 12:00:00,5.1041192e-05
2034-06-26 12:00:00,5.21193e-05
2034-06-27 12:00:00,4.520183e-05
2034-06-28 12:00:00,4.627554e-05
2034-06-29 12:00:00,5.4847464e-05
2034-06-30 12:00:00,4.464826e-05
2034-07-01 12:00:00,3.5294797e-05
2034-07-02 12:00:00,4.338815e-05
2034-07-03 12:00:00,7.04572e-05
2034-07-04 12:00:00,7.016756e-05
2034-07-05 12:00:00,5.962653e-05
2034-07-06 12:00:00,4.181049e-05
2034-07-07 12:00:00,5.636939e-05
2034-07-08 12:00:00,6.259847e-05
2034-07-09 12:00:00,4.3017688e-05
2034-07-10 12:00:00,5.235344e-05
2034-07-11 12:00:00,5.2792515e-05
2034-07-12 12:00:00,5.1604657e-05
2034-07-13 12:00:00,4.8601127e-05
2034-07-14 12:00:00,5.5547003e-05
2034-07-15 12:00:00,4.745116e-05
2034-07-16 12:00:00,4.427995e-05
2034-07-17 12:00:00,3.8584723e-05
2034-07-18 12:00:00,4.2733194e-05
2034-07-19 12:00:00,4.405681e-05
2034-07-20 12:00:00,5.3009106e-05
2034-07-21 12:00:00,4.1115098e-05
2034-07-22 12:00:00,2.8572016e-05
2034-07-23 12:00:00,4.46146e-05
2034-07-24 12:00:00,3.1188465e-05
2034-07-25 12:00:00,2.0746782e-05
2034-07-26 12:00:00,1.812639e-05
2034-07-27 12:00:00,1.5771104e-05
2034-07-28 12:00:00,1.2926292e-05
2034-07-29 12:00:00,1.3725279e-05
2034-07-30 12:00:00,4.4622993e-05
2034-08-01 12:00:00,3.1134885e-05
2034-08-02 12:00:00,3.1859337e-05
2034-08-03 12:00:00,2.729561e-05
2034-08-04 12:00:00,2.9304443e-05
2034-08-05 12:00:00,4.0038154e-05
2034-08-06 12:00:00,2.4729583e-05
2034-08-07 12:00:00,1.80293e-05
2034-08-08 12:00:00,1.4788922e-05
2034-08-09 12:00:00,1.2078861e-05
2034-08-10 12:00:00,1.0813441e-05
2034-08-11 12:00:00,1.4872363e-05
2034-08-12 12:00:00,1.4126155e-05
2034-08-13 12:00:00,9.308991e-06
2034-08-14 12:00:00,8.4913045e-06
2034-08-15 12:00:00,8.219911e-06
2034-08-16 12:00:00,6.8468216e-06
2034-08-17 12:00:00,6.466449e-06
2034-08-18 12:00:00,6.847855e-06
2034-08-19 12:00:00,6.6877255e-06
2034-08-20 12:00:00,6.321643e-06
2034-08-21 12:00:00,6.9557864e-06
2034-08-22 12:00:00,5.9442245e-06
2034-08-23 12:00:00,5.4049015e-06
2034-08-24 12:00:00,6.477014e-06
2034-08-25 12:00:00,7.2619005e-06
2034-08-26 12:00:00,1.589721e-05
2034-08-27 12:00:00,8.034753e-06
2034-08-28 12:00:00,6.4265478e-06
2034-08-29 12:00:00,1.1571843e-05
2034-08-30 12:00:00,1.7649669e-05
2034-09-01 12:00:00,6.8021764e-06
2034-09-02 12:00:00,6.6713546e-06
2034-09-03 12:00:00,6.885006e-06
2034-09-04 12:00:00,6.6688226e-06
2034-09-05 12:00:00,4.069545e-06
2034-09-06 12:00:00,7.759198e-06
2034-09-07 12:00:00,7.5341086e-06
2034-09-08 12:00:00,2.8699673e-05
2034-09-09 12:00:00,3.8805003e-05
2034-09-10 12:00:00,2.9842504e-05
2034-09-11 12:00:00,2.3262475e-05
2034-09-12 12:00:00,1.7303462e-05
2034-09-13 12:00:00,1.3227036e-05
2034-09-14 12:00:00,2.2316264e-05
2034-09-15 12:00:00,1.8270403e-05
2034-09-16 12:00:00,1.6311824e-05
2034-09-17 12:00:00,1.6881837e-05
2034-09-18 12:00:00,9.506039e-06
2034-09-19 12:00:00,1.371617e-05
2034-09-20 12:00:00,1.1545926e-05
2034-09-21 12:00:00,7.833485e-06
2034-09-22 12:00:00,7.4361515e-06
2034-09-23 12:00:00,6.6145085e-06
2034-09-24 12:00:00,8.669376e-06
2034-09-25 12:00:00,2.1276064e-05
2034-09-26 12:00:00,1.1352939e-05
2034-09-27 12:00:00,8.9816895e-06
2034-09-28 12:00:00,6.9442467e-06
2034-09-29 12:00:00,6.7573856e-06
2034-09-30 12:00:00,1.6102294e-05
2034-10-01 12:00:00,2.3999575e-05
2034-10-02 12:00:00,1.8130697e-05
2034-10-03 12:00:00,1.5302794e-05
2034-10-04 12:00:00,1.871903e-05
2034-10-05 12:00:00,1.647517e-05
2034-10-06 12:00:00,2.802984e-05
2034-10-07 12:00:00,2.2127191e-05
2034-10-08 12:00:00,1.7860366e-05
2034-10-09 12:00:00,1.4406367e-05
2034-10-10 12:00:00,1.1226686e-05
2034-10-11 12:00:00,9.894546e-06
2034-10-12 12:00:00,1.0386249e-05
2034-10-13 12:00:00,9.824059e-06
2034-10-14 12:00:00,9.380157e-06
2034-10-15 12:00:00,8.564079e-06
2034-10-16 12:00:00,7.2468683e-06
2034-10-17 12:00:00,7.5196294e-06
2034-10-18 12:00:00,7.2213006e-06
2034-10-19 12:00:00,6.120885e-06
2034-10-20 12:00:00,5.0602393e-06
2034-10-21 12:00:00,5.637383e-06
2034-10-22 12:00:00,6.0319435e-06
2034-10-23 12:00:00,5.4231496e-06
2034-10-24 12:00:00,5.3755357e-06
2034-10-25 12:00:00,1.17269965e-05
2034-10-26 12:00:00,2.8413284e-05
2034-10-27 12:00:00,1.6467151e-05
2034-10-28 12:00:00,1.2314211e-05
2034-10-29 12:00:00,2.3495977e-05
2034-10-30 12:00:00,1.8700102e-05
2034-11-01 12:00:00,9.49738e-06
2034-11-02 12:00:00,1.3580953e-05
2034-11-03 12:00:00,1.885988e-05
2034-11-04 12:00:00,1.2936449e-05
2034-11-05 12:00:00,1.2939432e-05
2034-11-06 12:00:00,2.168522e-05
2034-11-07 12:00:00,1.3610629e-05
2034-11-08 12:00:00,7.3278206e-06
2034-11-09 12:00:00,1.5335027e-05
2034-11-10 12:00:00,8.693677e-06
2034-11-11 12:00:00,1.746137e-05
2034-11-12 12:00:00,1.9573257e-05
2034-11-13 12:00:00,1.5243801e-05
2034-11-14 12:00:00,1.1711338e-05
2034-11-15 12:00:00,1.5733614e-05
2034-11-16 12:00:00,1.8216542e-05
2034-11-17 12:00:00,9.720505e-06
2034-11-18 12:00:00,3.1658565e-06
2034-11-19 12:00:00,4.57406e-06
2034-11-20 12:00:00,1.989743e-05
2034-11-21 12:00:00,9.420182e-06
2034-11-22 12:00:00,1.7702356e-05
2034-11-23 12:00:00,1.7266211e-05
2034-11-24 12:00:00,7.312192e-06
2034-11-25 12:00:00,1.0687508e-05
2034-11-26 12:00:00,1.1947632e-05
2034-11-27 12:00:00,2.5477304e-05
2034-11-28 12:00:00,1.3677098e-05
2034-11-29 12:00:00,2.9599934e-05
2034-11-30 12:00:00,2.645039e-05
2034-12-01 12:00:00,1.9346524e-05
2034-12-02 12:00:00,2.2751352e-05
2034-12-03 12:00:00,2.3509652e-05
2034-12-04 12:00:00,1.5057594e-05
2034-12-05 12:00:00,7.639581e-06
2034-12-06 12:00:00,1.6612932e-05
2034-12-07 12:00:00,1.4159392e-05
2034-12-08 12:00:00,8.221919e-06
2034-12-09 12:00:00,1.8364895e-05
2034-12-10 12:00:00,2.4081426e-05
2034-12-11 12:00:00,2.0155203e-05
2034-12-12 12:00:00,1.7513361e-05
2034-12-13 12:00:00,2.0750347e-05
2034-12-14 12:00:00,1.0517936e-05
2034-12-15 12:00:00,1.7044207e-05
2034-12-16 12:00:00,1.753401e-05
2034-12-17 12:00:00,8.889955e-06
2034-12-18 12:00:00,1.4948274e-05
2034-12-19 12:00:00,1.1597888e-05
2034-12-20 12:00:00,9.083902e-06
2034-12-21 12:00:00,1.0642907e-05
2034-12-22 12:00:00,3.70841e-06
2034-12-23 12:00:00,1.5613725e-05
2034-12-24 12:00:00,1.0740565e-05
2034-12-25 12:00:00,1.9151004e-05
2034-12-26 12:00:00,1.6817052e-05
2034-12-27 12:00:00,1.612374e-05
2034-12-28 12:00:00,1.2161501e-05
2034-12-29 12:00:00,8.86284e-06
2034-12-30 12:00:00,1.4215259e-05
2035-01-01 12:00:00,9.511756e-06
2035-01-02 12:00:00,4.0462182e-06
2035-01-03 12:00:00,6.491915e-06
2035-01-04 12:00:00,1.305592e-05
2035-01-05 12:00:00,5.5435376e-06
2035-01-06 12:00:00,7.306461e-06
2035-01-07 12:00:00,1.0106586e-05
2035-01-08 12:00:00,8.988198e-06
2035-01-09 12:00:00,7.1492777e-06
2035-01-10 12:00:00,3.8055005e-06
2035-01-11 12:00:00,7.045659e-06
2035-01-12 12:00:00,7.19124e-06
2035-01-13 12:00:00,8.264573e-06
2035-01-14 12:00:00,9.4176385e-06
2035-01-15 12:00:00,5.550961e-06
2035-01-16 12:00:00,1.0986338e-05
2035-01-17 12:00:00,1.067355e-05
2035-01-18 12:00:00,1.983811e-05
2035-01-19 12:00:00,2.2652315e-05
2035-01-20 12:00:00,1.7762588e-05
2035-01-21 12:00:00,5.7810103e-06
2035-01-22 12:00:00,7.886236e-06
2035-01-23 12:00:00,9.1543625e-06
2035-01-24 12:00:00,1.1130338e-05
2035-01-25 12:00:00,6.166243e-06
2035-01-26 12:00:00,3.482809e-06
2035-01-27 12:00:00,9.658944e-06
2035-01-28 12:00:00,1.9804647e-05
2035-01-29 12:00:00,8.808396e-06
2035-01-30 12:00:00,1.7747341e-05
2035-02-01 12:00:00,5.486494e-06
2035-02-02 12:00:00,1.40911e-05
2035-02-03 12:00:00,1.6667967e-05
2035-02-04 12:00:00,1.13918795e-05
2035-02-05 12:00:00,9.240015e-06
2035-02-06 12:00:00,7.0327224e-06
2035-02-07 12:00:00,1.127056e-05
2035-02-08 12:00:00,1.0104404e-05
2035-02-09 12:00:00,1.2319506e-05
2035-02-10 12:00:00,1.0206917e-05
2035-02-11 12:00:00,1.35622395e-05
2035-02-12 12:00:00,1.02216145e-05
2035-02-13 12:00:00,1.2367425e-05
2035-02-14 12:00:00,1.0906137e-05
2035-02-15 12:00:00,1.8248931e-05
2035-02-16 12:00:00,2.1717366e-05
2035-02-17 12:00:00,1.3845231e-05
2035-02-18 12:00:00,1.4809877e-05
2035-02-19 12:00:00,1.0899719e-05
2035-02-20 12:00:00,2.9376359e-05
2035-02-21 12:00:00,2.6010195e-05
2035-02-22 12:00:00,2.0304346e-05
2035-02-23 12:00:00,1.2726043e-05
2035-02-24 12:00:00,3.1482166e-05
2035-02-25 12:00:00,2.1246378e-05
2035-02-26 12:00:00,1.5001759e-05
2035-02-27 12:00:00,1.3407377e-05
2035-02-28 12:00:00,1.1571131e-05
2035-02-29 12:00:00,1.7531736e-05
2035-02-30 12:00:00,1.9368279e-05
2035-03-01 12:00:00,1.7290076e-05
2035-03-02 12:00:00,2.8491077e-05
2035-03-03 12:00:00,2.2289023e-05
2035-03-04 12:00:00,2.637829e-05
2035-03-05 12:00:00,9.321907e-06
2035-03-06 12:00:00,1.8870065e-05
2035-03-07 12:00:00,2.392783e-05
2035-03-08 12:00:00,2.2134744e-05
2035-03-09 12:00:00,1.5499652e-05
2035-03-10 12:00:00,1.2233708e-05
2035-03-11 12:00:00,4.6314235e-06
2035-03-12 12:00:00,9.912343e-06
2035-03-13 12:00:00,1.5355836e-05
2035-03-14 12:00:00,1.4348276e-05
2035-03-15 12:00:00,1.2509117e-05
2035-03-16 12:00:00,6.5733475e-06
2035-03-17 12:00:00,6.032802e-06
2035-03-18 12:00:00,3.9727194e-05
2035-03-19 12:00:00,3.0277879e-05
2035-03-20 12:00:00,3.3787044e-05
2035-03-21 12:00:00,2.6037364e-05
2035-03-22 12:00:00,3.291831e-05
2035-03-23 12:00:00,2.4826033e-05
2035-03-24 12:00:00,2.6760687e-05
2035-03-25 12:00:00,3.671035e-05
2035-03-26 12:00:00,3.7822803e-05
2035-03-27 12:00:00,4.4894638e-05
2035-03-28 12:00:00,4.0167884e-05
2035-03-29 12:00:00,3.6936224e-05
2035-03-30 12:00:00,3.1429357e-05
2035-04-01 12:00:00,3.0938536e-05
2035-04-02 12:00:00,4.4096014e-05
2035-04-03 12:00:00,4.106716e-05
2035-04-04 12:00:00,3.4898723e-05
2035-04-05 12:00:00,3.945679e-05
2035-04-06 12:00:00,3.1290067e-05
2035-04-07 12:00:00,3.581705e-05
2035-04-08 12:00:00,1.48580075e-05
2035-04-09 12:00:00,4.3767708e-05
2035-04-10 12:00:00,4.7321555e-05
2035-04-11 12:00:00,3.552276e-05
2035-04-12 12:00:00,4.3117558e-05
2035-04-13 12:00:00,4.1378975e-05
2035-04-14 12:00:00,4.4469707e-05
2035-04-15 12:00:00,4.6980887e-05
2035-04-16 12:00:00,4.3432137e-05
2035-04-17 12:00:00,2.9028442e-05
2035-04-18 12:00:00,3.3724522e-05
2035-04-19 12:00:00,3.1605447e-05
2035-04-20 12:00:00,3.238362e-05
2035-04-21 12:00:00,3.1945106e-05
2035-04-22 12:00:00,3.4506535e-05
2035-04-23 12:00:00,3.1717645e-05
2035-04-24 12:00:00,2.8505325e-05
2035-04-25 12:00:00,2.6172609e-05
2035-04-26 12:00:00,3.8320723e-05
2035-04-27 12:00:00,4.690046e-05
2035-04-28 12:00:00,6.1439336e-05
2035-04-29 12:00:00,3.790982e-05
2035-04-30 12:00:00,4.359462e-05
2035-05-01 12:00:00,2.7240527e-05
2035-05-02 12:00:00,1.8661856e-05
2035-05-03 12:00:00,3.614722e-05
2035-05-04 12:00:00,3.3121774e-05
2035-05-05 12:00:00,5.2552554e-05
2035-05-06 12:00:00,4.524464e-05
2035-05-07 12:00:00,5.2020332e-05
2035-05-08 12:00:00,5.1012772e-05
2035-05-09 12:00:00,4.243061e-05
2035-05-10 12:00:00,4.965719e-05
2035-05-11 12:00:00,3.5264733e-05
2035-05-12 12:00:00,3.1436473e-05
2035-05-13 12:00:00,5.708504e-05
2035-05-14 12:00:00,5.8474092e-05
2035-05-15 12:00:00,4.4618035e-05
2035-05-16 12:00:00,4.3369248e-05
2035-05-17 12:00:00,3.971014e-05
2035-05-18 12:00:00,3.0342431e-05
2035-05-19 12:00:00,4.269053e-05
2035-05-20 12:00:00,4.2119573e-05
2035-05-21 12:00:00,3.6885205e-05
2035-05-22 12:00:00,4.4076034e-05
2035-05-23 12:00:00,3.8504426e-05
2035-05-24 12:00:00,3.4293233e-05
2035-05-25 12:00:00,3.276959e-05
2035-05-26 12:00:00,3.565522e-05
2035-05-27 12:00:00,2.6859705e-05
2035-05-28 12:00:00,5.6476303e-05
2035-05-29 12:00:00,6.11436e-05
2035-05-30 12:00:00,4.757766e-05
2035-06-01 12:00:00,3.2564494e-05
2035-06-02 12:00:00,4.5652312e-05
2035-06-03 12:00:00,3.8004597e-05
2035-06-04 12:00:00,3.4017634e-05
2035-06-05 12:00:00,3.143873e-05
2035-06-06 12:00:00,2.7920323e-05
2035-06-07 12:00:00,2.575363e-05
2035-06-08 12:00:00,2.496157e-05
2035-06-09 12:00:00,2.636436e-05
2035-06-10 12:00:00,2.3907327e-05
2035-06-11 12:00:00,2.4753128e-05
2035-06-12 12:00:00,3.000164e-05
2035-06-13 12:00:00,2.335073e-05
2035-06-14 12:00:00,1.7190076e-05
2035-06-15 12:00:00,1.3754165e-05
2035-06-16 12:00:00,2.4345863e-05
2035-06-17 12:00:00,4.7067966e-05
2035-06-18 12:00:00,3.5913225e-05
2035-06-19 12:00:00,2.021411e-05
2035-06-20 12:00:00,1.4816047e-05
2035-06-21 12:00:00,1.0169213e-05
2035-06-22 12:00:00,4.0115454e-05
2035-06-23 12:00:00,5.946877e-05
2035-06-24 12:00:00,4.842106e-05
2035-06-25 12:00:00,4.7998677e-05
2035-06-26 12:00:00,5.3789234e-05
2035-06-27 12:00:00,3.7336125e-05
2035-06-28 12:00:00,5.0682414e-05
2035-06-29 12:00:00,5.0109476e-05
2035-06-30 12:00:00,3.3950608e-05
2035-07-01 12:00:00,5.158178e-05
2035-07-02 12:00:00,3.4045515e-05
2035-07-03 12:00:00,2.3280532e-05
2035-07-04 12:00:00,1.8478488e-05
2035-07-05 12:00:00,1.582496e-05
2035-07-06 12:00:00,1.1234137e-05
2035-07-07 12:00:00,1.0390155e-05
2035-07-08 12:00:00,5.0708855e-05
2035-07-09 12:00:00,5.264944e-05
2035-07-10 12:00:00,3.283542e-05
2035-07-11 12:00:00,1.4732825e-05
2035-07-12 12:00:00,8.48707e-06
2035-07-13 12:00:00,6.7941437e-06
2035-07-14 12:00:00,6.532704e-06
2035-07-15 12:00:00,6.4529304e-06
2035-07-16 12:00:00,5.961876e-06
2035-07-17 12:00:00,5.656155e-06
2035-07-18 12:00:00,5.7767465e-06
2035-07-19 12:00:00,6.6704815e-06
2035-07-20 12:00:00,2.8027469e-05
2035-07-21 12:00:00,5.949961e-05
2035-07-22 12:00:00,4.3484208e-05
2035-07-23 12:00:00,2.726038e-05
2035-07-24 12:00:00,3.7173537e-05
2035-07-25 12:00:00,2.9047878e-05
2035-07-26 12:00:00,1.3281926e-05
2035-07-27 12:00:00,1.0290649e-05
2035-07-28 12:00:00,8.190764e-06
2035-07-29 12:00:00,7.1207032e-06
2035-07-30 12:00:00,3.776497e-05
2035-08-01 12:00:00,5.2941134e-05
2035-08-02 12:00:00,2.5550442e-05
2035-08-03 12:00:00,3.5151083e-05
2035-08-04 12:00:00,1.2250079e-05
2035-08-05 12:00:00,8.207586e-06
2035-08-06 12:00:00,7.2945695e-06
2035-08-07 12:00:00,5.237933e-06
2035-08-08 12:00:00,6.690534e-06
2035-08-09 12:00:00,6.416085e-06
2035-08-10 12:00:00,2.8580776e-05
2035-08-11 12:00:00,5.4097094e-05
2035-08-12 12:00:00,3.7285237e-05
2035-08-13 12:00:00,3.227644e-05
2035-08-14 12:00:00,2.3466098e-05
2035-08-15 12:00:00,3.402382e-05
2035-08-16 12:00:00,2.5330562e-05
2035-08-17 12:00:00,1.6234102e-05
2035-08-18 12:00:00,9.76937e-06
2035-08-19 12:00:00,7.506077e-06
2035-08-20 12:00:00,7.341121e-06
2035-08-21 12:00:00,5.6612525e-06
2035-08-22 12:00:00,5.581376e-06
2035-08-23 12:00:00,5.262571e-06
2035-08-24 12:00:00,6.57684e-06
2035-08-25 12:00:00,6.3648768e-06
2035-08-26 12:00:00,7.75377e-06
2035-08-27 12:00:00,5.1692186e-06
2035-08-28 12:00:00,4.2266793e-06
2035-08-29 12:00:00,2.5310612e-05
2035-08-30 12:00:00,8.528019e-06
2035-09-01 12:00:00,1.7830564e-05
2035-09-02 12:00:00,1.35226455e-05
2035-09-03 12:00:00,7.780152e-06
2035-09-04 12:00:00,5.507405e-06
2035-09-05 12:00:00,2.6767986e-05
2035-09-06 12:00:00,8.635077e-06
2035-09-07 12:00:00,6.414193e-06
2035-09-08 12:00:00,1.0535092e-05
2035-09-09 12:00:00,1.1020034e-05
2035-09-10 12:00:00,1.1353579e-05
2035-09-11 12:00:00,8.313029e-06
2035-09-12 12:00:00,6.490096e-06
2035-09-13 12:00:00,5.3568947e-06
2035-09-14 12:00:00,6.2504987e-06
2035-09-15 12:00:00,4.422618e-06
2035-09-16 12:00:00,7.190378e-06
2035-09-17 12:00:00,6.0419115e-06
2035-09-18 12:00:00,9.8324235e-06
2035-09-19 12:00:00,9.240102e-06
2035-09-20 12:00:00,9.278025e-06
2035-09-21 12:00:00,6.8258087e-06
2035-09-22 12:00:00,6.410628e-06
2035-09-23 12:00:00,4.7292415e-06
2035-09-24 12:00:00,4.715288e-06
2035-09-25 12:00:00,6.9288362e-06
2035-09-26 12:00:00,7.290917e-06
2035-09-27 12:00:00,6.2029867e-06
2035-09-28 12:00:00,5.164795e-06
2035-09-29 12:00:00,5.1382085e-06
2035-09-30 12:00:00,1.4198624e-05
2035-10-01 12:00:00,1.8320105e-05
2035-10-02 12:00:00,2.5370056e-05
2035-10-03 12:00:00,1.7265746e-05
2035-10-04 12:00:00,1.205763e-05
2035-10-05 12:00:00,8.931136e-06
2035-10-06 12:00:00,6.829767e-06
2035-10-07 12:00:00,6.7262445e-06
2035-10-08 12:00:00,6.1829796e-06
2035-10-09 12:00:00,5.5567507e-06
2035-10-10 12:00:00,5.4937263e-06
2035-10-11 12:00:00,4.389527e-06
2035-10-12 12:00:00,4.538907e-06
2035-10-13 12:00:00,5.490918e-06
2035-10-14 12:00:00,5.0085955e-06
2035-10-15 12:00:00,4.589975e-06
2035-10-16 12:00:00,5.092079e-06
2035-10-17 12:00:00,4.6993955e-06
2035-10-18 12:00:00,5.2780324e-06
2035-10-19 12:00:00,3.473804e-06
2035-10-20 12:00:00,3.1426052e-06
2035-10-21 12:00:00,3.999143e-06
2035-10-22 12:00:00,4.442729e-06
2035-10-23 12:00:00,3.3766119e-06
2035-10-24 12:00:00,3.877125e-06
2035-10-25 12:00:00,3.8282305e-06
2035-10-26 12:00:00,4.7418434e-06
2035-10-27 12:00:00,2.8580398e-06
2035-10-28 12:00:00,3.7226482e-06
2035-10-29 12:00:00,7.606621e-06
2035-10-30 12:00:00,3.943278e-06
2035-11-01 12:00:00,3.6228885e-06
2035-11-02 12:00:00,3.0123192e-06
2035-11-03 12:00:00,2.7647184e-06
2035-11-04 12:00:00,2.2014938e-06
2035-11-05 12:00:00,3.6599668e-06
2035-11-06 12:00:00,5.787064e-06
2035-11-07 12:00:00,2.6958487e-06
2035-11-08 12:00:00,2.535594e-06
2035-11-09 12:00:00,2.5187383e-06
2035-11-10 12:00:00,3.3002361e-06
2035-11-11 12:00:00,2.6023645e-06
2035-11-12 12:00:00,1.309099e-05
2035-11-13 12:00:00,7.2101975e-06
2035-11-14 12:00:00,6.817965e-06
2035-11-15 12:00:00,1.3817291e-05
2035-11-16 12:00:00,2.1418819e-05
2035-11-17 12:00:00,1.1864435e-05
2035-11-18 12:00:00,1.2811855e-05
2035-11-19 12:00:00,1.0075732e-05
2035-11-20 12:00:00,8.815696e-06
2035-11-21 12:00:00,1.2106495e-05
2035-11-22 12:00:00,1.3325474e-05
2035-11-23 12:00:00,7.12974e-06
2035-11-24 12:00:00,7.653551e-06
2035-11-25 12:00:00,1.7003651e-05
2035-11-26 12:00:00,1.785194e-05
2035-11-27 12:00:00,1.7186028e-05
2035-11-28 12:00:00,1.6479593e-05
2035-11-29 12:00:00,9.044161e-06
2035-11-30 12:00:00,4.1526146e-06
2035-12-01 12:00:00,4.9487426e-06
2035-12-02 12:00:00,9.789161e-06
2035-12-03 12:00:00,4.82233e-06
2035-12-04 12:00:00,4.773261e-06
2035-12-05 12:00:00,5.018417e-06
2035-12-06 12:00:00,5.3279073e-06
2035-12-07 12:00:00,3.5695557e-06
2035-12-08 12:00:00,3.3566466e-06
2035-12-09 12:00:00,4.0335726e-06
2035-12-10 12:00:00,1.8814506e-05
2035-12-11 12:00:00,1.2169883e-05
2035-12-12 12:00:00,4.898451e-06
2035-12-13 12:00:00,7.125069e-06
2035-12-14 12:00:00,1.364587e-05
2035-12-15 12:00:00,1.1938071e-05
2035-12-16 12:00:00,1.595648e-05
2035-12-17 12:00:00,8.208473e-06
2035-12-18 12:00:00,7.582028e-06
2035-12-19 12:00:00,6.4795313e-06
2035-12-20 12:00:00,6.221002e-06
2035-12-21 12:00:00,3.8123253e-06
2035-12-22 12:00:00,2.6284106e-06
2035-12-23 12:00:00,2.5582558e-06
2035-12-24 12:00:00,4.3402106e-06
2035-12-25 12:00:00,8.118077e-06
2035-12-26 12:00:00,1.004996e-05
2035-12-27 12:00:00,7.1455142e-06
2035-12-28 12:00:00,5.065299e-06
2035-12-29 12:00:00,5.138275e-06
2035-12-30 12:00:00,2.5261834e-06
