time,tas
2051-01-01 12:00:00,277.54047
2051-01-02 12:00:00,279.42603
2051-01-03 12:00:00,280.67343
2051-01-04 12:00:00,282.01657
2051-01-05 12:00:00,279.37167
2051-01-06 12:00:00,276.5783
2051-01-07 12:00:00,276.70645
2051-01-08 12:00:00,276.1799
2051-01-09 12:00:00,280.77237
2051-01-10 12:00:00,282.10043
2051-01-11 12:00:00,278.6551
2051-01-12 12:00:00,279.1529
2051-01-13 12:00:00,280.33463
2051-01-14 12:00:00,279.66183
2051-01-15 12:00:00,281.1255
2051-01-16 12:00:00,281.8663
2051-01-17 12:00:00,278.01517
2051-01-18 12:00:00,277.25443
2051-01-19 12:00:00,275.80396
2051-01-20 12:00:00,279.37845
2051-01-21 12:00:00,278.07053
2051-01-22 12:00:00,275.15277
2051-01-23 12:00:00,274.50208
2051-01-24 12:00:00,273.97128
2051-01-25 12:00:00,273.72903
2051-01-26 12:00:00,276.3136
2051-01-27 12:00:00,273.58746
2051-01-28 12:00:00,273.09833
2051-01-29 12:00:00,273.83002
2051-01-30 12:00:00,276.35916
2051-01-31 12:00:00,278.19595
2051-02-01 12:00:00,275.411
2051-02-02 12:00:00,273.55942
2051-02-03 12:00:00,274.05508
2051-02-04 12:00:00,275.71786
2051-02-05 12:00:00,277.78845
2051-02-06 12:00:00,279.59625
2051-02-07 12:00:00,278.301
2051-02-08 12:00:00,277.17654
2051-02-09 12:00:00,277.04416
2051-02-10 12:00:00,278.8002
2051-02-11 12:00:00,278.6205
2051-02-12 12:00:00,280.38358
2051-02-13 12:00:00,281.14545
2051-02-14 12:00:00,280.84454
2051-02-15 12:00:00,280.20786
2051-02-16 12:00:00,283.02863
2051-02-17 12:00:00,282.9785
2051-02-18 12:00:00,281.72122
2051-02-19 12:00:00,278.83063
2051-02-20 12:00:00,280.36188
2051-02-21 12:00:00,282.843
2051-02-22 12:00:00,282.42877
2051-02-23 12:00:00,282.81766
2051-02-24 12:00:00,282.8988
2051-02-25 12:00:00,283.80225
2051-02-26 12:00:00,280.6624
2051-02-27 12:00:00,278.74582
2051-02-28 12:00:00,277.88452
2051-03-01 12:00:00,278.29297
2051-03-02 12:00:00,278.03912
2051-03-03 12:00:00,279.88852
2051-03-04 12:00:00,283.3661
2051-03-05 12:00:00,282.54343
2051-03-06 12:00:00,281.50153
2051-03-07 12:00:00,279.8043
2051-03-08 12:00:00,280.1234
2051-03-09 12:00:00,280.93137
2051-03-10 12:00:00,281.91956
2051-03-11 12:00:00,281.81262
2051-03-12 12:00:00,283.82388
2051-03-13 12:00:00,283.77606
2051-03-14 12:00:00,282.39673
2051-03-15 12:00:00,280.88208
2051-03-16 12:00:00,278.70712
2051-03-17 12:00:00,278.70267
2051-03-18 12:00:00,279.6246
2051-03-19 12:00:00,280.36282
2051-03-20 12:00:00,281.35522
2051-03-21 12:00:00,281.351
2051-03-22 12:00:00,281.9333
2051-03-23 12:00:00,282.7441
2051-03-24 12:00:00,283.54236
2051-03-25 12:00:00,283.19107
2051-03-26 12:00:00,282.20203
2051-03-27 12:00:00,282.1437
2051-03-28 12:00:00,282.02908
2051-03-29 12:00:00,284.6408
2051-03-30 12:00:00,281.98486
2051-03-31 12:00:00,281.97458
2051-04-01 12:00:00,283.62024
2051-04-02 12:00:00,286.19476
2051-04-03 12:00:00,282.99646
2051-04-04 12:00:00,282.7482
2051-04-05 12:00:00,284.67325
2051-04-06 12:00:00,283.15933
2051-04-07 12:00:00,282.75833
2051-04-08 12:00:00,284.84445
2051-04-09 12:00:00,283.85513
2051-04-10 12:00:00,283.55408
2051-04-11 12:00:00,285.48932
2051-04-12 12:00:00,288.26578
2051-04-13 12:00:00,286.2886
2051-04-14 12:00:00,286.47345
2051-04-15 12:00:00,285.6662
2051-04-16 12:00:00,286.49054
2051-04-17 12:00:00,285.26117
2051-04-18 12:00:00,284.65973
2051-04-19 12:00:00,285.5787
2051-04-20 12:00:00,285.9617
2051-04-21 12:00:00,285.9508
2051-04-22 12:00:00,285.38242
2051-04-23 12:00:00,283.85144
2051-04-24 12:00:00,285.8384
2051-04-25 12:00:00,284.4804
2051-04-26 12:00:00,282.88638
2051-04-27 12:00:00,287.36832
2051-04-28 12:00:00,287.83765
2051-04-29 12:00:00,282.85092
2051-04-30 12:00:00,280.83206
2051-05-01 12:00:00,279.61386
2051-05-02 12:00:00,281.0331
2051-05-03 12:00:00,282.32062
2051-05-04 12:00:00,283.307
2051-05-05 12:00:00,284.21613
2051-05-06 12:00:00,283.0456
2051-05-07 12:00:00,283.6806
2051-05-08 12:00:00,283.34894
2051-05-09 12:00:00,286.82388
2051-05-10 12:00:00,286.04498
2051-05-11 12:00:00,286.79486
2051-05-12 12:00:00,288.82455
2051-05-13 12:00:00,289.98074
2051-05-14 12:00:00,290.70276
2051-05-15 12:00:00,291.70935
2051-05-16 12:00:00,289.46393
2051-05-17 12:00:00,287.96243
2051-05-18 12:00:00,290.20996
2051-05-19 12:00:00,288.90027
2051-05-20 12:00:00,286.8329
2051-05-21 12:00:00,287.35614
2051-05-22 12:00:00,285.56067
2051-05-23 12:00:00,285.8047
2051-05-24 12:00:00,286.57593
2051-05-25 12:00:00,283.16425
2051-05-26 12:00:00,284.9133
2051-05-27 12:00:00,285.7947
2051-05-28 12:00:00,287.6902
2051-05-29 12:00:00,290.49417
2051-05-30 12:00:00,292.3317
2051-05-31 12:00:00,288.85297
2051-06-01 12:00:00,288.38336
2051-06-02 12:00:00,290.92715
2051-06-03 12:00:00,290.7446
2051-06-04 12:00:00,291.0281
2051-06-05 12:00:00,292.165
2051-06-06 12:00:00,292.92993
2051-06-07 12:00:00,294.14206
2051-06-08 12:00:00,291.42535
2051-06-09 12:00:00,289.85437
2051-06-10 12:00:00,288.9352
2051-06-11 12:00:00,290.19672
2051-06-12 12:00:00,289.02725
2051-06-13 12:00:00,291.7205
2051-06-14 12:00:00,290.7169
2051-06-15 12:00:00,289.548
2051-06-16 12:00:00,290.55157
2051-06-17 12:00:00,291.2504
2051-06-18 12:00:00,290.2023
2051-06-19 12:00:00,290.87903
2051-06-20 12:00:00,293.05582
2051-06-21 12:00:00,292.89432
2051-06-22 12:00:00,293.3954
2051-06-23 12:00:00,294.00876
2051-06-24 12:00:00,294.5158
2051-06-25 12:00:00,295.07553
2051-06-26 12:00:00,295.04617
2051-06-27 12:00:00,296.5887
2051-06-28 12:00:00,297.9641
2051-06-29 12:00:00,297.87726
2051-06-30 12:00:00,295.78693
2051-07-01 12:00:00,294.5613
2051-07-02 12:00:00,295.8281
2051-07-03 12:00:00,298.04214
2051-07-04 12:00:00,297.4201
2051-07-05 12:00:00,295.94098
2051-07-06 12:00:00,293.73965
2051-07-07 12:00:00,292.0148
2051-07-08 12:00:00,290.37143
2051-07-09 12:00:00,291.99054
2051-07-10 12:00:00,288.88974
2051-07-11 12:00:00,290.67044
2051-07-12 12:00:00,293.6525
2051-07-13 12:00:00,295.48853
2051-07-14 12:00:00,297.93378
2051-07-15 12:00:00,298.75525
2051-07-16 12:00:00,295.4784
2051-07-17 12:00:00,293.40012
2051-07-18 12:00:00,293.80344
2051-07-19 12:00:00,294.70767
2051-07-20 12:00:00,292.9218
2051-07-21 12:00:00,293.16876
2051-07-22 12:00:00,293.1951
2051-07-23 12:00:00,294.71252
2051-07-24 12:00:00,296.62567
2051-07-25 12:00:00,295.8878
2051-07-26 12:00:00,296.22223
2051-07-27 12:00:00,294.3447
2051-07-28 12:00:00,291.21307
2051-07-29 12:00:00,292.82715
2051-07-30 12:00:00,292.90717
2051-07-31 12:00:00,294.2773
2051-08-01 12:00:00,295.47318
2051-08-02 12:00:00,295.82568
2051-08-03 12:00:00,295.9869
2051-08-04 12:00:00,297.0181
2051-08-05 12:00:00,297.18616
2051-08-06 12:00:00,296.23267
2051-08-07 12:00:00,294.60468
2051-08-08 12:00:00,293.75604
2051-08-09 12:00:00,293.97137
2051-08-10 12:00:00,295.17578
2051-08-11 12:00:00,295.78162
2051-08-12 12:00:00,296.01755
2051-08-13 12:00:00,295.9627
2051-08-14 12:00:00,296.32748
2051-08-15 12:00:00,295.799
2051-08-16 12:00:00,294.83395
2051-08-17 12:00:00,292.45004
2051-08-18 12:00:00,290.41183
2051-08-19 12:00:00,291.68295
2051-08-20 12:00:00,292.99814
2051-08-21 12:00:00,293.2755
2051-08-22 12:00:00,292.506
2051-08-23 12:00:00,292.18613
2051-08-24 12:00:00,293.50946
2051-08-25 12:00:00,293.21152
2051-08-26 12:00:00,293.0836
2051-08-27 12:00:00,293.04843
2051-08-28 12:00:00,292.89484
2051-08-29 12:00:00,294.0487
2051-08-30 12:00:00,293.73883
2051-08-31 12:00:00,292.89798
2051-09-01 12:00:00,292.02185
2051-09-02 12:00:00,292.8284
2051-09-03 12:00:00,291.2076
2051-09-04 12:00:00,291.51526
2051-09-05 12:00:00,291.7975
2051-09-06 12:00:00,292.02057
2051-09-07 12:00:00,292.11902
2051-09-08 12:00:00,292.24115
2051-09-09 12:00:00,290.63312
2051-09-10 12:00:00,290.6732
2051-09-11 12:00:00,289.30206
2051-09-12 12:00:00,289.06055
2051-09-13 12:00:00,289.1206
2051-09-14 12:00:00,289.8278
2051-09-15 12:00:00,289.49265
2051-09-16 12:00:00,289.53943
2051-09-17 12:00:00,289.44122
2051-09-18 12:00:00,289.7631
2051-09-19 12:00:00,290.1677
2051-09-20 12:00:00,288.5213
2051-09-21 12:00:00,289.22913
2051-09-22 12:00:00,289.81165
2051-09-23 12:00:00,289.99405
2051-09-24 12:00:00,289.1324
2051-09-25 12:00:00,289.4548
2051-09-26 12:00:00,291.18408
2051-09-27 12:00:00,288.88184
2051-09-28 12:00:00,289.30182
2051-09-29 12:00:00,292.12238
2051-09-30 12:00:00,291.51688
2051-10-01 12:00:00,288.80035
2051-10-02 12:00:00,289.67346
2051-10-03 12:00:00,291.27737
2051-10-04 12:00:00,291.0915
2051-10-05 12:00:00,289.6213
2051-10-06 12:00:00,289.54294
2051-10-07 12:00:00,288.8212
2051-10-08 12:00:00,288.6244
2051-10-09 12:00:00,286.08536
2051-10-10 12:00:00,285.04407
2051-10-11 12:00:00,285.94083
2051-10-12 12:00:00,287.3982
2051-10-13 12:00:00,290.39688
2051-10-14 12:00:00,290.99988
2051-10-15 12:00:00,288.27023
2051-10-16 12:00:00,286.71265
2051-10-17 12:00:00,285.09442
2051-10-18 12:00:00,286.99356
2051-10-19 12:00:00,285.86084
2051-10-20 12:00:00,285.336
2051-10-21 12:00:00,284.747
2051-10-22 12:00:00,285.40506
2051-10-23 12:00:00,286.2004
2051-10-24 12:00:00,286.07294
2051-10-25 12:00:00,285.0422
2051-10-26 12:00:00,282.17828
2051-10-27 12:00:00,281.39804
2051-10-28 12:00:00,280.08466
2051-10-29 12:00:00,280.64618
2051-10-30 12:00:00,281.88004
2051-10-31 12:00:00,283.32303
2051-11-01 12:00:00,283.88705
2051-11-02 12:00:00,284.47546
2051-11-03 12:00:00,285.534
2051-11-04 12:00:00,283.62024
2051-11-05 12:00:00,282.3747
2051-11-06 12:00:00,282.24588
2051-11-07 12:00:00,284.0206
2051-11-08 12:00:00,284.5971
2051-11-09 12:00:00,284.4462
2051-11-10 12:00:00,283.66953
2051-11-11 12:00:00,284.10425
2051-11-12 12:00:00,281.05014
2051-11-13 12:00:00,281.08237
2051-11-14 12:00:00,280.35657
2051-11-15 12:00:00,280.77084
2051-11-16 12:00:00,284.52188
2051-11-17 12:00:00,282.54364
2051-11-18 12:00:00,281.45636
2051-11-19 12:00:00,281.3641
2051-11-20 12:00:00,281.9898
2051-11-21 12:00:00,283.1337
2051-11-22 12:00:00,282.3525
2051-11-23 12:00:00,281.56595
2051-11-24 12:00:00,280.6482
2051-11-25 12:00:00,280.05603
2051-11-26 12:00:00,280.09616
2051-11-27 12:00:00,279.64233
2051-11-28 12:00:00,278.80453
2051-11-29 12:00:00,279.17203
2051-11-30 12:00:00,280.9134
2051-12-01 12:00:00,281.57062
2051-12-02 12:00:00,279.6529
2051-12-03 12:00:00,279.88632
2051-12-04 12:00:00,280.55255
2051-12-05 12:00:00,282.1936
2051-12-06 12:00:00,280.3065
2051-12-07 12:00:00,280.20895
2051-12-08 12:00:00,282.17267
2051-12-09 12:00:00,278.72415
2051-12-10 12:00:00,275.9677
2051-12-11 12:00:00,274.38544
2051-12-12 12:00:00,277.12384
2051-12-13 12:00:00,277.1277
2051-12-14 12:00:00,281.528
2051-12-15 12:00:00,277.60266
2051-12-16 12:00:00,276.54736
2051-12-17 12:00:00,273.7143
2051-12-18 12:00:00,271.7127
2051-12-19 12:00:00,271.58347
2051-12-20 12:00:00,270.6543
2051-12-21 12:00:00,269.96222
2051-12-22 12:00:00,271.82587
2051-12-23 12:00:00,271.824
2051-12-24 12:00:00,274.8536
2051-12-25 12:00:00,279.1552
2051-12-26 12:00:00,279.6778
2051-12-27 12:00:00,278.9799
2051-12-28 12:00:00,279.46283
2051-12-29 12:00:00,277.06497
2051-12-30 12:00:00,276.7787
2051-12-31 12:00:00,276.7652
2052-01-01 12:00:00,279.24945
2052-01-02 12:00:00,278.68872
2052-01-03 12:00:00,278.7268
2052-01-04 12:00:00,279.25296
2052-01-05 12:00:00,278.1684
2052-01-06 12:00:00,279.6822
2052-01-07 12:00:00,280.44995
2052-01-08 12:00:00,277.89084
2052-01-09 12:00:00,276.9411
2052-01-10 12:00:00,276.01337
2052-01-11 12:00:00,277.70267
2052-01-12 12:00:00,279.1962
2052-01-13 12:00:00,276.21915
2052-01-14 12:00:00,274.43793
2052-01-15 12:00:00,275.6296
2052-01-16 12:00:00,276.54666
2052-01-17 12:00:00,277.6545
2052-01-18 12:00:00,277.79187
2052-01-19 12:00:00,274.84988
2052-01-20 12:00:00,275.98517
2052-01-21 12:00:00,276.4162
2052-01-22 12:00:00,276.41052
2052-01-23 12:00:00,274.10748
2052-01-24 12:00:00,274.3309
2052-01-25 12:00:00,274.48444
2052-01-26 12:00:00,275.5074
2052-01-27 12:00:00,274.7606
2052-01-28 12:00:00,273.25244
2052-01-29 12:00:00,272.95746
2052-01-30 12:00:00,275.50894
2052-01-31 12:00:00,276.25067
2052-02-01 12:00:00,279.08084
2052-02-02 12:00:00,280.94
2052-02-03 12:00:00,281.2625
2052-02-04 12:00:00,281.20956
2052-02-05 12:00:00,281.84637
2052-02-06 12:00:00,281.5333
2052-02-07 12:00:00,282.56796
2052-02-08 12:00:00,282.0392
2052-02-09 12:00:00,281.51727
2052-02-10 12:00:00,280.44186
2052-02-11 12:00:00,279.83362
2052-02-12 12:00:00,280.3362
2052-02-13 12:00:00,281.14542
2052-02-14 12:00:00,279.34747
2052-02-15 12:00:00,277.73627
2052-02-16 12:00:00,279.6412
2052-02-17 12:00:00,280.34045
2052-02-18 12:00:00,280.10455
2052-02-19 12:00:00,280.5244
2052-02-20 12:00:00,281.03195
2052-02-21 12:00:00,281.92133
2052-02-22 12:00:00,281.36606
2052-02-23 12:00:00,280.8532
2052-02-24 12:00:00,283.0552
2052-02-25 12:00:00,282.2259
2052-02-26 12:00:00,281.78033
2052-02-27 12:00:00,280.3262
2052-02-28 12:00:00,280.35397
2052-02-29 12:00:00,277.4902
2052-03-01 12:00:00,275.17474
2052-03-02 12:00:00,274.28455
2052-03-03 12:00:00,275.42688
2052-03-04 12:00:00,277.3832
2052-03-05 12:00:00,273.81018
2052-03-06 12:00:00,273.80502
2052-03-07 12:00:00,273.76727
2052-03-08 12:00:00,276.8827
2052-03-09 12:00:00,278.67276
2052-03-10 12:00:00,275.90167
2052-03-11 12:00:00,274.77463
2052-03-12 12:00:00,273.33182
2052-03-13 12:00:00,274.9898
2052-03-14 12:00:00,276.8449
2052-03-15 12:00:00,277.8365
2052-03-16 12:00:00,278.17978
2052-03-17 12:00:00,276.91254
2052-03-18 12:00:00,277.80063
2052-03-19 12:00:00,278.03247
2052-03-20 12:00:00,279.20026
2052-03-21 12:00:00,279.94864
2052-03-22 12:00:00,279.7688
2052-03-23 12:00:00,278.93704
2052-03-24 12:00:00,279.33075
2052-03-25 12:00:00,280.2846
2052-03-26 12:00:00,280.83453
2052-03-27 12:00:00,279.9337
2052-03-28 12:00:00,278.20135
2052-03-29 12:00:00,277.6522
2052-03-30 12:00:00,277.2222
2052-03-31 12:00:00,278.2738
2052-04-01 12:00:00,280.66724
2052-04-02 12:00:00,283.66928
2052-04-03 12:00:00,281.35007
2052-04-04 12:00:00,282.9602
2052-04-05 12:00:00,283.65332
2052-04-06 12:00:00,283.04276
2052-04-07 12:00:00,280.0588
2052-04-08 12:00:00,280.8881
2052-04-09 12:00:00,280.88116
2052-04-10 12:00:00,280.89737
2052-04-11 12:00:00,283.10394
2052-04-12 12:00:00,284.7138
2052-04-13 12:00:00,283.46338
2052-04-14 12:00:00,282.2652
2052-04-15 12:00:00,283.629
2052-04-16 12:00:00,284.88907
2052-04-17 12:00:00,287.87796
2052-04-18 12:00:00,286.82962
2052-04-19 12:00:00,285.7201
2052-04-20 12:00:00,283.3646
2052-04-21 12:00:00,283.8061
2052-04-22 12:00:00,284.4132
2052-04-23 12:00:00,285.14706
2052-04-24 12:00:00,286.96732
2052-04-25 12:00:00,287.99338
2052-04-26 12:00:00,286.94293
2052-04-27 12:00:00,287.9549
2052-04-28 12:00:00,282.93954
2052-04-29 12:00:00,283.13116
2052-04-30 12:00:00,285.157
2052-05-01 12:00:00,280.59808
2052-05-02 12:00:00,281.0094
2052-05-03 12:00:00,281.61783
2052-05-04 12:00:00,283.63815
2052-05-05 12:00:00,284.40112
2052-05-06 12:00:00,287.10486
2052-05-07 12:00:00,282.7909
2052-05-08 12:00:00,283.2796
2052-05-09 12:00:00,287.45224
2052-05-10 12:00:00,288.67383
2052-05-11 12:00:00,287.33743
2052-05-12 12:00:00,288.37708
2052-05-13 12:00:00,284.31818
2052-05-14 12:00:00,286.38757
2052-05-15 12:00:00,282.67786
2052-05-16 12:00:00,283.88776
2052-05-17 12:00:00,287.50735
2052-05-18 12:00:00,289.16388
2052-05-19 12:00:00,290.13583
2052-05-20 12:00:00,290.0615
2052-05-21 12:00:00,289.92612
2052-05-22 12:00:00,288.99734
2052-05-23 12:00:00,289.14972
2052-05-24 12:00:00,288.01898
2052-05-25 12:00:00,289.59918
2052-05-26 12:00:00,291.273
2052-05-27 12:00:00,290.79028
2052-05-28 12:00:00,291.15674
2052-05-29 12:00:00,291.2711
2052-05-30 12:00:00,292.05026
2052-05-31 12:00:00,288.591
2052-06-01 12:00:00,290.35492
2052-06-02 12:00:00,291.55087
2052-06-03 12:00:00,287.38293
2052-06-04 12:00:00,284.8993
2052-06-05 12:00:00,287.3019
2052-06-06 12:00:00,289.6668
2052-06-07 12:00:00,291.74445
2052-06-08 12:00:00,291.06454
2052-06-09 12:00:00,288.95392
2052-06-10 12:00:00,290.4345
2052-06-11 12:00:00,288.10425
2052-06-12 12:00:00,286.18457
2052-06-13 12:00:00,286.60275
2052-06-14 12:00:00,288.46707
2052-06-15 12:00:00,290.75186
2052-06-16 12:00:00,291.4612
2052-06-17 12:00:00,293.90265
2052-06-18 12:00:00,293.50916
2052-06-19 12:00:00,294.02335
2052-06-20 12:00:00,293.29486
2052-06-21 12:00:00,292.25058
2052-06-22 12:00:00,294.80386
2052-06-23 12:00:00,294.00006
2052-06-24 12:00:00,291.44962
2052-06-25 12:00:00,288.90115
2052-06-26 12:00:00,288.9414
2052-06-27 12:00:00,290.85342
2052-06-28 12:00:00,292.32077
2052-06-29 12:00:00,292.4099
2052-06-30 12:00:00,294.3024
2052-07-01 12:00:00,295.7097
2052-07-02 12:00:00,297.79065
2052-07-03 12:00:00,298.3811
2052-07-04 12:00:00,295.85294
2052-07-05 12:00:00,295.34695
2052-07-06 12:00:00,295.71472
2052-07-07 12:00:00,294.0027
2052-07-08 12:00:00,291.22797
2052-07-09 12:00:00,290.9307
2052-07-10 12:00:00,291.18686
2052-07-11 12:00:00,291.50635
2052-07-12 12:00:00,291.8897
2052-07-13 12:00:00,293.17374
2052-07-14 12:00:00,293.70526
2052-07-15 12:00:00,293.7381
2052-07-16 12:00:00,294.64636
2052-07-17 12:00:00,293.49396
2052-07-18 12:00:00,287.70172
2052-07-19 12:00:00,290.96667
2052-07-20 12:00:00,291.68362
2052-07-21 12:00:00,293.1195
2052-07-22 12:00:00,293.55243
2052-07-23 12:00:00,294.27484
2052-07-24 12:00:00,294.40112
2052-07-25 12:00:00,294.90964
2052-07-26 12:00:00,296.24246
2052-07-27 12:00:00,291.39706
2052-07-28 12:00:00,289.51566
2052-07-29 12:00:00,290.70123
2052-07-30 12:00:00,289.69592
2052-07-31 12:00:00,291.72665
2052-08-01 12:00:00,293.48123
2052-08-02 12:00:00,294.66232
2052-08-03 12:00:00,297.40778
2052-08-04 12:00:00,293.21228
2052-08-05 12:00:00,291.18604
2052-08-06 12:00:00,291.58594
2052-08-07 12:00:00,292.7461
2052-08-08 12:00:00,293.83798
2052-08-09 12:00:00,294.29773
2052-08-10 12:00:00,294.20627
2052-08-11 12:00:00,295.2028
2052-08-12 12:00:00,295.83466
2052-08-13 12:00:00,297.387
2052-08-14 12:00:00,298.14377
2052-08-15 12:00:00,298.56107
2052-08-16 12:00:00,298.1406
2052-08-17 12:00:00,298.2204
2052-08-18 12:00:00,299.50922
2052-08-19 12:00:00,298.1955
2052-08-20 12:00:00,295.90472
2052-08-21 12:00:00,295.6466
2052-08-22 12:00:00,295.06522
2052-08-23 12:00:00,290.22446
2052-08-24 12:00:00,290.75583
2052-08-25 12:00:00,291.47287
2052-08-26 12:00:00,291.7472
2052-08-27 12:00:00,291.5737
2052-08-28 12:00:00,291.54938
2052-08-29 12:00:00,293.5131
2052-08-30 12:00:00,294.46057
2052-08-31 12:00:00,293.48795
2052-09-01 12:00:00,291.30984
2052-09-02 12:00:00,292.34845
2052-09-03 12:00:00,291.98346
2052-09-04 12:00:00,291.73657
2052-09-05 12:00:00,292.6283
2052-09-06 12:00:00,293.2141
2052-09-07 12:00:00,292.95538
2052-09-08 12:00:00,292.21634
2052-09-09 12:00:00,293.62564
2052-09-10 12:00:00,292.80884
2052-09-11 12:00:00,291.92764
2052-09-12 12:00:00,290.27142
2052-09-13 12:00:00,289.54236
2052-09-14 12:00:00,288.2846
2052-09-15 12:00:00,287.89542
2052-09-16 12:00:00,287.72684
2052-09-17 12:00:00,288.8659
2052-09-18 12:00:00,289.031
2052-09-19 12:00:00,287.74268
2052-09-20 12:00:00,285.55862
2052-09-21 12:00:00,284.4866
2052-09-22 12:00:00,284.2756
2052-09-23 12:00:00,286.20297
2052-09-24 12:00:00,287.70938
2052-09-25 12:00:00,286.85956
2052-09-26 12:00:00,286.42273
2052-09-27 12:00:00,287.0551
2052-09-28 12:00:00,287.80533
2052-09-29 12:00:00,284.93268
2052-09-30 12:00:00,284.3725
2052-10-01 12:00:00,286.96765
2052-10-02 12:00:00,285.91287
2052-10-03 12:00:00,284.9716
2052-10-04 12:00:00,282.95966
2052-10-05 12:00:00,283.59326
2052-10-06 12:00:00,286.03256
2052-10-07 12:00:00,286.82947
2052-10-08 12:00:00,288.42014
2052-10-09 12:00:00,286.59998
2052-10-10 12:00:00,286.05045
2052-10-11 12:00:00,286.73062
2052-10-12 12:00:00,286.69058
2052-10-13 12:00:00,285.5623
2052-10-14 12:00:00,285.40417
2052-10-15 12:00:00,287.69376
2052-10-16 12:00:00,290.07257
2052-10-17 12:00:00,289.84933
2052-10-18 12:00:00,287.63583
2052-10-19 12:00:00,285.98505
2052-10-20 12:00:00,287.23807
2052-10-21 12:00:00,286.84564
2052-10-22 12:00:00,283.706
2052-10-23 12:00:00,281.52466
2052-10-24 12:00:00,284.2469
2052-10-25 12:00:00,284.67227
2052-10-26 12:00:00,284.69882
2052-10-27 12:00:00,286.20596
2052-10-28 12:00:00,285.56366
2052-10-29 12:00:00,285.1042
2052-10-30 12:00:00,286.8315
2052-10-31 12:00:00,285.8214
2052-11-01 12:00:00,284.28204
2052-11-02 12:00:00,282.6104
2052-11-03 12:00:00,283.5258
2052-11-04 12:00:00,281.3507
2052-11-05 12:00:00,281.7687
2052-11-06 12:00:00,282.19977
2052-11-07 12:00:00,280.73578
2052-11-08 12:00:00,280.7
2052-11-09 12:00:00,282.1341
2052-11-10 12:00:00,283.34003
2052-11-11 12:00:00,283.9137
2052-11-12 12:00:00,284.0081
2052-11-13 12:00:00,282.83038
2052-11-14 12:00:00,281.85257
2052-11-15 12:00:00,282.4244
2052-11-16 12:00:00,281.1929
2052-11-17 12:00:00,282.2864
2052-11-18 12:00:00,286.97064
2052-11-19 12:00:00,283.7882
2052-11-20 12:00:00,281.44922
2052-11-21 12:00:00,282.07425
2052-11-22 12:00:00,280.3718
2052-11-23 12:00:00,279.75174
2052-11-24 12:00:00,282.58774
2052-11-25 12:00:00,281.9779
2052-11-26 12:00:00,281.4315
2052-11-27 12:00:00,277.47827
2052-11-28 12:00:00,274.58533
2052-11-29 12:00:00,273.75372
2052-11-30 12:00:00,274.09583
2052-12-01 12:00:00,273.20105
2052-12-02 12:00:00,273.66943
2052-12-03 12:00:00,275.625
2052-12-04 12:00:00,275.38287
2052-12-05 12:00:00,279.07703
2052-12-06 12:00:00,276.4813
2052-12-07 12:00:00,277.83664
2052-12-08 12:00:00,277.5542
2052-12-09 12:00:00,280.77682
2052-12-10 12:00:00,280.41904
2052-12-11 12:00:00,280.3545
2052-12-12 12:00:00,280.2812
2052-12-13 12:00:00,282.5159
2052-12-14 12:00:00,282.77637
2052-12-15 12:00:00,281.67923
2052-12-16 12:00:00,281.38312
2052-12-17 12:00:00,280.48828
2052-12-18 12:00:00,279.80106
2052-12-19 12:00:00,282.0083
2052-12-20 12:00:00,281.98535
2052-12-21 12:00:00,279.60953
2052-12-22 12:00:00,278.40768
2052-12-23 12:00:00,279.95422
2052-12-24 12:00:00,277.8816
2052-12-25 12:00:00,278.6221
2052-12-26 12:00:00,281.53024
2052-12-27 12:00:00,281.29846
2052-12-28 12:00:00,279.89658
2052-12-29 12:00:00,281.13797
2052-12-30 12:00:00,276.88837
2052-12-31 12:00:00,274.00787
2053-01-01 12:00:00,275.0459
2053-01-02 12:00:00,277.36124
2053-01-03 12:00:00,278.3398
2053-01-04 12:00:00,278.73224
2053-01-05 12:00:00,280.27893
2053-01-06 12:00:00,276.8719
2053-01-07 12:00:00,277.04333
2053-01-08 12:00:00,275.42755
2053-01-09 12:00:00,274.55557
2053-01-10 12:00:00,276.34235
2053-01-11 12:00:00,280.3601
2053-01-12 12:00:00,281.06128
2053-01-13 12:00:00,282.2408
2053-01-14 12:00:00,282.66858
2053-01-15 12:00:00,282.3795
2053-01-16 12:00:00,282.26233
2053-01-17 12:00:00,279.70694
2053-01-18 12:00:00,279.08682
2053-01-19 12:00:00,280.4649
2053-01-20 12:00:00,279.64844
2053-01-21 12:00:00,279.14197
2053-01-22 12:00:00,279.23697
2053-01-23 12:00:00,277.03546
2053-01-24 12:00:00,277.79
2053-01-25 12:00:00,279.80392
2053-01-26 12:00:00,279.01697
2053-01-27 12:00:00,278.78125
2053-01-28 12:00:00,278.24234
2053-01-29 12:00:00,278.47437
2053-01-30 12:00:00,279.29266
2053-01-31 12:00:00,277.68533
2053-02-01 12:00:00,275.0277
2053-02-02 12:00:00,274.65424
2053-02-03 12:00:00,276.08383
2053-02-04 12:00:00,275.1136
2053-02-05 12:00:00,273.5583
2053-02-06 12:00:00,274.14685
2053-02-07 12:00:00,275.16782
2053-02-08 12:00:00,278.04605
2053-02-09 12:00:00,278.9821
2053-02-10 12:00:00,275.2519
2053-02-11 12:00:00,275.24692
2053-02-12 12:00:00,277.3571
2053-02-13 12:00:00,275.1098
2053-02-14 12:00:00,276.14105
2053-02-15 12:00:00,278.38193
2053-02-16 12:00:00,281.34967
2053-02-17 12:00:00,281.54773
2053-02-18 12:00:00,279.09064
2053-02-19 12:00:00,278.61646
2053-02-20 12:00:00,279.7571
2053-02-21 12:00:00,281.20743
2053-02-22 12:00:00,281.8638
2053-02-23 12:00:00,283.77332
2053-02-24 12:00:00,282.1516
2053-02-25 12:00:00,281.5761
2053-02-26 12:00:00,281.82883
2053-02-27 12:00:00,283.14392
2053-02-28 12:00:00,280.3939
2053-03-01 12:00:00,281.29013
2053-03-02 12:00:00,281.73517
2053-03-03 12:00:00,283.8501
2053-03-04 12:00:00,285.1894
2053-03-05 12:00:00,285.90976
2053-03-06 12:00:00,282.52524
2053-03-07 12:00:00,283.61902
2053-03-08 12:00:00,283.05487
2053-03-09 12:00:00,284.5835
2053-03-10 12:00:00,285.60895
2053-03-11 12:00:00,283.74228
2053-03-12 12:00:00,285.89545
2053-03-13 12:00:00,283.72357
2053-03-14 12:00:00,285.00015
2053-03-15 12:00:00,286.70032
2053-03-16 12:00:00,288.37708
2053-03-17 12:00:00,282.88483
2053-03-18 12:00:00,282.3903
2053-03-19 12:00:00,283.95767
2053-03-20 12:00:00,281.80698
2053-03-21 12:00:00,282.10306
2053-03-22 12:00:00,281.56738
2053-03-23 12:00:00,284.80414
2053-03-24 12:00:00,284.56393
2053-03-25 12:00:00,283.54584
2053-03-26 12:00:00,284.32202
2053-03-27 12:00:00,287.66318
2053-03-28 12:00:00,287.81018
2053-03-29 12:00:00,287.63425
2053-03-30 12:00:00,282.68
2053-03-31 12:00:00,282.68622
2053-04-01 12:00:00,281.3031
2053-04-02 12:00:00,280.4349
2053-04-03 12:00:00,283.14264
2053-04-04 12:00:00,284.8392
2053-04-05 12:00:00,284.46313
2053-04-06 12:00:00,284.4514
2053-04-07 12:00:00,281.2856
2053-04-08 12:00:00,283.724
2053-04-09 12:00:00,283.4981
2053-04-10 12:00:00,280.12543
2053-04-11 12:00:00,279.611
2053-04-12 12:00:00,282.45074
2053-04-13 12:00:00,280.9342
2053-04-14 12:00:00,280.13013
2053-04-15 12:00:00,279.11072
2053-04-16 12:00:00,279.2654
2053-04-17 12:00:00,280.478
2053-04-18 12:00:00,280.59573
2053-04-19 12:00:00,282.211
2053-04-20 12:00:00,284.10193
2053-04-21 12:00:00,284.7287
2053-04-22 12:00:00,283.60767
2053-04-23 12:00:00,283.81683
2053-04-24 12:00:00,284.48608
2053-04-25 12:00:00,284.01355
2053-04-26 12:00:00,283.7933
2053-04-27 12:00:00,285.39224
2053-04-28 12:00:00,284.76865
2053-04-29 12:00:00,286.5397
2053-04-30 12:00:00,287.98987
2053-05-01 12:00:00,287.80173
2053-05-02 12:00:00,285.41638
2053-05-03 12:00:00,285.90762
2053-05-04 12:00:00,285.43213
2053-05-05 12:00:00,285.58496
2053-05-06 12:00:00,284.08777
2053-05-07 12:00:00,285.28827
2053-05-08 12:00:00,285.1761
2053-05-09 12:00:00,288.93802
2053-05-10 12:00:00,284.5584
2053-05-11 12:00:00,284.86655
2053-05-12 12:00:00,288.25363
2053-05-13 12:00:00,288.40674
2053-05-14 12:00:00,288.96057
2053-05-15 12:00:00,289.83105
2053-05-16 12:00:00,289.09982
2053-05-17 12:00:00,287.02048
2053-05-18 12:00:00,285.207
2053-05-19 12:00:00,283.17664
2053-05-20 12:00:00,282.77438
2053-05-21 12:00:00,284.42505
2053-05-22 12:00:00,285.42053
2053-05-23 12:00:00,286.1084
2053-05-24 12:00:00,282.51993
2053-05-25 12:00:00,286.7221
2053-05-26 12:00:00,284.41168
2053-05-27 12:00:00,285.58804
2053-05-28 12:00:00,289.6313
2053-05-29 12:00:00,292.8724
2053-05-30 12:00:00,292.76758
2053-05-31 12:00:00,291.07214
2053-06-01 12:00:00,292.09283
2053-06-02 12:00:00,291.54468
2053-06-03 12:00:00,286.2195
2053-06-04 12:00:00,287.4229
2053-06-05 12:00:00,287.09567
2053-06-06 12:00:00,289.625
2053-06-07 12:00:00,290.2595
2053-06-08 12:00:00,289.2485
2053-06-09 12:00:00,287.21594
2053-06-10 12:00:00,284.76172
2053-06-11 12:00:00,285.92947
2053-06-12 12:00:00,288.88745
2053-06-13 12:00:00,291.34302
2053-06-14 12:00:00,293.6614
2053-06-15 12:00:00,293.13446
2053-06-16 12:00:00,292.96313
2053-06-17 12:00:00,293.75964
2053-06-18 12:00:00,292.99625
2053-06-19 12:00:00,293.5209
2053-06-20 12:00:00,292.8413
2053-06-21 12:00:00,293.15897
2053-06-22 12:00:00,293.4333
2053-06-23 12:00:00,291.26617
2053-06-24 12:00:00,290.6636
2053-06-25 12:00:00,291.12378
2053-06-26 12:00:00,293.1596
2053-06-27 12:00:00,293.73035
2053-06-28 12:00:00,295.44183
2053-06-29 12:00:00,296.40503
2053-06-30 12:00:00,296.69095
2053-07-01 12:00:00,292.85632
2053-07-02 12:00:00,292.71902
2053-07-03 12:00:00,293.56992
2053-07-04 12:00:00,294.86713
2053-07-05 12:00:00,290.91852
2053-07-06 12:00:00,290.21033
2053-07-07 12:00:00,291.1898
2053-07-08 12:00:00,293.51343
2053-07-09 12:00:00,294.5281
2053-07-10 12:00:00,293.51196
2053-07-11 12:00:00,295.1371
2053-07-12 12:00:00,294.93906
2053-07-13 12:00:00,293.7682
2053-07-14 12:00:00,292.9425
2053-07-15 12:00:00,295.3701
2053-07-16 12:00:00,292.6246
2053-07-17 12:00:00,292.253
2053-07-18 12:00:00,292.75058
2053-07-19 12:00:00,292.03574
2053-07-20 12:00:00,291.55002
2053-07-21 12:00:00,293.73038
2053-07-22 12:00:00,295.44058
2053-07-23 12:00:00,294.14755
2053-07-24 12:00:00,294.29404
2053-07-25 12:00:00,290.6318
2053-07-26 12:00:00,292.24042
2053-07-27 12:00:00,294.6687
2053-07-28 12:00:00,295.31235
2053-07-29 12:00:00,296.30798
2053-07-30 12:00:00,298.42355
2053-07-31 12:00:00,296.64502
2053-08-01 12:00:00,295.1914
2053-08-02 12:00:00,295.38174
2053-08-03 12:00:00,295.15924
2053-08-04 12:00:00,295.71713
2053-08-05 12:00:00,295.81586
2053-08-06 12:00:00,296.48898
2053-08-07 12:00:00,295.28244
2053-08-08 12:00:00,296.34183
2053-08-09 12:00:00,296.55807
2053-08-10 12:00:00,295.60687
2053-08-11 12:00:00,296.54968
2053-08-12 12:00:00,296.87402
2053-08-13 12:00:00,299.1027
2053-08-14 12:00:00,299.07986
2053-08-15 12:00:00,298.14038
2053-08-16 12:00:00,297.9467
2053-08-17 12:00:00,295.2744
2053-08-18 12:00:00,292.91373
2053-08-19 12:00:00,293.78036
2053-08-20 12:00:00,292.98917
2053-08-21 12:00:00,294.26428
2053-08-22 12:00:00,292.612
2053-08-23 12:00:00,292.3621
2053-08-24 12:00:00,293.6388
2053-08-25 12:00:00,294.37982
2053-08-26 12:00:00,295.4577
2053-08-27 12:00:00,295.8486
2053-08-28 12:00:00,294.7177
2053-08-29 12:00:00,293.1788
2053-08-30 12:00:00,291.41852
2053-08-31 12:00:00,293.34174
2053-09-01 12:00:00,295.42783
2053-09-02 12:00:00,294.3794
2053-09-03 12:00:00,293.47803
2053-09-04 12:00:00,293.17236
2053-09-05 12:00:00,293.1841
2053-09-06 12:00:00,290.2978
2053-09-07 12:00:00,291.75677
2053-09-08 12:00:00,289.65994
2053-09-09 12:00:00,286.09607
2053-09-10 12:00:00,286.98962
2053-09-11 12:00:00,290.65317
2053-09-12 12:00:00,290.97357
2053-09-13 12:00:00,291.2099
2053-09-14 12:00:00,291.1538
2053-09-15 12:00:00,290.21567
2053-09-16 12:00:00,289.25443
2053-09-17 12:00:00,288.92554
2053-09-18 12:00:00,289.80173
2053-09-19 12:00:00,289.7714
2053-09-20 12:00:00,289.77853
2053-09-21 12:00:00,289.59802
2053-09-22 12:00:00,290.09695
2053-09-23 12:00:00,291.0313
2053-09-24 12:00:00,292.44632
2053-09-25 12:00:00,290.6118
2053-09-26 12:00:00,289.83276
2053-09-27 12:00:00,291.38898
2053-09-28 12:00:00,289.07315
2053-09-29 12:00:00,290.2769
2053-09-30 12:00:00,291.6361
2053-10-01 12:00:00,291.55396
2053-10-02 12:00:00,289.1784
2053-10-03 12:00:00,289.54633
2053-10-04 12:00:00,290.2802
2053-10-05 12:00:00,292.54916
2053-10-06 12:00:00,291.69873
2053-10-07 12:00:00,291.1665
2053-10-08 12:00:00,290.8904
2053-10-09 12:00:00,291.99667
2053-10-10 12:00:00,288.91956
2053-10-11 12:00:00,285.9713
2053-10-12 12:00:00,287.2421
2053-10-13 12:00:00,288.59894
2053-10-14 12:00:00,288.13824
2053-10-15 12:00:00,287.02652
2053-10-16 12:00:00,287.12033
2053-10-17 12:00:00,287.96262
2053-10-18 12:00:00,288.64944
2053-10-19 12:00:00,288.36127
2053-10-20 12:00:00,287.5842
2053-10-21 12:00:00,284.69028
2053-10-22 12:00:00,281.64062
2053-10-23 12:00:00,281.02618
2053-10-24 12:00:00,282.34442
2053-10-25 12:00:00,281.06796
2053-10-26 12:00:00,282.7026
2053-10-27 12:00:00,281.64587
2053-10-28 12:00:00,284.6286
2053-10-29 12:00:00,286.19995
2053-10-30 12:00:00,286.61517
2053-10-31 12:00:00,287.16345
2053-11-01 12:00:00,286.32886
2053-11-02 12:00:00,285.81757
2053-11-03 12:00:00,286.3629
2053-11-04 12:00:00,287.0593
2053-11-05 12:00:00,284.94928
2053-11-06 12:00:00,285.34967
2053-11-07 12:00:00,281.89722
2053-11-08 12:00:00,276.83817
2053-11-09 12:00:00,277.68307
2053-11-10 12:00:00,282.9455
2053-11-11 12:00:00,282.12372
2053-11-12 12:00:00,280.68015
2053-11-13 12:00:00,284.25873
2053-11-14 12:00:00,284.30518
2053-11-15 12:00:00,280.41074
2053-11-16 12:00:00,278.36
2053-11-17 12:00:00,279.05212
2053-11-18 12:00:00,280.22748
2053-11-19 12:00:00,281.74646
2053-11-20 12:00:00,281.18295
2053-11-21 12:00:00,279.8336
2053-11-22 12:00:00,282.00507
2053-11-23 12:00:00,284.8406
2053-11-24 12:00:00,283.14948
2053-11-25 12:00:00,278.84818
2053-11-26 12:00:00,278.3529
2053-11-27 12:00:00,275.72867
2053-11-28 12:00:00,278.10382
2053-11-29 12:00:00,280.4089
2053-11-30 12:00:00,283.39505
2053-12-01 12:00:00,283.84915
2053-12-02 12:00:00,284.30533
2053-12-03 12:00:00,283.60187
2053-12-04 12:00:00,281.0562
2053-12-05 12:00:00,280.97842
2053-12-06 12:00:00,281.1001
2053-12-07 12:00:00,281.44366
2053-12-08 12:00:00,280.3181
2053-12-09 12:00:00,281.00217
2053-12-10 12:00:00,280.75302
2053-12-11 12:00:00,278.7437
2053-12-12 12:00:00,278.63162
2053-12-13 12:00:00,279.13586
2053-12-14 12:00:00,279.46637
2053-12-15 12:00:00,280.0481
2053-12-16 12:00:00,281.59427
2053-12-17 12:00:00,281.1579
2053-12-18 12:00:00,279.9808
2053-12-19 12:00:00,278.90002
2053-12-20 12:00:00,280.17297
2053-12-21 12:00:00,278.69952
2053-12-22 12:00:00,278.0062
2053-12-23 12:00:00,278.266
2053-12-24 12:00:00,280.48395
2053-12-25 12:00:00,279.81204
2053-12-26 12:00:00,279.0464
2053-12-27 12:00:00,279.12274
2053-12-28 12:00:00,277.21988
2053-12-29 12:00:00,280.06116
2053-12-30 12:00:00,279.65695
2053-12-31 12:00:00,280.77988
2054-01-01 12:00:00,278.60416
2054-01-02 12:00:00,278.7622
2054-01-03 12:00:00,277.6015
2054-01-04 12:00:00,279.57657
2054-01-05 12:00:00,279.54504
2054-01-06 12:00:00,279.7359
2054-01-07 12:00:00,280.37698
2054-01-08 12:00:00,281.12076
2054-01-09 12:00:00,280.971
2054-01-10 12:00:00,280.82257
2054-01-11 12:00:00,280.5194
2054-01-12 12:00:00,280.98492
2054-01-13 12:00:00,281.78516
2054-01-14 12:00:00,282.117
2054-01-15 12:00:00,280.78043
2054-01-16 12:00:00,281.38547
2054-01-17 12:00:00,280.28043
2054-01-18 12:00:00,281.26147
2054-01-19 12:00:00,278.32568
2054-01-20 12:00:00,279.0781
2054-01-21 12:00:00,280.5332
2054-01-22 12:00:00,280.43298
2054-01-23 12:00:00,281.4348
2054-01-24 12:00:00,282.10925
2054-01-25 12:00:00,278.82837
2054-01-26 12:00:00,276.49002
2054-01-27 12:00:00,275.6284
2054-01-28 12:00:00,277.80075
2054-01-29 12:00:00,275.74548
2054-01-30 12:00:00,277.49603
2054-01-31 12:00:00,276.19345
2054-02-01 12:00:00,277.89496
2054-02-02 12:00:00,279.99838
2054-02-03 12:00:00,280.964
2054-02-04 12:00:00,279.86572
2054-02-05 12:00:00,278.74026
2054-02-06 12:00:00,279.33914
2054-02-07 12:00:00,280.97125
2054-02-08 12:00:00,279.94434
2054-02-09 12:00:00,277.44064
2054-02-10 12:00:00,278.81067
2054-02-11 12:00:00,277.11157
2054-02-12 12:00:00,273.9004
2054-02-13 12:00:00,273.1133
2054-02-14 12:00:00,273.35385
2054-02-15 12:00:00,274.41068
2054-02-16 12:00:00,275.97638
2054-02-17 12:00:00,277.07028
2054-02-18 12:00:00,277.90652
2054-02-19 12:00:00,278.3106
2054-02-20 12:00:00,275.51572
2054-02-21 12:00:00,278.34735
2054-02-22 12:00:00,280.51877
2054-02-23 12:00:00,281.79172
2054-02-24 12:00:00,282.52933
2054-02-25 12:00:00,282.77847
2054-02-26 12:00:00,283.1413
2054-02-27 12:00:00,279.5907
2054-02-28 12:00:00,280.36243
2054-03-01 12:00:00,277.5907
2054-03-02 12:00:00,277.22302
2054-03-03 12:00:00,277.69348
2054-03-04 12:00:00,278.4705
2054-03-05 12:00:00,280.0319
2054-03-06 12:00:00,280.36844
2054-03-07 12:00:00,279.65863
2054-03-08 12:00:00,278.66547
2054-03-09 12:00:00,279.4343
2054-03-10 12:00:00,279.80478
2054-03-11 12:00:00,279.28525
2054-03-12 12:00:00,279.38217
2054-03-13 12:00:00,280.55237
2054-03-14 12:00:00,281.80774
2054-03-15 12:00:00,280.2509
2054-03-16 12:00:00,280.34515
2054-03-17 12:00:00,283.6715
2054-03-18 12:00:00,285.18314
2054-03-19 12:00:00,278.08774
2054-03-20 12:00:00,278.0614
2054-03-21 12:00:00,279.3532
2054-03-22 12:00:00,279.93124
2054-03-23 12:00:00,278.5347
2054-03-24 12:00:00,278.90018
2054-03-25 12:00:00,277.04547
2054-03-26 12:00:00,276.85193
2054-03-27 12:00:00,278.05145
2054-03-28 12:00:00,277.90265
2054-03-29 12:00:00,279.69656
2054-03-30 12:00:00,281.18634
2054-03-31 12:00:00,279.64685
2054-04-01 12:00:00,283.85336
2054-04-02 12:00:00,282.2049
2054-04-03 12:00:00,283.44357
2054-04-04 12:00:00,283.41876
2054-04-05 12:00:00,281.8505
2054-04-06 12:00:00,284.4982
2054-04-07 12:00:00,282.3108
2054-04-08 12:00:00,282.22852
2054-04-09 12:00:00,282.86676
2054-04-10 12:00:00,284.2062
2054-04-11 12:00:00,284.89017
2054-04-12 12:00:00,284.45914
2054-04-13 12:00:00,284.70782
2054-04-14 12:00:00,282.9951
2054-04-15 12:00:00,281.59802
2054-04-16 12:00:00,281.03604
2054-04-17 12:00:00,280.68683
2054-04-18 12:00:00,282.0828
2054-04-19 12:00:00,281.76273
2054-04-20 12:00:00,282.4408
2054-04-21 12:00:00,281.91507
2054-04-22 12:00:00,283.70435
2054-04-23 12:00:00,285.15372
2054-04-24 12:00:00,285.50626
2054-04-25 12:00:00,285.72473
2054-04-26 12:00:00,285.0726
2054-04-27 12:00:00,283.52774
2054-04-28 12:00:00,283.74637
2054-04-29 12:00:00,284.612
2054-04-30 12:00:00,283.1896
2054-05-01 12:00:00,284.94827
2054-05-02 12:00:00,284.49258
2054-05-03 12:00:00,284.83685
2054-05-04 12:00:00,286.51898
2054-05-05 12:00:00,287.11554
2054-05-06 12:00:00,287.8647
2054-05-07 12:00:00,286.8845
2054-05-08 12:00:00,288.4692
2054-05-09 12:00:00,289.6549
2054-05-10 12:00:00,288.62817
2054-05-11 12:00:00,289.6894
2054-05-12 12:00:00,288.98685
2054-05-13 12:00:00,290.0018
2054-05-14 12:00:00,290.4074
2054-05-15 12:00:00,293.02533
2054-05-16 12:00:00,292.23987
2054-05-17 12:00:00,286.12463
2054-05-18 12:00:00,284.14175
2054-05-19 12:00:00,282.75812
2054-05-20 12:00:00,286.3131
2054-05-21 12:00:00,288.6114
2054-05-22 12:00:00,283.69324
2054-05-23 12:00:00,283.925
2054-05-24 12:00:00,289.4143
2054-05-25 12:00:00,289.286
2054-05-26 12:00:00,289.9636
2054-05-27 12:00:00,290.46198
2054-05-28 12:00:00,290.60464
2054-05-29 12:00:00,291.25793
2054-05-30 12:00:00,285.501
2054-05-31 12:00:00,282.82538
2054-06-01 12:00:00,284.77234
2054-06-02 12:00:00,287.06512
2054-06-03 12:00:00,285.80725
2054-06-04 12:00:00,286.34842
2054-06-05 12:00:00,287.6145
2054-06-06 12:00:00,289.0423
2054-06-07 12:00:00,287.11346
2054-06-08 12:00:00,287.8999
2054-06-09 12:00:00,286.4199
2054-06-10 12:00:00,286.33618
2054-06-11 12:00:00,287.7598
2054-06-12 12:00:00,288.11902
2054-06-13 12:00:00,289.31323
2054-06-14 12:00:00,292.16077
2054-06-15 12:00:00,293.2626
2054-06-16 12:00:00,294.11993
2054-06-17 12:00:00,293.29968
2054-06-18 12:00:00,293.05536
2054-06-19 12:00:00,292.34174
2054-06-20 12:00:00,292.5084
2054-06-21 12:00:00,291.55896
2054-06-22 12:00:00,287.56464
2054-06-23 12:00:00,287.95917
2054-06-24 12:00:00,285.85992
2054-06-25 12:00:00,287.34494
2054-06-26 12:00:00,290.0048
2054-06-27 12:00:00,289.1541
2054-06-28 12:00:00,289.9807
2054-06-29 12:00:00,291.19553
2054-06-30 12:00:00,290.22214
2054-07-01 12:00:00,291.37738
2054-07-02 12:00:00,292.20853
2054-07-03 12:00:00,294.2696
2054-07-04 12:00:00,291.01083
2054-07-05 12:00:00,293.25534
2054-07-06 12:00:00,294.67514
2054-07-07 12:00:00,293.40692
2054-07-08 12:00:00,294.49792
2054-07-09 12:00:00,294.26846
2054-07-10 12:00:00,290.98196
2054-07-11 12:00:00,292.51285
2054-07-12 12:00:00,293.2862
2054-07-13 12:00:00,290.94946
2054-07-14 12:00:00,289.93527
2054-07-15 12:00:00,286.9731
2054-07-16 12:00:00,288.7707
2054-07-17 12:00:00,290.7856
2054-07-18 12:00:00,290.88782
2054-07-19 12:00:00,292.23645
2054-07-20 12:00:00,290.63007
2054-07-21 12:00:00,292.92606
2054-07-22 12:00:00,294.4119
2054-07-23 12:00:00,292.37488
2054-07-24 12:00:00,293.04422
2054-07-25 12:00:00,294.4578
2054-07-26 12:00:00,295.43527
2054-07-27 12:00:00,295.8667
2054-07-28 12:00:00,296.45276
2054-07-29 12:00:00,296.92462
2054-07-30 12:00:00,296.20386
2054-07-31 12:00:00,298.1806
2054-08-01 12:00:00,299.05878
2054-08-02 12:00:00,301.7346
2054-08-03 12:00:00,301.10822
2054-08-04 12:00:00,293.08652
2054-08-05 12:00:00,293.70483
2054-08-06 12:00:00,294.5015
2054-08-07 12:00:00,296.1226
2054-08-08 12:00:00,294.11325
2054-08-09 12:00:00,295.04163
2054-08-10 12:00:00,296.9106
2054-08-11 12:00:00,291.58386
2054-08-12 12:00:00,288.75296
2054-08-13 12:00:00,289.08676
2054-08-14 12:00:00,290.13232
2054-08-15 12:00:00,291.15436
2054-08-16 12:00:00,292.46423
2054-08-17 12:00:00,293.01257
2054-08-18 12:00:00,292.6536
2054-08-19 12:00:00,292.45303
2054-08-20 12:00:00,293.53207
2054-08-21 12:00:00,294.4144
2054-08-22 12:00:00,294.12494
2054-08-23 12:00:00,291.11566
2054-08-24 12:00:00,292.9091
2054-08-25 12:00:00,293.4162
2054-08-26 12:00:00,290.40338
2054-08-27 12:00:00,288.3731
2054-08-28 12:00:00,291.20575
2054-08-29 12:00:00,287.18524
2054-08-30 12:00:00,287.48932
2054-08-31 12:00:00,287.38562
2054-09-01 12:00:00,285.2736
2054-09-02 12:00:00,286.30127
2054-09-03 12:00:00,286.9222
2054-09-04 12:00:00,287.1456
2054-09-05 12:00:00,288.1115
2054-09-06 12:00:00,290.26907
2054-09-07 12:00:00,291.31476
2054-09-08 12:00:00,288.316
2054-09-09 12:00:00,290.22156
2054-09-10 12:00:00,288.1182
2054-09-11 12:00:00,286.20215
2054-09-12 12:00:00,288.00818
2054-09-13 12:00:00,289.00745
2054-09-14 12:00:00,287.4923
2054-09-15 12:00:00,286.93777
2054-09-16 12:00:00,287.5717
2054-09-17 12:00:00,287.28497
2054-09-18 12:00:00,287.16394
2054-09-19 12:00:00,287.51105
2054-09-20 12:00:00,288.6146
2054-09-21 12:00:00,289.5927
2054-09-22 12:00:00,285.89465
2054-09-23 12:00:00,285.43793
2054-09-24 12:00:00,285.2662
2054-09-25 12:00:00,285.99295
2054-09-26 12:00:00,287.35712
2054-09-27 12:00:00,285.28214
2054-09-28 12:00:00,284.42593
2054-09-29 12:00:00,284.79932
2054-09-30 12:00:00,285.69073
2054-10-01 12:00:00,284.40915
2054-10-02 12:00:00,285.3271
2054-10-03 12:00:00,285.564
2054-10-04 12:00:00,285.12878
2054-10-05 12:00:00,286.07645
2054-10-06 12:00:00,286.19858
2054-10-07 12:00:00,286.3906
2054-10-08 12:00:00,284.54016
2054-10-09 12:00:00,287.20544
2054-10-10 12:00:00,286.3808
2054-10-11 12:00:00,284.59326
2054-10-12 12:00:00,285.79883
2054-10-13 12:00:00,285.4562
2054-10-14 12:00:00,284.3182
2054-10-15 12:00:00,283.51953
2054-10-16 12:00:00,280.43423
2054-10-17 12:00:00,281.04333
2054-10-18 12:00:00,284.27017
2054-10-19 12:00:00,283.37296
2054-10-20 12:00:00,283.6022
2054-10-21 12:00:00,282.89984
2054-10-22 12:00:00,283.24628
2054-10-23 12:00:00,285.73715
2054-10-24 12:00:00,286.5395
2054-10-25 12:00:00,287.30566
2054-10-26 12:00:00,286.216
2054-10-27 12:00:00,285.76825
2054-10-28 12:00:00,284.995
2054-10-29 12:00:00,283.066
2054-10-30 12:00:00,281.50552
2054-10-31 12:00:00,283.10312
2054-11-01 12:00:00,285.70987
2054-11-02 12:00:00,285.17383
2054-11-03 12:00:00,283.2669
2054-11-04 12:00:00,281.53583
2054-11-05 12:00:00,282.51935
2054-11-06 12:00:00,281.55478
2054-11-07 12:00:00,281.8584
2054-11-08 12:00:00,285.06494
2054-11-09 12:00:00,283.89886
2054-11-10 12:00:00,284.81186
2054-11-11 12:00:00,284.37546
2054-11-12 12:00:00,280.90445
2054-11-13 12:00:00,278.2
2054-11-14 12:00:00,277.30328
2054-11-15 12:00:00,276.32672
2054-11-16 12:00:00,277.95242
2054-11-17 12:00:00,279.4523
2054-11-18 12:00:00,281.2295
2054-11-19 12:00:00,281.86548
2054-11-20 12:00:00,282.11298
2054-11-21 12:00:00,282.75732
2054-11-22 12:00:00,284.39694
2054-11-23 12:00:00,284.172
2054-11-24 12:00:00,283.67227
2054-11-25 12:00:00,283.6153
2054-11-26 12:00:00,279.68533
2054-11-27 12:00:00,278.38702
2054-11-28 12:00:00,277.74182
2054-11-29 12:00:00,276.7649
2054-11-30 12:00:00,279.42844
2054-12-01 12:00:00,278.64124
2054-12-02 12:00:00,278.01785
2054-12-03 12:00:00,278.31802
2054-12-04 12:00:00,275.84998
2054-12-05 12:00:00,276.25064
2054-12-06 12:00:00,275.85318
2054-12-07 12:00:00,276.7726
2054-12-08 12:00:00,278.9385
2054-12-09 12:00:00,281.41492
2054-12-10 12:00:00,280.95224
2054-12-11 12:00:00,282.00616
2054-12-12 12:00:00,283.69568
2054-12-13 12:00:00,280.61182
2054-12-14 12:00:00,278.43954
2054-12-15 12:00:00,274.89188
2054-12-16 12:00:00,275.33844
2054-12-17 12:00:00,279.2491
2054-12-18 12:00:00,280.97388
2054-12-19 12:00:00,280.84705
2054-12-20 12:00:00,279.35562
2054-12-21 12:00:00,279.27032
2054-12-22 12:00:00,278.0359
2054-12-23 12:00:00,276.0437
2054-12-24 12:00:00,278.268
2054-12-25 12:00:00,280.64337
2054-12-26 12:00:00,281.49683
2054-12-27 12:00:00,279.84702
2054-12-28 12:00:00,280.26218
2054-12-29 12:00:00,280.3135
2054-12-30 12:00:00,279.25055
2054-12-31 12:00:00,280.01517
2055-01-01 12:00:00,279.30807
2055-01-02 12:00:00,280.51855
2055-01-03 12:00:00,280.44254
2055-01-04 12:00:00,277.33862
2055-01-05 12:00:00,277.50906
2055-01-06 12:00:00,277.38684
2055-01-07 12:00:00,276.79718
2055-01-08 12:00:00,276.6394
2055-01-09 12:00:00,276.64
2055-01-10 12:00:00,277.41486
2055-01-11 12:00:00,276.50714
2055-01-12 12:00:00,279.40216
2055-01-13 12:00:00,277.33536
2055-01-14 12:00:00,275.64203
2055-01-15 12:00:00,275.39062
2055-01-16 12:00:00,274.19232
2055-01-17 12:00:00,273.78592
2055-01-18 12:00:00,273.55243
2055-01-19 12:00:00,275.26462
2055-01-20 12:00:00,278.4414
2055-01-21 12:00:00,282.53934
2055-01-22 12:00:00,280.64807
2055-01-23 12:00:00,277.51157
2055-01-24 12:00:00,278.5154
2055-01-25 12:00:00,275.20316
2055-01-26 12:00:00,278.45227
2055-01-27 12:00:00,279.16577
2055-01-28 12:00:00,281.28955
2055-01-29 12:00:00,281.86896
2055-01-30 12:00:00,281.6821
2055-01-31 12:00:00,281.4293
2055-02-01 12:00:00,282.15912
2055-02-02 12:00:00,283.5383
2055-02-03 12:00:00,282.80566
2055-02-04 12:00:00,284.51666
2055-02-05 12:00:00,281.64072
2055-02-06 12:00:00,275.74097
2055-02-07 12:00:00,274.50653
2055-02-08 12:00:00,275.1711
2055-02-09 12:00:00,276.12653
2055-02-10 12:00:00,278.08423
2055-02-11 12:00:00,277.87204
2055-02-12 12:00:00,276.87946
2055-02-13 12:00:00,276.26938
2055-02-14 12:00:00,276.2409
2055-02-15 12:00:00,277.336
2055-02-16 12:00:00,278.3181
2055-02-17 12:00:00,279.27747
2055-02-18 12:00:00,279.19437
2055-02-19 12:00:00,279.2713
2055-02-20 12:00:00,279.26062
2055-02-21 12:00:00,281.45004
2055-02-22 12:00:00,282.75565
2055-02-23 12:00:00,282.01205
2055-02-24 12:00:00,281.5545
2055-02-25 12:00:00,278.86
2055-02-26 12:00:00,279.11917
2055-02-27 12:00:00,281.78827
2055-02-28 12:00:00,281.2584
2055-03-01 12:00:00,278.58322
2055-03-02 12:00:00,275.47382
2055-03-03 12:00:00,276.24854
2055-03-04 12:00:00,275.10693
2055-03-05 12:00:00,274.04547
2055-03-06 12:00:00,273.6109
2055-03-07 12:00:00,273.43488
2055-03-08 12:00:00,273.32666
2055-03-09 12:00:00,274.61316
2055-03-10 12:00:00,275.55463
2055-03-11 12:00:00,277.61862
2055-03-12 12:00:00,277.29584
2055-03-13 12:00:00,279.6659
2055-03-14 12:00:00,280.93756
2055-03-15 12:00:00,282.52652
2055-03-16 12:00:00,282.7381
2055-03-17 12:00:00,281.9382
2055-03-18 12:00:00,282.59665
2055-03-19 12:00:00,280.32687
2055-03-20 12:00:00,279.7968
2055-03-21 12:00:00,279.30893
2055-03-22 12:00:00,280.21057
2055-03-23 12:00:00,283.647
2055-03-24 12:00:00,285.215
2055-03-25 12:00:00,280.50177
2055-03-26 12:00:00,280.94446
2055-03-27 12:00:00,280.1644
2055-03-28 12:00:00,282.38025
2055-03-29 12:00:00,283.22314
2055-03-30 12:00:00,280.51437
2055-03-31 12:00:00,276.46573
2055-04-01 12:00:00,278.41473
2055-04-02 12:00:00,279.4573
2055-04-03 12:00:00,281.12903
2055-04-04 12:00:00,281.13284
2055-04-05 12:00:00,281.74704
2055-04-06 12:00:00,282.05243
2055-04-07 12:00:00,281.8762
2055-04-08 12:00:00,282.45047
2055-04-09 12:00:00,284.65073
2055-04-10 12:00:00,285.97482
2055-04-11 12:00:00,283.09885
2055-04-12 12:00:00,285.60995
2055-04-13 12:00:00,282.35608
2055-04-14 12:00:00,279.71643
2055-04-15 12:00:00,284.48294
2055-04-16 12:00:00,285.0478
2055-04-17 12:00:00,282.75208
2055-04-18 12:00:00,282.11163
2055-04-19 12:00:00,282.60703
2055-04-20 12:00:00,282.53738
2055-04-21 12:00:00,282.06012
2055-04-22 12:00:00,282.7186
2055-04-23 12:00:00,282.9116
2055-04-24 12:00:00,283.60068
2055-04-25 12:00:00,283.77237
2055-04-26 12:00:00,285.5053
2055-04-27 12:00:00,285.7946
2055-04-28 12:00:00,286.79605
2055-04-29 12:00:00,284.38116
2055-04-30 12:00:00,283.50854
2055-05-01 12:00:00,283.5127
2055-05-02 12:00:00,282.61337
2055-05-03 12:00:00,285.10452
2055-05-04 12:00:00,289.3205
2055-05-05 12:00:00,288.25256
2055-05-06 12:00:00,287.98734
2055-05-07 12:00:00,284.72473
2055-05-08 12:00:00,285.23517
2055-05-09 12:00:00,285.59845
2055-05-10 12:00:00,287.28885
2055-05-11 12:00:00,285.74557
2055-05-12 12:00:00,285.55832
2055-05-13 12:00:00,288.3619
2055-05-14 12:00:00,288.68668
2055-05-15 12:00:00,290.3456
2055-05-16 12:00:00,289.61325
2055-05-17 12:00:00,289.5345
2055-05-18 12:00:00,289.30237
2055-05-19 12:00:00,290.71884
2055-05-20 12:00:00,286.37265
2055-05-21 12:00:00,284.6922
2055-05-22 12:00:00,282.0373
2055-05-23 12:00:00,286.06735
2055-05-24 12:00:00,287.14166
2055-05-25 12:00:00,289.2753
2055-05-26 12:00:00,292.01892
2055-05-27 12:00:00,286.38828
2055-05-28 12:00:00,285.9241
2055-05-29 12:00:00,287.5518
2055-05-30 12:00:00,290.97946
2055-05-31 12:00:00,291.71762
2055-06-01 12:00:00,293.07947
2055-06-02 12:00:00,293.99536
2055-06-03 12:00:00,292.81915
2055-06-04 12:00:00,289.80255
2055-06-05 12:00:00,288.22394
2055-06-06 12:00:00,287.55792
2055-06-07 12:00:00,289.66418
2055-06-08 12:00:00,291.65942
2055-06-09 12:00:00,288.65674
2055-06-10 12:00:00,288.50916
2055-06-11 12:00:00,289.03375
2055-06-12 12:00:00,291.03903
2055-06-13 12:00:00,291.41254
2055-06-14 12:00:00,287.90253
2055-06-15 12:00:00,289.8487
2055-06-16 12:00:00,291.713
2055-06-17 12:00:00,292.52972
2055-06-18 12:00:00,290.16705
2055-06-19 12:00:00,291.7312
2055-06-20 12:00:00,291.0573
2055-06-21 12:00:00,289.8085
2055-06-22 12:00:00,289.65073
2055-06-23 12:00:00,290.9157
2055-06-24 12:00:00,289.5023
2055-06-25 12:00:00,288.7843
2055-06-26 12:00:00,288.91266
2055-06-27 12:00:00,292.7466
2055-06-28 12:00:00,293.85004
2055-06-29 12:00:00,291.7546
2055-06-30 12:00:00,290.27225
2055-07-01 12:00:00,288.75842
2055-07-02 12:00:00,292.11896
2055-07-03 12:00:00,291.59137
2055-07-04 12:00:00,290.13782
2055-07-05 12:00:00,290.00244
2055-07-06 12:00:00,290.37204
2055-07-07 12:00:00,291.48083
2055-07-08 12:00:00,290.96796
2055-07-09 12:00:00,291.56873
2055-07-10 12:00:00,292.5059
2055-07-11 12:00:00,293.22617
2055-07-12 12:00:00,291.54
2055-07-13 12:00:00,292.19754
2055-07-14 12:00:00,291.4735
2055-07-15 12:00:00,293.0902
2055-07-16 12:00:00,293.88422
2055-07-17 12:00:00,292.45386
2055-07-18 12:00:00,293.04614
2055-07-19 12:00:00,293.68454
2055-07-20 12:00:00,295.7512
2055-07-21 12:00:00,294.78342
2055-07-22 12:00:00,297.2476
2055-07-23 12:00:00,295.34528
2055-07-24 12:00:00,293.27695
2055-07-25 12:00:00,290.30264
2055-07-26 12:00:00,291.2358
2055-07-27 12:00:00,292.58572
2055-07-28 12:00:00,295.258
2055-07-29 12:00:00,296.0218
2055-07-30 12:00:00,296.25208
2055-07-31 12:00:00,295.55676
2055-08-01 12:00:00,295.32504
2055-08-02 12:00:00,292.327
2055-08-03 12:00:00,292.49796
2055-08-04 12:00:00,294.23804
2055-08-05 12:00:00,295.85663
2055-08-06 12:00:00,293.61407
2055-08-07 12:00:00,291.72845
2055-08-08 12:00:00,291.91315
2055-08-09 12:00:00,292.8066
2055-08-10 12:00:00,293.24377
2055-08-11 12:00:00,294.3834
2055-08-12 12:00:00,295.1504
2055-08-13 12:00:00,295.31912
2055-08-14 12:00:00,296.19635
2055-08-15 12:00:00,293.93796
2055-08-16 12:00:00,294.01825
2055-08-17 12:00:00,293.66058
2055-08-18 12:00:00,293.9021
2055-08-19 12:00:00,294.8829
2055-08-20 12:00:00,295.50873
2055-08-21 12:00:00,293.5578
2055-08-22 12:00:00,292.81448
2055-08-23 12:00:00,292.60474
2055-08-24 12:00:00,293.0172
2055-08-25 12:00:00,292.36746
2055-08-26 12:00:00,292.8804
2055-08-27 12:00:00,293.5553
2055-08-28 12:00:00,295.00012
2055-08-29 12:00:00,294.13892
2055-08-30 12:00:00,291.955
2055-08-31 12:00:00,292.6344
2055-09-01 12:00:00,294.42322
2055-09-02 12:00:00,291.42764
2055-09-03 12:00:00,290.39374
2055-09-04 12:00:00,289.36633
2055-09-05 12:00:00,290.11804
2055-09-06 12:00:00,290.23276
2055-09-07 12:00:00,290.81836
2055-09-08 12:00:00,292.49454
2055-09-09 12:00:00,290.48853
2055-09-10 12:00:00,288.2456
2055-09-11 12:00:00,288.31363
2055-09-12 12:00:00,288.92047
2055-09-13 12:00:00,289.55115
2055-09-14 12:00:00,288.9329
2055-09-15 12:00:00,289.0075
2055-09-16 12:00:00,289.4697
2055-09-17 12:00:00,288.33228
2055-09-18 12:00:00,286.55145
2055-09-19 12:00:00,287.8042
2055-09-20 12:00:00,288.79834
2055-09-21 12:00:00,288.4508
2055-09-22 12:00:00,288.19028
2055-09-23 12:00:00,288.13382
2055-09-24 12:00:00,288.7027
2055-09-25 12:00:00,286.04932
2055-09-26 12:00:00,285.89307
2055-09-27 12:00:00,287.58224
2055-09-28 12:00:00,288.7834
2055-09-29 12:00:00,285.84854
2055-09-30 12:00:00,288.22333
2055-10-01 12:00:00,287.82495
2055-10-02 12:00:00,287.77554
2055-10-03 12:00:00,288.09766
2055-10-04 12:00:00,289.226
2055-10-05 12:00:00,288.64752
2055-10-06 12:00:00,286.74976
2055-10-07 12:00:00,287.1667
2055-10-08 12:00:00,286.844
2055-10-09 12:00:00,285.95908
2055-10-10 12:00:00,286.43826
2055-10-11 12:00:00,286.5879
2055-10-12 12:00:00,287.38568
2055-10-13 12:00:00,287.67947
2055-10-14 12:00:00,288.4145
2055-10-15 12:00:00,288.1681
2055-10-16 12:00:00,286.83282
2055-10-17 12:00:00,286.20926
2055-10-18 12:00:00,284.86804
2055-10-19 12:00:00,284.56757
2055-10-20 12:00:00,286.95474
2055-10-21 12:00:00,287.39624
2055-10-22 12:00:00,286.285
2055-10-23 12:00:00,286.438
2055-10-24 12:00:00,287.2043
2055-10-25 12:00:00,286.47693
2055-10-26 12:00:00,287.5246
2055-10-27 12:00:00,286.6677
2055-10-28 12:00:00,288.3368
2055-10-29 12:00:00,287.30386
2055-10-30 12:00:00,286.2862
2055-10-31 12:00:00,286.89124
2055-11-01 12:00:00,286.7444
2055-11-02 12:00:00,287.29047
2055-11-03 12:00:00,287.64587
2055-11-04 12:00:00,288.61942
2055-11-05 12:00:00,290.05902
2055-11-06 12:00:00,285.58307
2055-11-07 12:00:00,284.12225
2055-11-08 12:00:00,282.85593
2055-11-09 12:00:00,282.37885
2055-11-10 12:00:00,282.08487
2055-11-11 12:00:00,284.39255
2055-11-12 12:00:00,284.6606
2055-11-13 12:00:00,285.22287
2055-11-14 12:00:00,285.28293
2055-11-15 12:00:00,284.32947
2055-11-16 12:00:00,282.87915
2055-11-17 12:00:00,278.89496
2055-11-18 12:00:00,277.2365
2055-11-19 12:00:00,278.09656
2055-11-20 12:00:00,276.91208
2055-11-21 12:00:00,279.7011
2055-11-22 12:00:00,281.4795
2055-11-23 12:00:00,276.51038
2055-11-24 12:00:00,276.87833
2055-11-25 12:00:00,276.709
2055-11-26 12:00:00,278.77878
2055-11-27 12:00:00,279.3189
2055-11-28 12:00:00,281.63376
2055-11-29 12:00:00,282.09518
2055-11-30 12:00:00,281.0396
2055-12-01 12:00:00,280.7945
2055-12-02 12:00:00,281.89993
2055-12-03 12:00:00,282.99368
2055-12-04 12:00:00,283.28488
2055-12-05 12:00:00,284.1346
2055-12-06 12:00:00,280.71976
2055-12-07 12:00:00,279.38004
2055-12-08 12:00:00,279.51083
2055-12-09 12:00:00,280.14072
2055-12-10 12:00:00,278.99316
2055-12-11 12:00:00,278.2568
2055-12-12 12:00:00,282.2658
2055-12-13 12:00:00,282.75122
2055-12-14 12:00:00,281.8298
2055-12-15 12:00:00,280.50558
2055-12-16 12:00:00,281.38498
2055-12-17 12:00:00,282.70407
2055-12-18 12:00:00,281.0232
2055-12-19 12:00:00,283.70584
2055-12-20 12:00:00,284.44684
2055-12-21 12:00:00,282.26526
2055-12-22 12:00:00,282.37357
2055-12-23 12:00:00,282.15454
2055-12-24 12:00:00,279.6082
2055-12-25 12:00:00,281.00983
2055-12-26 12:00:00,281.86578
2055-12-27 12:00:00,281.72372
2055-12-28 12:00:00,281.85434
2055-12-29 12:00:00,281.15247
2055-12-30 12:00:00,279.28195
2055-12-31 12:00:00,280.14755
