time,tas
2016-01-01 12:00:00,278.63623
2016-01-02 12:00:00,276.81436
2016-01-03 12:00:00,280.01724
2016-01-04 12:00:00,279.1549
2016-01-05 12:00:00,280.94
2016-01-06 12:00:00,280.75186
2016-01-07 12:00:00,276.91382
2016-01-08 12:00:00,273.66742
2016-01-09 12:00:00,273.00818
2016-01-10 12:00:00,273.2303
2016-01-11 12:00:00,278.29303
2016-01-12 12:00:00,280.42572
2016-01-13 12:00:00,280.0417
2016-01-14 12:00:00,278.98895
2016-01-15 12:00:00,277.86108
2016-01-16 12:00:00,278.39896
2016-01-17 12:00:00,278.7484
2016-01-18 12:00:00,277.0481
2016-01-19 12:00:00,275.6115
2016-01-20 12:00:00,277.16843
2016-01-21 12:00:00,276.41022
2016-01-22 12:00:00,280.07886
2016-01-23 12:00:00,278.91913
2016-01-24 12:00:00,279.22614
2016-01-25 12:00:00,279.46924
2016-01-26 12:00:00,278.56165
2016-01-27 12:00:00,278.30795
2016-01-28 12:00:00,279.22018
2016-01-29 12:00:00,279.0572
2016-01-30 12:00:00,278.15143
2016-02-01 12:00:00,278.65802
2016-02-02 12:00:00,277.95453
2016-02-03 12:00:00,278.04126
2016-02-04 12:00:00,277.2619
2016-02-05 12:00:00,279.2467
2016-02-06 12:00:00,279.6584
2016-02-07 12:00:00,279.43817
2016-02-08 12:00:00,279.68915
2016-02-09 12:00:00,280.77127
2016-02-10 12:00:00,279.39786
2016-02-11 12:00:00,279.85397
2016-02-12 12:00:00,280.65735
2016-02-13 12:00:00,279.46973
2016-02-14 12:00:00,277.90332
2016-02-15 12:00:00,278.15247
2016-02-16 12:00:00,281.04346
2016-02-17 12:00:00,281.75195
2016-02-18 12:00:00,279.80444
2016-02-19 12:00:00,280.16766
2016-02-20 12:00:00,278.02484
2016-02-21 12:00:00,277.2481
2016-02-22 12:00:00,277.62863
2016-02-23 12:00:00,278.7017
2016-02-24 12:00:00,279.57452
2016-02-25 12:00:00,278.5618
2016-02-26 12:00:00,278.08032
2016-02-27 12:00:00,277.03442
2016-02-28 12:00:00,275.67462
2016-02-29 12:00:00,277.58905
2016-02-30 12:00:00,276.58173
2016-03-01 12:00:00,281.92224
2016-03-02 12:00:00,279.64417
2016-03-03 12:00:00,277.75217
2016-03-04 12:00:00,276.3042
2016-03-05 12:00:00,276.61725
2016-03-06 12:00:00,276.23407
2016-03-07 12:00:00,276.11063
2016-03-08 12:00:00,275.7728
2016-03-09 12:00:00,275.28748
2016-03-10 12:00:00,277.74042
2016-03-11 12:00:00,279.12228
2016-03-12 12:00:00,278.6242
2016-03-13 12:00:00,277.12787
2016-03-14 12:00:00,279.34848
2016-03-15 12:00:00,278.69775
2016-03-16 12:00:00,277.85004
2016-03-17 12:00:00,278.3327
2016-03-18 12:00:00,276.6269
2016-03-19 12:00:00,276.30402
2016-03-20 12:00:00,276.46796
2016-03-21 12:00:00,275.95502
2016-03-22 12:00:00,277.3908
2016-03-23 12:00:00,277.75827
2016-03-24 12:00:00,277.95944
2016-03-25 12:00:00,279.26172
2016-03-26 12:00:00,278.97656
2016-03-27 12:00:00,279.13672
2016-03-28 12:00:00,278.65857
2016-03-29 12:00:00,278.24536
2016-03-30 12:00:00,278.314
2016-04-01 12:00:00,279.75433
2016-04-02 12:00:00,282.54962
2016-04-03 12:00:00,283.21442
2016-04-04 12:00:00,287.40796
2016-04-05 12:00:00,286.83444
2016-04-06 12:00:00,283.5015
2016-04-07 12:00:00,282.02338
2016-04-08 12:00:00,280.37164
2016-04-09 12:00:00,279.63126
2016-04-10 12:00:00,282.45502
2016-04-11 12:00:00,284.64328
2016-04-12 12:00:00,282.70026
2016-04-13 12:00:00,282.20172
2016-04-14 12:00:00,282.26852
2016-04-15 12:00:00,283.01736
2016-04-16 12:00:00,286.85693
2016-04-17 12:00:00,284.3872
2016-04-18 12:00:00,282.20462
2016-04-19 12:00:00,280.65405
2016-04-20 12:00:00,280.29688
2016-04-21 12:00:00,280.21985
2016-04-22 12:00:00,281.11707
2016-04-23 12:00:00,280.7289
2016-04-24 12:00:00,281.1908
2016-04-25 12:00:00,282.9046
2016-04-26 12:00:00,286.99673
2016-04-27 12:00:00,284.9157
2016-04-28 12:00:00,282.0012
2016-04-29 12:00:00,280.46695
2016-04-30 12:00:00,285.28494
2016-05-01 12:00:00,287.5011
2016-05-02 12:00:00,286.208
2016-05-03 12:00:00,284.49976
2016-05-04 12:00:00,283.86475
2016-05-05 12:00:00,285.8069
2016-05-06 12:00:00,284.51978
2016-05-07 12:00:00,283.24304
2016-05-08 12:00:00,283.72363
2016-05-09 12:00:00,286.438
2016-05-10 12:00:00,287.2295
2016-05-11 12:00:00,289.1455
2016-05-12 12:00:00,287.08374
2016-05-13 12:00:00,284.55176
2016-05-14 12:00:00,284.98022
2016-05-15 12:00:00,284.57227
2016-05-16 12:00:00,283.20728
2016-05-17 12:00:00,281.583
2016-05-18 12:00:00,282.15527
2016-05-19 12:00:00,282.9768
2016-05-20 12:00:00,283.38745
2016-05-21 12:00:00,283.75342
2016-05-22 12:00:00,283.62866
2016-05-23 12:00:00,284.07275
2016-05-24 12:00:00,286.59497
2016-05-25 12:00:00,284.261
2016-05-26 12:00:00,283.4724
2016-05-27 12:00:00,283.56567
2016-05-28 12:00:00,285.2788
2016-05-29 12:00:00,285.302
2016-05-30 12:00:00,285.7207
2016-06-01 12:00:00,285.1494
2016-06-02 12:00:00,285.11206
2016-06-03 12:00:00,285.37817
2016-06-04 12:00:00,284.2627
2016-06-05 12:00:00,283.57788
2016-06-06 12:00:00,284.8423
2016-06-07 12:00:00,283.71143
2016-06-08 12:00:00,284.04858
2016-06-09 12:00:00,285.10767
2016-06-10 12:00:00,288.0603
2016-06-11 12:00:00,291.05542
2016-06-12 12:00:00,293.8767
2016-06-13 12:00:00,289.65576
2016-06-14 12:00:00,288.1006
2016-06-15 12:00:00,287.4812
2016-06-16 12:00:00,288.2578
2016-06-17 12:00:00,287.62695
2016-06-18 12:00:00,286.54712
2016-06-19 12:00:00,286.8557
2016-06-20 12:00:00,287.802
2016-06-21 12:00:00,287.44702
2016-06-22 12:00:00,288.63818
2016-06-23 12:00:00,286.865
2016-06-24 12:00:00,288.29297
2016-06-25 12:00:00,288.72534
2016-06-26 12:00:00,288.14648
2016-06-27 12:00:00,288.83325
2016-06-28 12:00:00,290.05347
2016-06-29 12:00:00,289.41748
2016-06-30 12:00:00,289.4768
2016-07-01 12:00:00,288.66772
2016-07-02 12:00:00,288.30127
2016-07-03 12:00:00,288.5393
2016-07-04 12:00:00,288.88477
2016-07-05 12:00:00,289.6587
2016-07-06 12:00:00,290.78125
2016-07-07 12:00:00,290.0996
2016-07-08 12:00:00,290.16162
2016-07-09 12:00:00,290.5349
2016-07-10 12:00:00,290.6526
2016-07-11 12:00:00,294.4275
2016-07-12 12:00:00,292.7024
2016-07-13 12:00:00,292.44263
2016-07-14 12:00:00,291.7981
2016-07-15 12:00:00,291.84204
2016-07-16 12:00:00,291.02075
2016-07-17 12:00:00,291.10864
2016-07-18 12:00:00,292.2815
2016-07-19 12:00:00,290.89746
2016-07-20 12:00:00,288.97266
2016-07-21 12:00:00,289.20093
2016-07-22 12:00:00,289.9026
2016-07-23 12:00:00,290.57056
2016-07-24 12:00:00,288.85864
2016-07-25 12:00:00,289.5598
2016-07-26 12:00:00,289.77466
2016-07-27 12:00:00,289.11328
2016-07-28 12:00:00,289.35645
2016-07-29 12:00:00,289.28223
2016-07-30 12:00:00,290.35254
2016-08-01 12:00:00,290.41797
2016-08-02 12:00:00,290.50122
2016-08-03 12:00:00,290.2373
2016-08-04 12:00:00,289.36963
2016-08-05 12:00:00,289.14795
2016-08-06 12:00:00,291.4402
2016-08-07 12:00:00,292.81763
2016-08-08 12:00:00,295.74463
2016-08-09 12:00:00,290.51392
2016-08-10 12:00:00,289.87036
2016-08-11 12:00:00,290.21802
2016-08-12 12:00:00,289.11206
2016-08-13 12:00:00,291.15112
2016-08-14 12:00:00,292.2212
2016-08-15 12:00:00,290.36768
2016-08-16 12:00:00,290.3694
2016-08-17 12:00:00,290.8423
2016-08-18 12:00:00,293.07397
2016-08-19 12:00:00,291.92505
2016-08-20 12:00:00,289.1482
2016-08-21 12:00:00,287.86597
2016-08-22 12:00:00,287.78955
2016-08-23 12:00:00,289.8037
2016-08-24 12:00:00,290.04272
2016-08-25 12:00:00,290.2766
2016-08-26 12:00:00,291.64868
2016-08-27 12:00:00,291.7151
2016-08-28 12:00:00,292.05054
2016-08-29 12:00:00,290.74536
2016-08-30 12:00:00,289.3181
2016-09-01 12:00:00,287.64966
2016-09-02 12:00:00,288.30298
2016-09-03 12:00:00,288.3286
2016-09-04 12:00:00,289.5298
2016-09-05 12:00:00,292.33325
2016-09-06 12:00:00,292.23096
2016-09-07 12:00:00,292.89673
2016-09-08 12:00:00,290.81836
2016-09-09 12:00:00,291.01538
2016-09-10 12:00:00,291.46606
2016-09-11 12:00:00,291.7334
2016-09-12 12:00:00,290.5835
2016-09-13 12:00:00,289.8694
2016-09-14 12:00:00,290.03906
2016-09-15 12:00:00,291.43237
2016-09-16 12:00:00,292.71558
2016-09-17 12:00:00,293.24463
2016-09-18 12:00:00,291.77515
2016-09-19 12:00:00,292.0564
2016-09-20 12:00:00,290.771
2016-09-21 12:00:00,288.00293
2016-09-22 12:00:00,287.8943
2016-09-23 12:00:00,290.05835
2016-09-24 12:00:00,291.4475
2016-09-25 12:00:00,289.58398
2016-09-26 12:00:00,290.385
2016-09-27 12:00:00,288.8501
2016-09-28 12:00:00,290.52856
2016-09-29 12:00:00,289.063
2016-09-30 12:00:00,289.29224
2016-10-01 12:00:00,289.49048
2016-10-02 12:00:00,288.64307
2016-10-03 12:00:00,289.1289
2016-10-04 12:00:00,287.48364
2016-10-05 12:00:00,286.98315
2016-10-06 12:00:00,285.61108
2016-10-07 12:00:00,285.9485
2016-10-08 12:00:00,285.1189
2016-10-09 12:00:00,288.79932
2016-10-10 12:00:00,287.5205
2016-10-11 12:00:00,285.1258
2016-10-12 12:00:00,287.1521
2016-10-13 12:00:00,289.16846
2016-10-14 12:00:00,288.0088
2016-10-15 12:00:00,285.9646
2016-10-16 12:00:00,283.6494
2016-10-17 12:00:00,282.54785
2016-10-18 12:00:00,284.3916
2016-10-19 12:00:00,284.5935
2016-10-20 12:00:00,284.57336
2016-10-21 12:00:00,285.9685
2016-10-22 12:00:00,288.28748
2016-10-23 12:00:00,284.18353
2016-10-24 12:00:00,281.12463
2016-10-25 12:00:00,285.50177
2016-10-26 12:00:00,286.90225
2016-10-27 12:00:00,285.60287
2016-10-28 12:00:00,284.64917
2016-10-29 12:00:00,282.17603
2016-10-30 12:00:00,282.65594
2016-11-01 12:00:00,282.5639
2016-11-02 12:00:00,280.21606
2016-11-03 12:00:00,280.68445
2016-11-04 12:00:00,285.82812
2016-11-05 12:00:00,284.855
2016-11-06 12:00:00,281.15094
2016-11-07 12:00:00,281.63208
2016-11-08 12:00:00,281.8891
2016-11-09 12:00:00,280.67798
2016-11-10 12:00:00,278.63745
2016-11-11 12:00:00,278.4856
2016-11-12 12:00:00,281.08472
2016-11-13 12:00:00,279.64157
2016-11-14 12:00:00,276.0588
2016-11-15 12:00:00,275.1203
2016-11-16 12:00:00,275.41943
2016-11-17 12:00:00,274.28036
2016-11-18 12:00:00,273.30685
2016-11-19 12:00:00,274.7396
2016-11-20 12:00:00,274.12213
2016-11-21 12:00:00,273.71814
2016-11-22 12:00:00,273.8255
2016-11-23 12:00:00,271.90497
2016-11-24 12:00:00,274.1087
2016-11-25 12:00:00,281.70163
2016-11-26 12:00:00,283.1407
2016-11-27 12:00:00,283.61578
2016-11-28 12:00:00,283.77786
2016-11-29 12:00:00,282.60803
2016-11-30 12:00:00,282.53442
2016-12-01 12:00:00,283.58008
2016-12-02 12:00:00,284.08258
2016-12-03 12:00:00,282.26196
2016-12-04 12:00:00,280.72415
2016-12-05 12:00:00,279.59546
2016-12-06 12:00:00,282.19232
2016-12-07 12:00:00,281.6039
2016-12-08 12:00:00,278.7387
2016-12-09 12:00:00,282.67776
2016-12-10 12:00:00,284.29645
2016-12-11 12:00:00,283.83295
2016-12-12 12:00:00,277.59314
2016-12-13 12:00:00,279.55316
2016-12-14 12:00:00,280.7989
2016-12-15 12:00:00,281.89026
2016-12-16 12:00:00,282.00797
2016-12-17 12:00:00,278.77057
2016-12-18 12:00:00,279.80994
2016-12-19 12:00:00,281.9591
2016-12-20 12:00:00,280.65906
2016-12-21 12:00:00,280.0567
2016-12-22 12:00:00,283.6219
2016-12-23 12:00:00,282.41193
2016-12-24 12:00:00,281.61365
2016-12-25 12:00:00,280.27203
2016-12-26 12:00:00,280.3119
2016-12-27 12:00:00,283.66846
2016-12-28 12:00:00,283.6031
2016-12-29 12:00:00,282.41867
2016-12-30 12:00:00,278.5232
2017-01-01 12:00:00,279.27667
2017-01-02 12:00:00,279.93207
2017-01-03 12:00:00,277.70532
2017-01-04 12:00:00,275.77606
2017-01-05 12:00:00,279.37604
2017-01-06 12:00:00,278.72128
2017-01-07 12:00:00,278.30585
2017-01-08 12:00:00,278.89136
2017-01-09 12:00:00,281.66772
2017-01-10 12:00:00,281.1357
2017-01-11 12:00:00,282.29712
2017-01-12 12:00:00,280.99573
2017-01-13 12:00:00,279.18585
2017-01-14 12:00:00,278.2724
2017-01-15 12:00:00,281.19165
2017-01-16 12:00:00,280.94843
2017-01-17 12:00:00,280.51266
2017-01-18 12:00:00,280.77966
2017-01-19 12:00:00,280.10938
2017-01-20 12:00:00,279.02246
2017-01-21 12:00:00,278.786
2017-01-22 12:00:00,280.48563
2017-01-23 12:00:00,280.883
2017-01-24 12:00:00,277.9521
2017-01-25 12:00:00,277.486
2017-01-26 12:00:00,277.95288
2017-01-27 12:00:00,278.93256
2017-01-28 12:00:00,281.62808
2017-01-29 12:00:00,279.3518
2017-01-30 12:00:00,278.87268
2017-02-01 12:00:00,278.7862
2017-02-02 12:00:00,282.3719
2017-02-03 12:00:00,279.52188
2017-02-04 12:00:00,279.10852
2017-02-05 12:00:00,280.30383
2017-02-06 12:00:00,277.79895
2017-02-07 12:00:00,278.42883
2017-02-08 12:00:00,275.5017
2017-02-09 12:00:00,274.0677
2017-02-10 12:00:00,275.81598
2017-02-11 12:00:00,275.49677
2017-02-12 12:00:00,273.82953
2017-02-13 12:00:00,272.97693
2017-02-14 12:00:00,276.06238
2017-02-15 12:00:00,279.25903
2017-02-16 12:00:00,281.07117
2017-02-17 12:00:00,278.54037
2017-02-18 12:00:00,279.48016
2017-02-19 12:00:00,280.51593
2017-02-20 12:00:00,281.10507
2017-02-21 12:00:00,280.0608
2017-02-22 12:00:00,280.00842
2017-02-23 12:00:00,280.42627
2017-02-24 12:00:00,280.08167
2017-02-25 12:00:00,278.63312
2017-02-26 12:00:00,278.61444
2017-02-27 12:00:00,277.0319
2017-02-28 12:00:00,278.04626
2017-02-29 12:00:00,278.63922
2017-02-30 12:00:00,277.5672
2017-03-01 12:00:00,280.27203
2017-03-02 12:00:00,282.06128
2017-03-03 12:00:00,280.89044
2017-03-04 12:00:00,283.29794
2017-03-05 12:00:00,281.93524
2017-03-06 12:00:00,279.8689
2017-03-07 12:00:00,280.48825
2017-03-08 12:00:00,280.92175
2017-03-09 12:00:00,279.011
2017-03-10 12:00:00,278.93192
2017-03-11 12:00:00,277.7934
2017-03-12 12:00:00,277.00854
2017-03-13 12:00:00,278.09564
2017-03-14 12:00:00,278.16864
2017-03-15 12:00:00,279.39813
2017-03-16 12:00:00,279.524
2017-03-17 12:00:00,279.33484
2017-03-18 12:00:00,280.67255
2017-03-19 12:00:00,279.06436
2017-03-20 12:00:00,278.60382
2017-03-21 12:00:00,278.44058
2017-03-22 12:00:00,277.57803
2017-03-23 12:00:00,277.27448
2017-03-24 12:00:00,277.72104
2017-03-25 12:00:00,278.6654
2017-03-26 12:00:00,277.45453
2017-03-27 12:00:00,276.961
2017-03-28 12:00:00,275.64505
2017-03-29 12:00:00,276.90204
2017-03-30 12:00:00,280.42905
2017-04-01 12:00:00,283.3615
2017-04-02 12:00:00,281.63428
2017-04-03 12:00:00,279.87192
2017-04-04 12:00:00,280.28754
2017-04-05 12:00:00,280.1555
2017-04-06 12:00:00,280.16553
2017-04-07 12:00:00,279.50525
2017-04-08 12:00:00,281.16718
2017-04-09 12:00:00,281.747
2017-04-10 12:00:00,279.65515
2017-04-11 12:00:00,279.3653
2017-04-12 12:00:00,280.45544
2017-04-13 12:00:00,280.9807
2017-04-14 12:00:00,282.04062
2017-04-15 12:00:00,281.89923
2017-04-16 12:00:00,279.46136
2017-04-17 12:00:00,281.35168
2017-04-18 12:00:00,282.75342
2017-04-19 12:00:00,284.09534
2017-04-20 12:00:00,283.80637
2017-04-21 12:00:00,281.24982
2017-04-22 12:00:00,279.95993
2017-04-23 12:00:00,281.0581
2017-04-24 12:00:00,280.9016
2017-04-25 12:00:00,279.77615
2017-04-26 12:00:00,281.08826
2017-04-27 12:00:00,280.8974
2017-04-28 12:00:00,282.76978
2017-04-29 12:00:00,281.79346
2017-04-30 12:00:00,282.0859
2017-05-01 12:00:00,281.18436
2017-05-02 12:00:00,281.20767
2017-05-03 12:00:00,281.27142
2017-05-04 12:00:00,280.35864
2017-05-05 12:00:00,280.08716
2017-05-06 12:00:00,279.5276
2017-05-07 12:00:00,281.68948
2017-05-08 12:00:00,283.6184
2017-05-09 12:00:00,283.45966
2017-05-10 12:00:00,283.85303
2017-05-11 12:00:00,283.41577
2017-05-12 12:00:00,283.21265
2017-05-13 12:00:00,282.99365
2017-05-14 12:00:00,284.07544
2017-05-15 12:00:00,282.78857
2017-05-16 12:00:00,283.344
2017-05-17 12:00:00,283.68213
2017-05-18 12:00:00,284.03833
2017-05-19 12:00:00,284.8977
2017-05-20 12:00:00,285.65112
2017-05-21 12:00:00,285.72217
2017-05-22 12:00:00,284.39233
2017-05-23 12:00:00,284.04272
2017-05-24 12:00:00,283.60278
2017-05-25 12:00:00,283.5735
2017-05-26 12:00:00,283.729
2017-05-27 12:00:00,283.7373
2017-05-28 12:00:00,285.708
2017-05-29 12:00:00,284.57617
2017-05-30 12:00:00,282.9851
2017-06-01 12:00:00,285.4956
2017-06-02 12:00:00,286.9077
2017-06-03 12:00:00,286.23608
2017-06-04 12:00:00,284.71362
2017-06-05 12:00:00,284.87207
2017-06-06 12:00:00,284.41675
2017-06-07 12:00:00,284.0603
2017-06-08 12:00:00,285.58667
2017-06-09 12:00:00,286.50342
2017-06-10 12:00:00,288.66553
2017-06-11 12:00:00,291.9297
2017-06-12 12:00:00,290.97583
2017-06-13 12:00:00,288.43774
2017-06-14 12:00:00,288.8313
2017-06-15 12:00:00,292.65503
2017-06-16 12:00:00,292.9192
2017-06-17 12:00:00,289.5039
2017-06-18 12:00:00,288.21313
2017-06-19 12:00:00,287.3047
2017-06-20 12:00:00,288.5952
2017-06-21 12:00:00,287.1255
2017-06-22 12:00:00,286.09253
2017-06-23 12:00:00,286.66846
2017-06-24 12:00:00,286.72144
2017-06-25 12:00:00,290.42896
2017-06-26 12:00:00,293.82593
2017-06-27 12:00:00,296.58643
2017-06-28 12:00:00,297.63184
2017-06-29 12:00:00,298.41528
2017-06-30 12:00:00,293.94092
2017-07-01 12:00:00,291.44263
2017-07-02 12:00:00,292.34644
2017-07-03 12:00:00,293.4934
2017-07-04 12:00:00,294.05103
2017-07-05 12:00:00,292.208
2017-07-06 12:00:00,292.93677
2017-07-07 12:00:00,293.01978
2017-07-08 12:00:00,291.0266
2017-07-09 12:00:00,289.04565
2017-07-10 12:00:00,288.62085
2017-07-11 12:00:00,288.78247
2017-07-12 12:00:00,289.12915
2017-07-13 12:00:00,289.74927
2017-07-14 12:00:00,288.86084
2017-07-15 12:00:00,288.8628
2017-07-16 12:00:00,289.2207
2017-07-17 12:00:00,290.76147
2017-07-18 12:00:00,290.03906
2017-07-19 12:00:00,290.21338
2017-07-20 12:00:00,290.49683
2017-07-21 12:00:00,292.77246
2017-07-22 12:00:00,293.2422
2017-07-23 12:00:00,294.17358
2017-07-24 12:00:00,295.3728
2017-07-25 12:00:00,294.8169
2017-07-26 12:00:00,292.60547
2017-07-27 12:00:00,294.33252
2017-07-28 12:00:00,293.2522
2017-07-29 12:00:00,291.39697
2017-07-30 12:00:00,293.70605
2017-08-01 12:00:00,291.8921
2017-08-02 12:00:00,292.0874
2017-08-03 12:00:00,292.26807
2017-08-04 12:00:00,291.78833
2017-08-05 12:00:00,291.708
2017-08-06 12:00:00,290.23486
2017-08-07 12:00:00,290.3003
2017-08-08 12:00:00,290.24097
2017-08-09 12:00:00,290.1643
2017-08-10 12:00:00,290.5442
2017-08-11 12:00:00,292.27515
2017-08-12 12:00:00,291.90234
2017-08-13 12:00:00,292.37817
2017-08-14 12:00:00,291.81665
2017-08-15 12:00:00,291.98657
2017-08-16 12:00:00,291.2461
2017-08-17 12:00:00,291.7268
2017-08-18 12:00:00,292.23657
2017-08-19 12:00:00,291.50586
2017-08-20 12:00:00,290.6245
2017-08-21 12:00:00,290.09106
2017-08-22 12:00:00,290.42017
2017-08-23 12:00:00,289.3943
2017-08-24 12:00:00,290.58838
2017-08-25 12:00:00,289.51392
2017-08-26 12:00:00,289.99976
2017-08-27 12:00:00,289.88574
2017-08-28 12:00:00,292.2434
2017-08-29 12:00:00,291.2544
2017-08-30 12:00:00,290.74097
2017-09-01 12:00:00,290.77588
2017-09-02 12:00:00,290.8733
2017-09-03 12:00:00,290.2373
2017-09-04 12:00:00,290.47778
2017-09-05 12:00:00,290.09888
2017-09-06 12:00:00,290.28564
2017-09-07 12:00:00,290.72046
2017-09-08 12:00:00,290.7256
2017-09-09 12:00:00,290.79053
2017-09-10 12:00:00,290.15063
2017-09-11 12:00:00,289.26123
2017-09-12 12:00:00,289.30664
2017-09-13 12:00:00,289.47217
2017-09-14 12:00:00,290.86328
2017-09-15 12:00:00,288.61133
2017-09-16 12:00:00,288.00684
2017-09-17 12:00:00,288.5099
2017-09-18 12:00:00,288.417
2017-09-19 12:00:00,287.88086
2017-09-20 12:00:00,287.30396
2017-09-21 12:00:00,287.85083
2017-09-22 12:00:00,287.98315
2017-09-23 12:00:00,287.8142
2017-09-24 12:00:00,288.17236
2017-09-25 12:00:00,287.1952
2017-09-26 12:00:00,287.32437
2017-09-27 12:00:00,288.81445
2017-09-28 12:00:00,288.9168
2017-09-29 12:00:00,288.37695
2017-09-30 12:00:00,288.48364
2017-10-01 12:00:00,290.63135
2017-10-02 12:00:00,290.83008
2017-10-03 12:00:00,291.1526
2017-10-04 12:00:00,287.40063
2017-10-05 12:00:00,288.07007
2017-10-06 12:00:00,287.98633
2017-10-07 12:00:00,287.0027
2017-10-08 12:00:00,286.67578
2017-10-09 12:00:00,283.76953
2017-10-10 12:00:00,283.4109
2017-10-11 12:00:00,285.19824
2017-10-12 12:00:00,286.7421
2017-10-13 12:00:00,285.48486
2017-10-14 12:00:00,284.83276
2017-10-15 12:00:00,286.59863
2017-10-16 12:00:00,287.34747
2017-10-17 12:00:00,285.3557
2017-10-18 12:00:00,286.24585
2017-10-19 12:00:00,287.99066
2017-10-20 12:00:00,285.08716
2017-10-21 12:00:00,283.95923
2017-10-22 12:00:00,281.7981
2017-10-23 12:00:00,283.89673
2017-10-24 12:00:00,284.573
2017-10-25 12:00:00,285.70096
2017-10-26 12:00:00,283.47845
2017-10-27 12:00:00,282.17017
2017-10-28 12:00:00,283.9738
2017-10-29 12:00:00,283.5102
2017-10-30 12:00:00,285.85828
2017-11-01 12:00:00,283.6192
2017-11-02 12:00:00,282.58997
2017-11-03 12:00:00,286.01874
2017-11-04 12:00:00,286.76358
2017-11-05 12:00:00,284.19995
2017-11-06 12:00:00,282.9703
2017-11-07 12:00:00,282.29367
2017-11-08 12:00:00,282.27826
2017-11-09 12:00:00,281.60583
2017-11-10 12:00:00,282.85315
2017-11-11 12:00:00,283.8911
2017-11-12 12:00:00,283.25427
2017-11-13 12:00:00,282.95618
2017-11-14 12:00:00,282.9516
2017-11-15 12:00:00,282.66724
2017-11-16 12:00:00,283.74377
2017-11-17 12:00:00,281.5946
2017-11-18 12:00:00,280.6625
2017-11-19 12:00:00,280.93222
2017-11-20 12:00:00,279.7646
2017-11-21 12:00:00,279.48657
2017-11-22 12:00:00,279.85284
2017-11-23 12:00:00,282.89566
2017-11-24 12:00:00,283.2307
2017-11-25 12:00:00,285.56705
2017-11-26 12:00:00,284.07953
2017-11-27 12:00:00,280.2189
2017-11-28 12:00:00,275.99594
2017-11-29 12:00:00,275.51154
2017-11-30 12:00:00,283.03314
2017-12-01 12:00:00,283.98364
2017-12-02 12:00:00,280.5485
2017-12-03 12:00:00,277.2352
2017-12-04 12:00:00,282.13898
2017-12-05 12:00:00,283.0504
2017-12-06 12:00:00,281.36438
2017-12-07 12:00:00,280.38742
2017-12-08 12:00:00,280.5393
2017-12-09 12:00:00,281.98413
2017-12-10 12:00:00,277.287
2017-12-11 12:00:00,277.3072
2017-12-12 12:00:00,276.19238
2017-12-13 12:00:00,276.22778
2017-12-14 12:00:00,275.5744
2017-12-15 12:00:00,274.7281
2017-12-16 12:00:00,275.95074
2017-12-17 12:00:00,277.61273
2017-12-18 12:00:00,276.50446
2017-12-19 12:00:00,274.7427
2017-12-20 12:00:00,272.65875
2017-12-21 12:00:00,272.4082
2017-12-22 12:00:00,280.5102
2017-12-23 12:00:00,284.7586
2017-12-24 12:00:00,281.62796
2017-12-25 12:00:00,281.42224
2017-12-26 12:00:00,281.60098
2017-12-27 12:00:00,280.4817
2017-12-28 12:00:00,279.83386
2017-12-29 12:00:00,279.49457
2017-12-30 12:00:00,281.78528
2018-01-01 12:00:00,283.7368
2018-01-02 12:00:00,281.38657
2018-01-03 12:00:00,282.1492
2018-01-04 12:00:00,279.98804
2018-01-05 12:00:00,278.46497
2018-01-06 12:00:00,279.05252
2018-01-07 12:00:00,281.00342
2018-01-08 12:00:00,282.78912
2018-01-09 12:00:00,281.12134
2018-01-10 12:00:00,280.4672
2018-01-11 12:00:00,279.44397
2018-01-12 12:00:00,280.46777
2018-01-13 12:00:00,278.18323
2018-01-14 12:00:00,279.72324
2018-01-15 12:00:00,282.14148
2018-01-16 12:00:00,280.78345
2018-01-17 12:00:00,280.6153
2018-01-18 12:00:00,278.6086
2018-01-19 12:00:00,278.50446
2018-01-20 12:00:00,277.03635
2018-01-21 12:00:00,273.87344
2018-01-22 12:00:00,272.41138
2018-01-23 12:00:00,278.21466
2018-01-24 12:00:00,279.54623
2018-01-25 12:00:00,278.24084
2018-01-26 12:00:00,277.96484
2018-01-27 12:00:00,278.607
2018-01-28 12:00:00,279.77377
2018-01-29 12:00:00,282.84143
2018-01-30 12:00:00,284.36493
2018-02-01 12:00:00,284.9096
2018-02-02 12:00:00,282.24258
2018-02-03 12:00:00,280.53247
2018-02-04 12:00:00,279.53833
2018-02-05 12:00:00,278.11835
2018-02-06 12:00:00,279.0197
2018-02-07 12:00:00,279.73773
2018-02-08 12:00:00,279.4991
2018-02-09 12:00:00,277.58136
2018-02-10 12:00:00,275.99042
2018-02-11 12:00:00,277.96112
2018-02-12 12:00:00,278.9052
2018-02-13 12:00:00,279.60266
2018-02-14 12:00:00,279.9079
2018-02-15 12:00:00,279.73334
2018-02-16 12:00:00,280.0475
2018-02-17 12:00:00,280.9609
2018-02-18 12:00:00,279.1147
2018-02-19 12:00:00,276.43576
2018-02-20 12:00:00,275.55338
2018-02-21 12:00:00,274.752
2018-02-22 12:00:00,277.8678
2018-02-23 12:00:00,279.36142
2018-02-24 12:00:00,277.83667
2018-02-25 12:00:00,276.9829
2018-02-26 12:00:00,278.4014
2018-02-27 12:00:00,280.5307
2018-02-28 12:00:00,281.21136
2018-02-29 12:00:00,280.59656
2018-02-30 12:00:00,279.25433
2018-03-01 12:00:00,278.1651
2018-03-02 12:00:00,279.46887
2018-03-03 12:00:00,279.33948
2018-03-04 12:00:00,278.11398
2018-03-05 12:00:00,278.682
2018-03-06 12:00:00,279.27606
2018-03-07 12:00:00,279.8034
2018-03-08 12:00:00,280.8421
2018-03-09 12:00:00,280.9329
2018-03-10 12:00:00,279.86697
2018-03-11 12:00:00,280.15784
2018-03-12 12:00:00,282.69666
2018-03-13 12:00:00,282.2613
2018-03-14 12:00:00,278.68835
2018-03-15 12:00:00,278.2037
2018-03-16 12:00:00,277.48053
2018-03-17 12:00:00,279.74023
2018-03-18 12:00:00,281.72485
2018-03-19 12:00:00,284.39258
2018-03-20 12:00:00,283.2331
2018-03-21 12:00:00,279.5697
2018-03-22 12:00:00,278.7137
2018-03-23 12:00:00,280.52612
2018-03-24 12:00:00,282.969
2018-03-25 12:00:00,283.5239
2018-03-26 12:00:00,283.62915
2018-03-27 12:00:00,282.69583
2018-03-28 12:00:00,281.68036
2018-03-29 12:00:00,284.34344
2018-03-30 12:00:00,285.49268
2018-04-01 12:00:00,283.70746
2018-04-02 12:00:00,281.76437
2018-04-03 12:00:00,278.89148
2018-04-04 12:00:00,278.8125
2018-04-05 12:00:00,279.3862
2018-04-06 12:00:00,278.60098
2018-04-07 12:00:00,278.85574
2018-04-08 12:00:00,278.39603
2018-04-09 12:00:00,278.23145
2018-04-10 12:00:00,279.40778
2018-04-11 12:00:00,284.60803
2018-04-12 12:00:00,283.15405
2018-04-13 12:00:00,282.59265
2018-04-14 12:00:00,284.00015
2018-04-15 12:00:00,284.81384
2018-04-16 12:00:00,285.88617
2018-04-17 12:00:00,284.94452
2018-04-18 12:00:00,281.3507
2018-04-19 12:00:00,279.94293
2018-04-20 12:00:00,279.31216
2018-04-21 12:00:00,280.1338
2018-04-22 12:00:00,280.54224
2018-04-23 12:00:00,279.01492
2018-04-24 12:00:00,282.0277
2018-04-25 12:00:00,282.46484
2018-04-26 12:00:00,280.6949
2018-04-27 12:00:00,281.91992
2018-04-28 12:00:00,285.47873
2018-04-29 12:00:00,285.427
2018-04-30 12:00:00,285.33942
2018-05-01 12:00:00,286.26163
2018-05-02 12:00:00,282.56604
2018-05-03 12:00:00,281.57666
2018-05-04 12:00:00,281.44043
2018-05-05 12:00:00,282.95947
2018-05-06 12:00:00,285.8662
2018-05-07 12:00:00,288.198
2018-05-08 12:00:00,283.33325
2018-05-09 12:00:00,282.65137
2018-05-10 12:00:00,282.68506
2018-05-11 12:00:00,283.91748
2018-05-12 12:00:00,286.90942
2018-05-13 12:00:00,288.2859
2018-05-14 12:00:00,288.97607
2018-05-15 12:00:00,289.19702
2018-05-16 12:00:00,286.2334
2018-05-17 12:00:00,285.2495
2018-05-18 12:00:00,284.5244
2018-05-19 12:00:00,284.3689
2018-05-20 12:00:00,284.2224
2018-05-21 12:00:00,283.8667
2018-05-22 12:00:00,283.81308
2018-05-23 12:00:00,283.57715
2018-05-24 12:00:00,284.6997
2018-05-25 12:00:00,286.62524
2018-05-26 12:00:00,287.83545
2018-05-27 12:00:00,289.35815
2018-05-28 12:00:00,290.3042
2018-05-29 12:00:00,290.18262
2018-05-30 12:00:00,289.25806
2018-06-01 12:00:00,291.41162
2018-06-02 12:00:00,291.38843
2018-06-03 12:00:00,288.12524
2018-06-04 12:00:00,290.47778
2018-06-05 12:00:00,290.72925
2018-06-06 12:00:00,289.0874
2018-06-07 12:00:00,288.84082
2018-06-08 12:00:00,289.4602
2018-06-09 12:00:00,291.3523
2018-06-10 12:00:00,291.6853
2018-06-11 12:00:00,290.18335
2018-06-12 12:00:00,286.7766
2018-06-13 12:00:00,286.08325
2018-06-14 12:00:00,285.5979
2018-06-15 12:00:00,285.78784
2018-06-16 12:00:00,286.2683
2018-06-17 12:00:00,286.79834
2018-06-18 12:00:00,287.5735
2018-06-19 12:00:00,288.30054
2018-06-20 12:00:00,290.344
2018-06-21 12:00:00,288.9453
2018-06-22 12:00:00,287.5984
2018-06-23 12:00:00,287.32666
2018-06-24 12:00:00,287.64014
2018-06-25 12:00:00,288.62646
2018-06-26 12:00:00,289.29736
2018-06-27 12:00:00,289.24634
2018-06-28 12:00:00,288.73608
2018-06-29 12:00:00,288.27856
2018-06-30 12:00:00,287.51074
2018-07-01 12:00:00,288.43018
2018-07-02 12:00:00,289.37915
2018-07-03 12:00:00,288.43774
2018-07-04 12:00:00,289.15845
2018-07-05 12:00:00,287.5581
2018-07-06 12:00:00,289.3191
2018-07-07 12:00:00,289.1372
2018-07-08 12:00:00,289.48853
2018-07-09 12:00:00,288.34985
2018-07-10 12:00:00,289.88086
2018-07-11 12:00:00,290.98682
2018-07-12 12:00:00,291.12842
2018-07-13 12:00:00,291.5537
2018-07-14 12:00:00,292.02588
2018-07-15 12:00:00,290.85498
2018-07-16 12:00:00,288.4829
2018-07-17 12:00:00,288.24
2018-07-18 12:00:00,289.82397
2018-07-19 12:00:00,290.9397
2018-07-20 12:00:00,291.89526
2018-07-21 12:00:00,291.2561
2018-07-22 12:00:00,289.9751
2018-07-23 12:00:00,288.22778
2018-07-24 12:00:00,287.61597
2018-07-25 12:00:00,288.17603
2018-07-26 12:00:00,288.01782
2018-07-27 12:00:00,288.79932
2018-07-28 12:00:00,289.8252
2018-07-29 12:00:00,290.10718
2018-07-30 12:00:00,289.38306
2018-08-01 12:00:00,289.94336
2018-08-02 12:00:00,290.83765
2018-08-03 12:00:00,291.2544
2018-08-04 12:00:00,291.0547
2018-08-05 12:00:00,291.66895
2018-08-06 12:00:00,290.55933
2018-08-07 12:00:00,290.02124
2018-08-08 12:00:00,289.1963
2018-08-09 12:00:00,289.72925
2018-08-10 12:00:00,289.94775
2018-08-11 12:00:00,290.02832
2018-08-12 12:00:00,288.93042
2018-08-13 12:00:00,288.80835
2018-08-14 12:00:00,288.30005
2018-08-15 12:00:00,288.97192
2018-08-16 12:00:00,288.1604
2018-08-17 12:00:00,290.21826
2018-08-18 12:00:00,289.34204
2018-08-19 12:00:00,288.99976
2018-08-20 12:00:00,291.812
2018-08-21 12:00:00,291.58057
2018-08-22 12:00:00,291.25244
2018-08-23 12:00:00,292.52734
2018-08-24 12:00:00,293.52686
2018-08-25 12:00:00,294.90698
2018-08-26 12:00:00,293.84937
2018-08-27 12:00:00,292.35205
2018-08-28 12:00:00,292.01318
2018-08-29 12:00:00,292.40576
2018-08-30 12:00:00,294.01392
2018-09-01 12:00:00,295.68433
2018-09-02 12:00:00,295.12378
2018-09-03 12:00:00,295.95728
2018-09-04 12:00:00,294.1643
2018-09-05 12:00:00,293.18213
2018-09-06 12:00:00,292.12158
2018-09-07 12:00:00,291.05493
2018-09-08 12:00:00,291.6897
2018-09-09 12:00:00,292.16064
2018-09-10 12:00:00,293.22876
2018-09-11 12:00:00,291.96387
2018-09-12 12:00:00,291.69727
2018-09-13 12:00:00,293.1128
2018-09-14 12:00:00,289.06396
2018-09-15 12:00:00,291.37732
2018-09-16 12:00:00,290.10883
2018-09-17 12:00:00,288.25226
2018-09-18 12:00:00,288.84375
2018-09-19 12:00:00,288.55664
2018-09-20 12:00:00,288.73364
2018-09-21 12:00:00,287.57617
2018-09-22 12:00:00,289.4414
2018-09-23 12:00:00,287.87134
2018-09-24 12:00:00,287.16528
2018-09-25 12:00:00,289.4091
2018-09-26 12:00:00,287.01636
2018-09-27 12:00:00,286.41968
2018-09-28 12:00:00,288.64453
2018-09-29 12:00:00,288.01392
2018-09-30 12:00:00,285.4292
2018-10-01 12:00:00,283.80176
2018-10-02 12:00:00,283.42285
2018-10-03 12:00:00,282.1355
2018-10-04 12:00:00,281.83618
2018-10-05 12:00:00,281.69092
2018-10-06 12:00:00,282.43384
2018-10-07 12:00:00,283.3955
2018-10-08 12:00:00,285.00952
2018-10-09 12:00:00,287.27637
2018-10-10 12:00:00,286.14618
2018-10-11 12:00:00,284.39075
2018-10-12 12:00:00,286.42996
2018-10-13 12:00:00,286.05426
2018-10-14 12:00:00,286.25464
2018-10-15 12:00:00,285.51367
2018-10-16 12:00:00,287.05127
2018-10-17 12:00:00,285.3628
2018-10-18 12:00:00,283.10266
2018-10-19 12:00:00,285.34134
2018-10-20 12:00:00,284.4613
2018-10-21 12:00:00,284.98462
2018-10-22 12:00:00,284.07727
2018-10-23 12:00:00,284.0451
2018-10-24 12:00:00,285.0586
2018-10-25 12:00:00,283.4016
2018-10-26 12:00:00,285.17963
2018-10-27 12:00:00,285.36102
2018-10-28 12:00:00,285.9768
2018-10-29 12:00:00,285.0544
2018-10-30 12:00:00,284.9073
2018-11-01 12:00:00,285.94788
2018-11-02 12:00:00,285.71484
2018-11-03 12:00:00,284.8366
2018-11-04 12:00:00,282.69684
2018-11-05 12:00:00,281.24487
2018-11-06 12:00:00,284.50854
2018-11-07 12:00:00,284.78137
2018-11-08 12:00:00,283.32776
2018-11-09 12:00:00,283.844
2018-11-10 12:00:00,285.7154
2018-11-11 12:00:00,284.45312
2018-11-12 12:00:00,283.60876
2018-11-13 12:00:00,282.70303
2018-11-14 12:00:00,282.38647
2018-11-15 12:00:00,282.13434
2018-11-16 12:00:00,282.30646
2018-11-17 12:00:00,281.9109
2018-11-18 12:00:00,280.9047
2018-11-19 12:00:00,281.16583
2018-11-20 12:00:00,282.02905
2018-11-21 12:00:00,281.38867
2018-11-22 12:00:00,283.38614
2018-11-23 12:00:00,282.57285
2018-11-24 12:00:00,281.6562
2018-11-25 12:00:00,281.90784
2018-11-26 12:00:00,282.95032
2018-11-27 12:00:00,283.8404
2018-11-28 12:00:00,283.81683
2018-11-29 12:00:00,283.82907
2018-11-30 12:00:00,283.37836
2018-12-01 12:00:00,283.9164
2018-12-02 12:00:00,282.16116
2018-12-03 12:00:00,282.69495
2018-12-04 12:00:00,283.32016
2018-12-05 12:00:00,283.10223
2018-12-06 12:00:00,282.9773
2018-12-07 12:00:00,283.58328
2018-12-08 12:00:00,282.90826
2018-12-09 12:00:00,281.33197
2018-12-10 12:00:00,279.73096
2018-12-11 12:00:00,282.8576
2018-12-12 12:00:00,283.30554
2018-12-13 12:00:00,282.48755
2018-12-14 12:00:00,281.3504
2018-12-15 12:00:00,283.74823
2018-12-16 12:00:00,280.82855
2018-12-17 12:00:00,278.70007
2018-12-18 12:00:00,276.74103
2018-12-19 12:00:00,278.68933
2018-12-20 12:00:00,280.8066
2018-12-21 12:00:00,280.89008
2018-12-22 12:00:00,279.0653
2018-12-23 12:00:00,280.02045
2018-12-24 12:00:00,280.28046
2018-12-25 12:00:00,278.2967
2018-12-26 12:00:00,276.29517
2018-12-27 12:00:00,277.03638
2018-12-28 12:00:00,279.01953
2018-12-29 12:00:00,275.61612
2018-12-30 12:00:00,274.62933
2019-01-01 12:00:00,280.2135
2019-01-02 12:00:00,283.00946
2019-01-03 12:00:00,281.59375
2019-01-04 12:00:00,282.90945
2019-01-05 12:00:00,281.8944
2019-01-06 12:00:00,280.29144
2019-01-07 12:00:00,280.4898
2019-01-08 12:00:00,280.1048
2019-01-09 12:00:00,279.75397
2019-01-10 12:00:00,280.81622
2019-01-11 12:00:00,280.74753
2019-01-12 12:00:00,279.25818
2019-01-13 12:00:00,281.80588
2019-01-14 12:00:00,281.5766
2019-01-15 12:00:00,282.736
2019-01-16 12:00:00,282.33337
2019-01-17 12:00:00,280.14508
2019-01-18 12:00:00,280.37903
2019-01-19 12:00:00,280.26215
2019-01-20 12:00:00,278.99265
2019-01-21 12:00:00,278.88104
2019-01-22 12:00:00,280.3722
2019-01-23 12:00:00,280.77533
2019-01-24 12:00:00,281.44406
2019-01-25 12:00:00,280.5808
2019-01-26 12:00:00,278.7898
2019-01-27 12:00:00,274.8115
2019-01-28 12:00:00,273.90765
2019-01-29 12:00:00,273.22018
2019-01-30 12:00:00,273.85303
2019-02-01 12:00:00,278.7543
2019-02-02 12:00:00,278.30035
2019-02-03 12:00:00,279.11774
2019-02-04 12:00:00,278.58353
2019-02-05 12:00:00,276.93887
2019-02-06 12:00:00,277.95306
2019-02-07 12:00:00,276.01038
2019-02-08 12:00:00,274.42352
2019-02-09 12:00:00,279.42453
2019-02-10 12:00:00,281.2237
2019-02-11 12:00:00,280.78845
2019-02-12 12:00:00,277.73993
2019-02-13 12:00:00,280.516
2019-02-14 12:00:00,280.27032
2019-02-15 12:00:00,281.05768
2019-02-16 12:00:00,282.94763
2019-02-17 12:00:00,283.16876
2019-02-18 12:00:00,283.25055
2019-02-19 12:00:00,279.55298
2019-02-20 12:00:00,278.44073
2019-02-21 12:00:00,279.92126
2019-02-22 12:00:00,278.84857
2019-02-23 12:00:00,278.807
2019-02-24 12:00:00,281.1714
2019-02-25 12:00:00,280.17255
2019-02-26 12:00:00,282.31378
2019-02-27 12:00:00,283.75433
2019-02-28 12:00:00,283.67252
2019-02-29 12:00:00,282.7526
2019-02-30 12:00:00,280.69214
2019-03-01 12:00:00,280.02435
2019-03-02 12:00:00,278.70102
2019-03-03 12:00:00,277.75323
2019-03-04 12:00:00,279.17365
2019-03-05 12:00:00,281.07404
2019-03-06 12:00:00,281.21924
2019-03-07 12:00:00,278.4793
2019-03-08 12:00:00,277.85626
2019-03-09 12:00:00,279.7929
2019-03-10 12:00:00,281.1169
2019-03-11 12:00:00,279.70062
2019-03-12 12:00:00,280.86426
2019-03-13 12:00:00,282.62732
2019-03-14 12:00:00,280.819
2019-03-15 12:00:00,282.5859
2019-03-16 12:00:00,281.60446
2019-03-17 12:00:00,282.6095
2019-03-18 12:00:00,279.76172
2019-03-19 12:00:00,279.39673
2019-03-20 12:00:00,281.7293
2019-03-21 12:00:00,283.57758
2019-03-22 12:00:00,280.35248
2019-03-23 12:00:00,280.68628
2019-03-24 12:00:00,281.53192
2019-03-25 12:00:00,279.6416
2019-03-26 12:00:00,280.32953
2019-03-27 12:00:00,280.59875
2019-03-28 12:00:00,280.29968
2019-03-29 12:00:00,279.33463
2019-03-30 12:00:00,280.4455
2019-04-01 12:00:00,280.61847
2019-04-02 12:00:00,280.2528
2019-04-03 12:00:00,280.6928
2019-04-04 12:00:00,280.1222
2019-04-05 12:00:00,280.057
2019-04-06 12:00:00,279.42996
2019-04-07 12:00:00,279.26733
2019-04-08 12:00:00,279.20795
2019-04-09 12:00:00,278.5459
2019-04-10 12:00:00,282.03748
2019-04-11 12:00:00,281.28027
2019-04-12 12:00:00,280.6631
2019-04-13 12:00:00,279.14224
2019-04-14 12:00:00,280.0246
2019-04-15 12:00:00,279.2731
2019-04-16 12:00:00,277.9143
2019-04-17 12:00:00,279.39795
2019-04-18 12:00:00,281.58374
2019-04-19 12:00:00,282.55685
2019-04-20 12:00:00,286.58447
2019-04-21 12:00:00,284.45096
2019-04-22 12:00:00,281.89008
2019-04-23 12:00:00,281.86133
2019-04-24 12:00:00,281.84863
2019-04-25 12:00:00,280.86426
2019-04-26 12:00:00,281.54056
2019-04-27 12:00:00,280.62134
2019-04-28 12:00:00,281.0687
2019-04-29 12:00:00,281.85815
2019-04-30 12:00:00,280.89282
2019-05-01 12:00:00,281.36133
2019-05-02 12:00:00,282.57104
2019-05-03 12:00:00,282.42114
2019-05-04 12:00:00,282.44458
2019-05-05 12:00:00,282.45898
2019-05-06 12:00:00,282.04736
2019-05-07 12:00:00,281.00684
2019-05-08 12:00:00,281.27808
2019-05-09 12:00:00,281.79297
2019-05-10 12:00:00,282.5149
2019-05-11 12:00:00,281.86844
2019-05-12 12:00:00,284.6914
2019-05-13 12:00:00,284.6902
2019-05-14 12:00:00,284.17163
2019-05-15 12:00:00,288.66113
2019-05-16 12:00:00,288.51025
2019-05-17 12:00:00,287.51025
2019-05-18 12:00:00,290.4287
2019-05-19 12:00:00,293.08862
2019-05-20 12:00:00,290.15234
2019-05-21 12:00:00,290.83447
2019-05-22 12:00:00,287.6875
2019-05-23 12:00:00,283.60474
2019-05-24 12:00:00,282.59546
2019-05-25 12:00:00,283.49683
2019-05-26 12:00:00,284.29126
2019-05-27 12:00:00,286.49194
2019-05-28 12:00:00,286.13574
2019-05-29 12:00:00,286.5703
2019-05-30 12:00:00,286.69678
2019-06-01 12:00:00,288.61426
2019-06-02 12:00:00,290.615
2019-06-03 12:00:00,291.72046
2019-06-04 12:00:00,293.1985
2019-06-05 12:00:00,294.53638
2019-06-06 12:00:00,294.36572
2019-06-07 12:00:00,290.92017
2019-06-08 12:00:00,290.60352
2019-06-09 12:00:00,288.74902
2019-06-10 12:00:00,288.48877
2019-06-11 12:00:00,290.51758
2019-06-12 12:00:00,292.27466
2019-06-13 12:00:00,295.90674
2019-06-14 12:00:00,296.792
2019-06-15 12:00:00,295.5503
2019-06-16 12:00:00,295.2932
2019-06-17 12:00:00,294.87866
2019-06-18 12:00:00,295.53955
2019-06-19 12:00:00,293.48022
2019-06-20 12:00:00,290.44775
2019-06-21 12:00:00,290.44116
2019-06-22 12:00:00,291.68408
2019-06-23 12:00:00,292.03223
2019-06-24 12:00:00,292.35303
2019-06-25 12:00:00,295.48022
2019-06-26 12:00:00,294.95557
2019-06-27 12:00:00,291.8108
2019-06-28 12:00:00,291.22363
2019-06-29 12:00:00,291.44922
2019-06-30 12:00:00,294.5039
2019-07-01 12:00:00,292.73267
2019-07-02 12:00:00,293.01562
2019-07-03 12:00:00,293.92334
2019-07-04 12:00:00,291.5442
2019-07-05 12:00:00,292.82275
2019-07-06 12:00:00,290.92358
2019-07-07 12:00:00,290.7832
2019-07-08 12:00:00,289.96777
2019-07-09 12:00:00,289.11987
2019-07-10 12:00:00,289.44897
2019-07-11 12:00:00,293.80273
2019-07-12 12:00:00,296.91455
2019-07-13 12:00:00,295.1106
2019-07-14 12:00:00,294.27393
2019-07-15 12:00:00,293.54517
2019-07-16 12:00:00,291.9126
2019-07-17 12:00:00,290.187
2019-07-18 12:00:00,291.23462
2019-07-19 12:00:00,291.43628
2019-07-20 12:00:00,289.16357
2019-07-21 12:00:00,289.98706
2019-07-22 12:00:00,291.5542
2019-07-23 12:00:00,292.7068
2019-07-24 12:00:00,291.81934
2019-07-25 12:00:00,291.98804
2019-07-26 12:00:00,292.12646
2019-07-27 12:00:00,291.40308
2019-07-28 12:00:00,291.42822
2019-07-29 12:00:00,290.3059
2019-07-30 12:00:00,294.20264
2019-08-01 12:00:00,292.77808
2019-08-02 12:00:00,292.15356
2019-08-03 12:00:00,293.1267
2019-08-04 12:00:00,294.1394
2019-08-05 12:00:00,293.97314
2019-08-06 12:00:00,292.58936
2019-08-07 12:00:00,290.9768
2019-08-08 12:00:00,289.37842
2019-08-09 12:00:00,289.1631
2019-08-10 12:00:00,289.8125
2019-08-11 12:00:00,289.9048
2019-08-12 12:00:00,290.49854
2019-08-13 12:00:00,292.01807
2019-08-14 12:00:00,291.92676
2019-08-15 12:00:00,290.7556
2019-08-16 12:00:00,290.30054
2019-08-17 12:00:00,289.7959
2019-08-18 12:00:00,288.8296
2019-08-19 12:00:00,288.30835
2019-08-20 12:00:00,291.30396
2019-08-21 12:00:00,290.33008
2019-08-22 12:00:00,288.83618
2019-08-23 12:00:00,288.354
2019-08-24 12:00:00,288.14307
2019-08-25 12:00:00,288.9109
2019-08-26 12:00:00,287.77124
2019-08-27 12:00:00,287.56152
2019-08-28 12:00:00,288.50146
2019-08-29 12:00:00,287.65308
2019-08-30 12:00:00,288.8357
2019-09-01 12:00:00,290.81152
2019-09-02 12:00:00,287.85693
2019-09-03 12:00:00,287.96582
2019-09-04 12:00:00,290.7019
2019-09-05 12:00:00,288.1892
2019-09-06 12:00:00,289.86035
2019-09-07 12:00:00,290.08862
2019-09-08 12:00:00,287.00464
2019-09-09 12:00:00,287.37134
2019-09-10 12:00:00,289.93164
2019-09-11 12:00:00,290.84058
2019-09-12 12:00:00,288.3213
2019-09-13 12:00:00,287.69824
2019-09-14 12:00:00,289.99976
2019-09-15 12:00:00,288.63086
2019-09-16 12:00:00,289.45874
2019-09-17 12:00:00,291.53247
2019-09-18 12:00:00,290.29956
2019-09-19 12:00:00,290.8794
2019-09-20 12:00:00,288.56323
2019-09-21 12:00:00,287.9673
2019-09-22 12:00:00,286.67676
2019-09-23 12:00:00,287.67798
2019-09-24 12:00:00,288.82153
2019-09-25 12:00:00,289.23926
2019-09-26 12:00:00,286.96362
2019-09-27 12:00:00,286.91382
2019-09-28 12:00:00,287.93823
2019-09-29 12:00:00,286.86304
2019-09-30 12:00:00,288.38916
2019-10-01 12:00:00,289.6194
2019-10-02 12:00:00,288.1023
2019-10-03 12:00:00,286.886
2019-10-04 12:00:00,284.3108
2019-10-05 12:00:00,283.8933
2019-10-06 12:00:00,282.35577
2019-10-07 12:00:00,281.80548
2019-10-08 12:00:00,281.85803
2019-10-09 12:00:00,282.42358
2019-10-10 12:00:00,283.51245
2019-10-11 12:00:00,287.87256
2019-10-12 12:00:00,289.6316
2019-10-13 12:00:00,289.4485
2019-10-14 12:00:00,290.812
2019-10-15 12:00:00,290.1101
2019-10-16 12:00:00,288.79102
2019-10-17 12:00:00,285.01544
2019-10-18 12:00:00,287.58728
2019-10-19 12:00:00,284.57065
2019-10-20 12:00:00,283.021
2019-10-21 12:00:00,279.7085
2019-10-22 12:00:00,280.34534
2019-10-23 12:00:00,280.41608
2019-10-24 12:00:00,281.5829
2019-10-25 12:00:00,280.695
2019-10-26 12:00:00,286.7503
2019-10-27 12:00:00,288.93524
2019-10-28 12:00:00,289.41412
2019-10-29 12:00:00,288.06165
2019-10-30 12:00:00,287.81372
2019-11-01 12:00:00,285.7554
2019-11-02 12:00:00,284.38922
2019-11-03 12:00:00,287.10248
2019-11-04 12:00:00,284.98883
2019-11-05 12:00:00,284.03387
2019-11-06 12:00:00,284.05258
2019-11-07 12:00:00,281.03735
2019-11-08 12:00:00,283.6186
2019-11-09 12:00:00,282.74158
2019-11-10 12:00:00,282.35144
2019-11-11 12:00:00,283.16736
2019-11-12 12:00:00,282.48157
2019-11-13 12:00:00,285.3085
2019-11-14 12:00:00,283.96246
2019-11-15 12:00:00,284.45874
2019-11-16 12:00:00,283.14514
2019-11-17 12:00:00,283.3793
2019-11-18 12:00:00,282.01788
2019-11-19 12:00:00,282.63116
2019-11-20 12:00:00,283.0208
2019-11-21 12:00:00,282.4579
2019-11-22 12:00:00,281.78943
2019-11-23 12:00:00,282.15063
2019-11-24 12:00:00,283.07068
2019-11-25 12:00:00,281.1136
2019-11-26 12:00:00,279.93927
2019-11-27 12:00:00,281.19
2019-11-28 12:00:00,279.7107
2019-11-29 12:00:00,281.20593
2019-11-30 12:00:00,280.11273
2019-12-01 12:00:00,275.51062
2019-12-02 12:00:00,275.86124
2019-12-03 12:00:00,279.99158
2019-12-04 12:00:00,283.1813
2019-12-05 12:00:00,280.8557
2019-12-06 12:00:00,280.35468
2019-12-07 12:00:00,280.90125
2019-12-08 12:00:00,282.26227
2019-12-09 12:00:00,283.59747
2019-12-10 12:00:00,282.84753
2019-12-11 12:00:00,280.14154
2019-12-12 12:00:00,275.73633
2019-12-13 12:00:00,274.76224
2019-12-14 12:00:00,272.77844
2019-12-15 12:00:00,271.82495
2019-12-16 12:00:00,269.80792
2019-12-17 12:00:00,270.33667
2019-12-18 12:00:00,272.93646
2019-12-19 12:00:00,273.16193
2019-12-20 12:00:00,276.3521
2019-12-21 12:00:00,281.2992
2019-12-22 12:00:00,282.63135
2019-12-23 12:00:00,281.333
2019-12-24 12:00:00,279.7151
2019-12-25 12:00:00,280.01245
2019-12-26 12:00:00,280.11694
2019-12-27 12:00:00,280.60208
2019-12-28 12:00:00,280.28488
2019-12-29 12:00:00,276.76617
2019-12-30 12:00:00,276.7905
2020-01-01 12:00:00,280.14343
2020-01-02 12:00:00,280.24927
2020-01-03 12:00:00,280.44934
2020-01-04 12:00:00,280.41058
2020-01-05 12:00:00,278.93826
2020-01-06 12:00:00,277.64743
2020-01-07 12:00:00,275.66895
2020-01-08 12:00:00,274.93793
2020-01-09 12:00:00,276.18683
2020-01-10 12:00:00,273.86926
2020-01-11 12:00:00,274.6079
2020-01-12 12:00:00,274.931
2020-01-13 12:00:00,272.37256
2020-01-14 12:00:00,270.3233
2020-01-15 12:00:00,271.64865
2020-01-16 12:00:00,272.90244
2020-01-17 12:00:00,270.7403
2020-01-18 12:00:00,275.67166
2020-01-19 12:00:00,281.01553
2020-01-20 12:00:00,281.7567
2020-01-21 12:00:00,278.15503
2020-01-22 12:00:00,280.30554
2020-01-23 12:00:00,278.3471
2020-01-24 12:00:00,278.44843
2020-01-25 12:00:00,278.31604
2020-01-26 12:00:00,279.05444
2020-01-27 12:00:00,280.44788
2020-01-28 12:00:00,281.19983
2020-01-29 12:00:00,279.48438
2020-01-30 12:00:00,279.68652
2020-02-01 12:00:00,280.40625
2020-02-02 12:00:00,279.22437
2020-02-03 12:00:00,281.23242
2020-02-04 12:00:00,280.77097
2020-02-05 12:00:00,279.99084
2020-02-06 12:00:00,276.9256
2020-02-07 12:00:00,277.75497
2020-02-08 12:00:00,280.46832
2020-02-09 12:00:00,281.5598
2020-02-10 12:00:00,278.56528
2020-02-11 12:00:00,278.7402
2020-02-12 12:00:00,280.13647
2020-02-13 12:00:00,278.7937
2020-02-14 12:00:00,278.70825
2020-02-15 12:00:00,279.80157
2020-02-16 12:00:00,280.67615
2020-02-17 12:00:00,279.1939
2020-02-18 12:00:00,279.53485
2020-02-19 12:00:00,279.31866
2020-02-20 12:00:00,280.3626
2020-02-21 12:00:00,280.6353
2020-02-22 12:00:00,280.07022
2020-02-23 12:00:00,281.3222
2020-02-24 12:00:00,281.97147
2020-02-25 12:00:00,280.22345
2020-02-26 12:00:00,279.9419
2020-02-27 12:00:00,280.94635
2020-02-28 12:00:00,278.78195
2020-02-29 12:00:00,279.48083
2020-02-30 12:00:00,280.35342
2020-03-01 12:00:00,278.82178
2020-03-02 12:00:00,280.28992
2020-03-03 12:00:00,281.98267
2020-03-04 12:00:00,280.6452
2020-03-05 12:00:00,280.53912
2020-03-06 12:00:00,281.24634
2020-03-07 12:00:00,281.46118
2020-03-08 12:00:00,282.42157
2020-03-09 12:00:00,281.28503
2020-03-10 12:00:00,280.94623
2020-03-11 12:00:00,280.73877
2020-03-12 12:00:00,279.03885
2020-03-13 12:00:00,278.28595
2020-03-14 12:00:00,279.1071
2020-03-15 12:00:00,279.37866
2020-03-16 12:00:00,280.10864
2020-03-17 12:00:00,278.9568
2020-03-18 12:00:00,279.12476
2020-03-19 12:00:00,280.87726
2020-03-20 12:00:00,280.16483
2020-03-21 12:00:00,279.87836
2020-03-22 12:00:00,281.0069
2020-03-23 12:00:00,281.31195
2020-03-24 12:00:00,280.29385
2020-03-25 12:00:00,279.70367
2020-03-26 12:00:00,282.6356
2020-03-27 12:00:00,279.92752
2020-03-28 12:00:00,279.77106
2020-03-29 12:00:00,281.65442
2020-03-30 12:00:00,284.64487
2020-04-01 12:00:00,285.28525
2020-04-02 12:00:00,282.3075
2020-04-03 12:00:00,283.87958
2020-04-04 12:00:00,284.01154
2020-04-05 12:00:00,281.5689
2020-04-06 12:00:00,280.86633
2020-04-07 12:00:00,278.51147
2020-04-08 12:00:00,278.61075
2020-04-09 12:00:00,281.63196
2020-04-10 12:00:00,281.67075
2020-04-11 12:00:00,281.54626
2020-04-12 12:00:00,282.66425
2020-04-13 12:00:00,283.76355
2020-04-14 12:00:00,283.19165
2020-04-15 12:00:00,280.89026
2020-04-16 12:00:00,282.62323
2020-04-17 12:00:00,284.2547
2020-04-18 12:00:00,281.09546
2020-04-19 12:00:00,281.3164
2020-04-20 12:00:00,283.44043
2020-04-21 12:00:00,287.2102
2020-04-22 12:00:00,283.84283
2020-04-23 12:00:00,282.4851
2020-04-24 12:00:00,282.84827
2020-04-25 12:00:00,284.68933
2020-04-26 12:00:00,285.01123
2020-04-27 12:00:00,286.39758
2020-04-28 12:00:00,286.0464
2020-04-29 12:00:00,284.08057
2020-04-30 12:00:00,282.63184
2020-05-01 12:00:00,282.01392
2020-05-02 12:00:00,282.31458
2020-05-03 12:00:00,283.12598
2020-05-04 12:00:00,283.27905
2020-05-05 12:00:00,282.9265
2020-05-06 12:00:00,283.2356
2020-05-07 12:00:00,285.5293
2020-05-08 12:00:00,286.65942
2020-05-09 12:00:00,288.35425
2020-05-10 12:00:00,291.18555
2020-05-11 12:00:00,292.48804
2020-05-12 12:00:00,290.28296
2020-05-13 12:00:00,287.70435
2020-05-14 12:00:00,289.0127
2020-05-15 12:00:00,291.26855
2020-05-16 12:00:00,293.54688
2020-05-17 12:00:00,291.07642
2020-05-18 12:00:00,292.65796
2020-05-19 12:00:00,293.24536
2020-05-20 12:00:00,291.13135
2020-05-21 12:00:00,292.1521
2020-05-22 12:00:00,287.33008
2020-05-23 12:00:00,286.6272
2020-05-24 12:00:00,289.40894
2020-05-25 12:00:00,290.2351
2020-05-26 12:00:00,291.46484
2020-05-27 12:00:00,292.93945
2020-05-28 12:00:00,290.72974
2020-05-29 12:00:00,288.969
2020-05-30 12:00:00,287.93213
2020-06-01 12:00:00,288.8042
2020-06-02 12:00:00,291.04224
2020-06-03 12:00:00,292.4895
2020-06-04 12:00:00,289.0354
2020-06-05 12:00:00,289.30103
2020-06-06 12:00:00,293.83105
2020-06-07 12:00:00,296.0398
2020-06-08 12:00:00,296.49
2020-06-09 12:00:00,296.18896
2020-06-10 12:00:00,295.3955
2020-06-11 12:00:00,294.36353
2020-06-12 12:00:00,294.26392
2020-06-13 12:00:00,294.2776
2020-06-14 12:00:00,290.95312
2020-06-15 12:00:00,289.63208
2020-06-16 12:00:00,290.6548
2020-06-17 12:00:00,295.86035
2020-06-18 12:00:00,294.63184
2020-06-19 12:00:00,290.26587
2020-06-20 12:00:00,294.51685
2020-06-21 12:00:00,295.0088
2020-06-22 12:00:00,293.3606
2020-06-23 12:00:00,297.53687
2020-06-24 12:00:00,296.17285
2020-06-25 12:00:00,295.07886
2020-06-26 12:00:00,293.396
2020-06-27 12:00:00,289.93628
2020-06-28 12:00:00,290.1516
2020-06-29 12:00:00,291.0398
2020-06-30 12:00:00,290.22656
2020-07-01 12:00:00,290.38672
2020-07-02 12:00:00,290.98145
2020-07-03 12:00:00,293.3308
2020-07-04 12:00:00,293.23218
2020-07-05 12:00:00,292.79858
2020-07-06 12:00:00,291.36108
2020-07-07 12:00:00,290.89624
2020-07-08 12:00:00,291.01025
2020-07-09 12:00:00,290.84912
2020-07-10 12:00:00,291.4558
2020-07-11 12:00:00,291.78223
2020-07-12 12:00:00,289.2556
2020-07-13 12:00:00,288.844
2020-07-14 12:00:00,288.74585
2020-07-15 12:00:00,289.75195
2020-07-16 12:00:00,290.55615
2020-07-17 12:00:00,288.6604
2020-07-18 12:00:00,288.2395
2020-07-19 12:00:00,289.23096
2020-07-20 12:00:00,289.86304
2020-07-21 12:00:00,291.8396
2020-07-22 12:00:00,295.05078
2020-07-23 12:00:00,297.33496
2020-07-24 12:00:00,295.68408
2020-07-25 12:00:00,292.2705
2020-07-26 12:00:00,291.97437
2020-07-27 12:00:00,294.99805
2020-07-28 12:00:00,295.19653
2020-07-29 12:00:00,293.3435
2020-07-30 12:00:00,292.85864
2020-08-01 12:00:00,293.24927
2020-08-02 12:00:00,293.13208
2020-08-03 12:00:00,292.80347
2020-08-04 12:00:00,296.16943
2020-08-05 12:00:00,300.2439
2020-08-06 12:00:00,297.58398
2020-08-07 12:00:00,294.71777
2020-08-08 12:00:00,293.52368
2020-08-09 12:00:00,294.1372
2020-08-10 12:00:00,294.1018
2020-08-11 12:00:00,297.03857
2020-08-12 12:00:00,299.43604
2020-08-13 12:00:00,295.39648
2020-08-14 12:00:00,292.29468
2020-08-15 12:00:00,292.73828
2020-08-16 12:00:00,293.33374
2020-08-17 12:00:00,292.02905
2020-08-18 12:00:00,290.95483
2020-08-19 12:00:00,290.84668
2020-08-20 12:00:00,291.5442
2020-08-21 12:00:00,291.1477
2020-08-22 12:00:00,293.29956
2020-08-23 12:00:00,294.1836
2020-08-24 12:00:00,294.2312
2020-08-25 12:00:00,295.05737
2020-08-26 12:00:00,295.79248
2020-08-27 12:00:00,296.52368
2020-08-28 12:00:00,294.5923
2020-08-29 12:00:00,293.07202
2020-08-30 12:00:00,293.81738
2020-09-01 12:00:00,291.61108
2020-09-02 12:00:00,291.0359
2020-09-03 12:00:00,291.6792
2020-09-04 12:00:00,290.26782
2020-09-05 12:00:00,290.8645
2020-09-06 12:00:00,291.448
2020-09-07 12:00:00,290.21582
2020-09-08 12:00:00,288.57275
2020-09-09 12:00:00,290.4131
2020-09-10 12:00:00,289.5161
2020-09-11 12:00:00,288.60156
2020-09-12 12:00:00,289.08252
2020-09-13 12:00:00,289.81616
2020-09-14 12:00:00,289.09692
2020-09-15 12:00:00,289.61304
2020-09-16 12:00:00,288.7539
2020-09-17 12:00:00,287.8164
2020-09-18 12:00:00,287.80518
2020-09-19 12:00:00,289.48218
2020-09-20 12:00:00,290.20874
2020-09-21 12:00:00,289.44385
2020-09-22 12:00:00,288.48853
2020-09-23 12:00:00,287.36426
2020-09-24 12:00:00,287.32837
2020-09-25 12:00:00,289.77637
2020-09-26 12:00:00,289.9148
2020-09-27 12:00:00,287.8225
2020-09-28 12:00:00,288.0337
2020-09-29 12:00:00,288.18286
2020-09-30 12:00:00,287.8777
2020-10-01 12:00:00,288.38672
2020-10-02 12:00:00,288.71362
2020-10-03 12:00:00,286.8152
2020-10-04 12:00:00,286.2827
2020-10-05 12:00:00,287.96143
2020-10-06 12:00:00,287.84448
2020-10-07 12:00:00,287.7473
2020-10-08 12:00:00,287.32275
2020-10-09 12:00:00,286.13184
2020-10-10 12:00:00,284.8274
2020-10-11 12:00:00,285.93927
2020-10-12 12:00:00,286.4768
2020-10-13 12:00:00,287.8059
2020-10-14 12:00:00,291.45752
2020-10-15 12:00:00,289.10962
2020-10-16 12:00:00,287.56763
2020-10-17 12:00:00,286.55127
2020-10-18 12:00:00,283.81006
2020-10-19 12:00:00,286.7566
2020-10-20 12:00:00,289.7021
2020-10-21 12:00:00,289.02325
2020-10-22 12:00:00,289.64807
2020-10-23 12:00:00,287.36206
2020-10-24 12:00:00,288.77325
2020-10-25 12:00:00,288.8991
2020-10-26 12:00:00,285.39087
2020-10-27 12:00:00,284.80493
2020-10-28 12:00:00,284.20868
2020-10-29 12:00:00,283.26944
2020-10-30 12:00:00,285.34058
2020-11-01 12:00:00,283.17987
2020-11-02 12:00:00,281.26425
2020-11-03 12:00:00,282.5464
2020-11-04 12:00:00,285.40594
2020-11-05 12:00:00,283.3921
2020-11-06 12:00:00,282.30893
2020-11-07 12:00:00,281.79907
2020-11-08 12:00:00,282.3923
2020-11-09 12:00:00,286.27002
2020-11-10 12:00:00,285.32227
2020-11-11 12:00:00,284.31668
2020-11-12 12:00:00,283.5786
2020-11-13 12:00:00,284.27417
2020-11-14 12:00:00,285.37457
2020-11-15 12:00:00,284.11703
2020-11-16 12:00:00,283.9489
2020-11-17 12:00:00,284.7245
2020-11-18 12:00:00,285.27087
2020-11-19 12:00:00,283.78613
2020-11-20 12:00:00,278.96014
2020-11-21 12:00:00,279.15863
2020-11-22 12:00:00,282.37067
2020-11-23 12:00:00,282.1797
2020-11-24 12:00:00,282.3403
2020-11-25 12:00:00,281.73706
2020-11-26 12:00:00,279.79834
2020-11-27 12:00:00,281.5562
2020-11-28 12:00:00,281.3732
2020-11-29 12:00:00,282.60992
2020-11-30 12:00:00,285.11597
2020-12-01 12:00:00,284.9417
2020-12-02 12:00:00,284.50964
2020-12-03 12:00:00,284.76102
2020-12-04 12:00:00,283.98068
2020-12-05 12:00:00,283.69437
2020-12-06 12:00:00,283.5437
2020-12-07 12:00:00,280.43674
2020-12-08 12:00:00,280.97183
2020-12-09 12:00:00,282.52582
2020-12-10 12:00:00,281.22134
2020-12-11 12:00:00,283.14648
2020-12-12 12:00:00,283.6443
2020-12-13 12:00:00,282.01535
2020-12-14 12:00:00,280.3462
2020-12-15 12:00:00,280.94632
2020-12-16 12:00:00,279.33536
2020-12-17 12:00:00,280.9673
2020-12-18 12:00:00,281.27222
2020-12-19 12:00:00,281.1966
2020-12-20 12:00:00,280.206
2020-12-21 12:00:00,279.83563
2020-12-22 12:00:00,280.20914
2020-12-23 12:00:00,280.5592
2020-12-24 12:00:00,278.67938
2020-12-25 12:00:00,279.67035
2020-12-26 12:00:00,279.7397
2020-12-27 12:00:00,279.76697
2020-12-28 12:00:00,279.95132
2020-12-29 12:00:00,280.98358
2020-12-30 12:00:00,279.0929
