time,pr
2031-01-01 12:00:00,4.3041186e-05
2031-01-02 12:00:00,2.31482e-05
2031-01-03 12:00:00,6.447136e-05
2031-01-04 12:00:00,4.729105e-05
2031-01-05 12:00:00,0.0001851856
2031-01-06 12:00:00,6.872122e-06
2031-01-07 12:00:00,5.136007e-05
2031-01-08 12:00:00,6.6460656e-05
2031-01-09 12:00:00,5.7508812e-05
2031-01-10 12:00:00,4.078062e-05
2031-01-11 12:00:00,4.7381473e-05
2031-01-12 12:00:00,8.906632e-05
2031-01-13 12:00:00,0.00010290099
2031-01-14 12:00:00,0.0001013638
2031-01-15 12:00:00,5.542909e-05
2031-01-16 12:00:00,2.5227922e-05
2031-01-17 12:00:00,2.71268e-07
2031-01-18 12:00:00,4.340288e-06
2031-01-19 12:00:00,1.9621717e-05
2031-01-20 12:00:00,7.071052e-05
2031-01-21 12:00:00,2.785018e-05
2031-01-22 12:00:00,5.42536e-07
2031-01-23 12:00:00,9.042266e-08
2031-01-24 12:00:00,0.0
2031-01-25 12:00:00,0.0
2031-01-26 12:00:00,1.9892984e-06
2031-01-27 12:00:00,1.1121987e-05
2031-01-28 12:00:00,3.2552157e-06
2031-01-29 12:00:00,0.0
2031-01-30 12:00:00,9.0422657e-07
2031-02-01 12:00:00,5.42536e-07
2031-02-02 12:00:00,9.584802e-06
2031-02-03 12:00:00,0.0
2031-02-04 12:00:00,1.871749e-05
2031-02-05 12:00:00,3.0472436e-05
2031-02-06 12:00:00,2.8211869e-05
2031-02-07 12:00:00,3.2552157e-06
2031-02-08 12:00:00,3.3275537e-05
2031-02-09 12:00:00,7.685926e-06
2031-02-10 12:00:00,0.00013979342
2031-02-11 12:00:00,1.8084533e-05
2031-02-12 12:00:00,8.9518435e-05
2031-02-13 12:00:00,3.6259487e-05
2031-02-14 12:00:00,4.4487948e-05
2031-02-15 12:00:00,7.0529672e-06
2031-02-16 12:00:00,1.9169604e-05
2031-02-17 12:00:00,1.5010161e-05
2031-02-18 12:00:00,1.1935791e-05
2031-02-19 12:00:00,2.2063128e-05
2031-02-20 12:00:00,1.8084532e-07
2031-02-21 12:00:00,7.233813e-07
2031-02-22 12:00:00,0.0
2031-02-23 12:00:00,0.0
2031-02-24 12:00:00,4.2046537e-05
2031-02-25 12:00:00,8.770998e-05
2031-02-26 12:00:00,0.00013708076
2031-02-27 12:00:00,3.8339207e-05
2031-02-28 12:00:00,3.6169064e-07
2031-02-29 12:00:00,2.170144e-06
2031-02-30 12:00:00,1.8898336e-05
2031-03-01 12:00:00,2.893525e-05
2031-03-02 12:00:00,2.1158903e-05
2031-03-03 12:00:00,6.492347e-05
2031-03-04 12:00:00,5.6242894e-05
2031-03-05 12:00:00,2.5951304e-05
2031-03-06 12:00:00,6.5104314e-06
2031-03-07 12:00:00,5.1540915e-06
2031-03-08 12:00:00,5.515782e-06
2031-03-09 12:00:00,4.2589072e-05
2031-03-10 12:00:00,4.512091e-05
2031-03-11 12:00:00,0.00013536272
2031-03-12 12:00:00,7.839644e-05
2031-03-13 12:00:00,5.542909e-05
2031-03-14 12:00:00,5.4163174e-05
2031-03-15 12:00:00,3.7163714e-05
2031-03-16 12:00:00,4.4307103e-06
2031-03-17 12:00:00,1.4196357e-05
2031-03-18 12:00:00,7.233813e-07
2031-03-19 12:00:00,0.0
2031-03-20 12:00:00,0.0
2031-03-21 12:00:00,0.0
2031-03-22 12:00:00,0.0
2031-03-23 12:00:00,0.0
2031-03-24 12:00:00,0.0
2031-03-25 12:00:00,0.0
2031-03-26 12:00:00,0.0
2031-03-27 12:00:00,4.286034e-05
2031-03-28 12:00:00,2.9839478e-06
2031-03-29 12:00:00,7.776349e-06
2031-03-30 12:00:00,0.00016276079
2031-04-01 12:00:00,7.351362e-05
2031-04-02 12:00:00,1.8988759e-06
2031-04-03 12:00:00,3.427019e-05
2031-04-04 12:00:00,2.2696087e-05
2031-04-05 12:00:00,7.233813e-07
2031-04-06 12:00:00,3.6169064e-07
2031-04-07 12:00:00,0.0
2031-04-08 12:00:00,0.0
2031-04-09 12:00:00,0.0
2031-04-10 12:00:00,0.0
2031-04-11 12:00:00,0.0
2031-04-12 12:00:00,0.0
2031-04-13 12:00:00,0.0
2031-04-14 12:00:00,0.0
2031-04-15 12:00:00,2.71268e-07
2031-04-16 12:00:00,1.7089882e-05
2031-04-17 12:00:00,1.1754946e-06
2031-04-18 12:00:00,9.042266e-08
2031-04-19 12:00:00,0.0
2031-04-20 12:00:00,5.42536e-07
2031-04-21 12:00:00,2.6584263e-05
2031-04-22 12:00:00,7.233813e-07
2031-04-23 12:00:00,2.8031025e-05
2031-04-24 12:00:00,2.1611015e-05
2031-04-25 12:00:00,2.71268e-07
2031-04-26 12:00:00,3.1195817e-05
2031-04-27 12:00:00,8.138039e-07
2031-04-28 12:00:00,0.0
2031-04-29 12:00:00,2.8031025e-06
2031-04-30 12:00:00,2.7126798e-06
2031-05-01 12:00:00,6.202995e-05
2031-05-02 12:00:00,9.042266e-08
2031-05-03 12:00:00,0.0
2031-05-04 12:00:00,2.4956655e-05
2031-05-05 12:00:00,6.3295863e-07
2031-05-06 12:00:00,1.8627068e-05
2031-05-07 12:00:00,1.5462274e-05
2031-05-08 12:00:00,0.0
2031-05-09 12:00:00,0.0
2031-05-10 12:00:00,9.042266e-08
2031-05-11 12:00:00,9.042266e-08
2031-05-12 12:00:00,0.0
2031-05-13 12:00:00,5.6966277e-05
2031-05-14 12:00:00,3.978597e-06
2031-05-15 12:00:00,1.3563399e-06
2031-05-16 12:00:00,9.042266e-08
2031-05-17 12:00:00,6.6731925e-05
2031-05-18 12:00:00,9.982662e-05
2031-05-19 12:00:00,0.0
2031-05-20 12:00:00,9.042266e-08
2031-05-21 12:00:00,8.264631e-05
2031-05-22 12:00:00,1.1754946e-06
2031-05-23 12:00:00,4.6115556e-06
2031-05-24 12:00:00,1.085072e-06
2031-05-25 12:00:00,2.71268e-07
2031-05-26 12:00:00,2.170144e-06
2031-05-27 12:00:00,7.233813e-07
2031-05-28 12:00:00,3.7977518e-06
2031-05-29 12:00:00,5.42536e-07
2031-05-30 12:00:00,0.0
2031-06-01 12:00:00,1.8084532e-07
2031-06-02 12:00:00,1.3292131e-05
2031-06-03 12:00:00,1.7180306e-05
2031-06-04 12:00:00,6.3295863e-07
2031-06-05 12:00:00,1.8084532e-07
2031-06-06 12:00:00,3.8881744e-06
2031-06-07 12:00:00,5.9678955e-06
2031-06-08 12:00:00,6.7816995e-06
2031-06-09 12:00:00,3.4722303e-05
2031-06-10 12:00:00,0.0001716222
2031-06-11 12:00:00,8.861421e-06
2031-06-12 12:00:00,1.8084532e-07
2031-06-13 12:00:00,9.0422657e-07
2031-06-14 12:00:00,0.0
2031-06-15 12:00:00,9.042266e-08
2031-06-16 12:00:00,0.0
2031-06-17 12:00:00,0.0
2031-06-18 12:00:00,1.8084532e-07
2031-06-19 12:00:00,0.0
2031-06-20 12:00:00,0.0
2031-06-21 12:00:00,8.9518435e-06
2031-06-22 12:00:00,0.0
2031-06-23 12:00:00,1.8084532e-07
2031-06-24 12:00:00,0.0
2031-06-25 12:00:00,1.8084532e-07
2031-06-26 12:00:00,3.291385e-05
2031-06-27 12:00:00,3.0743704e-06
2031-06-28 12:00:00,4.7019785e-06
2031-06-29 12:00:00,1.2297482e-05
2031-06-30 12:00:00,5.063669e-06
2031-07-01 12:00:00,1.085072e-06
2031-07-02 12:00:00,4.4307103e-06
2031-07-03 12:00:00,0.00021656227
2031-07-04 12:00:00,2.3329047e-05
2031-07-05 12:00:00,3.0201169e-05
2031-07-06 12:00:00,3.6169064e-07
2031-07-07 12:00:00,0.00016583515
2031-07-08 12:00:00,2.0887634e-05
2031-07-09 12:00:00,5.371106e-05
2031-07-10 12:00:00,0.00010344352
2031-07-11 12:00:00,8.3731386e-05
2031-07-12 12:00:00,0.00031792608
2031-07-13 12:00:00,0.000130932
2031-07-14 12:00:00,2.278651e-05
2031-07-15 12:00:00,0.00012216101
2031-07-16 12:00:00,4.557302e-05
2031-07-17 12:00:00,9.6933094e-05
2031-07-18 12:00:00,5.063669e-06
2031-07-19 12:00:00,1.4558048e-05
2031-07-20 12:00:00,6.6912767e-06
2031-07-21 12:00:00,7.3242354e-06
2031-07-22 12:00:00,1.699946e-05
2031-07-23 12:00:00,1.6637769e-05
2031-07-24 12:00:00,7.414658e-05
2031-07-25 12:00:00,9.223111e-06
2031-07-26 12:00:00,7.6678414e-05
2031-07-27 12:00:00,1.5733543e-05
2031-07-28 12:00:00,2.8392715e-05
2031-07-29 12:00:00,3.6530753e-05
2031-07-30 12:00:00,9.584802e-06
2031-08-01 12:00:00,0.0001607715
2031-08-02 12:00:00,6.9444606e-05
2031-08-03 12:00:00,7.016798e-05
2031-08-04 12:00:00,1.5462274e-05
2031-08-05 12:00:00,4.4307103e-06
2031-08-06 12:00:00,0.00013509145
2031-08-07 12:00:00,8.3550534e-05
2031-08-08 12:00:00,6.854038e-05
2031-08-09 12:00:00,2.586088e-05
2031-08-10 12:00:00,1.3563399e-06
2031-08-11 12:00:00,1.1393255e-05
2031-08-12 12:00:00,4.512091e-05
2031-08-13 12:00:00,1.3653822e-05
2031-08-14 12:00:00,9.123646e-05
2031-08-15 12:00:00,9.440126e-05
2031-08-16 12:00:00,7.577419e-05
2031-08-17 12:00:00,7.306151e-05
2031-08-18 12:00:00,0.00018717491
2031-08-19 12:00:00,7.5231656e-05
2031-08-20 12:00:00,2.5680036e-05
2031-08-21 12:00:00,4.322203e-05
2031-08-22 12:00:00,3.6169064e-07
2031-08-23 12:00:00,1.0760296e-05
2031-08-24 12:00:00,2.9839478e-06
2031-08-25 12:00:00,1.9892985e-05
2031-08-26 12:00:00,0.0
2031-08-27 12:00:00,0.0
2031-08-28 12:00:00,1.1302833e-05
2031-08-29 12:00:00,5.78705e-06
2031-08-30 12:00:00,2.2696087e-05
2031-09-01 12:00:00,3.6169064e-07
2031-09-02 12:00:00,5.7689656e-05
2031-09-03 12:00:00,6.058318e-05
2031-09-04 12:00:00,7.2247705e-05
2031-09-05 12:00:00,6.5466e-05
2031-09-06 12:00:00,2.3690736e-05
2031-09-07 12:00:00,1.7180305e-06
2031-09-08 12:00:00,4.1051888e-05
2031-09-09 12:00:00,2.71268e-07
2031-09-10 12:00:00,0.0
2031-09-11 12:00:00,2.71268e-07
2031-09-12 12:00:00,4.6658093e-05
2031-09-13 12:00:00,7.107221e-05
2031-09-14 12:00:00,6.3295863e-07
2031-09-15 12:00:00,2.3509892e-06
2031-09-16 12:00:00,3.3456383e-06
2031-09-17 12:00:00,1.8988759e-06
2031-09-18 12:00:00,2.8031025e-06
2031-09-19 12:00:00,8.047617e-06
2031-09-20 12:00:00,0.0
2031-09-21 12:00:00,0.0
2031-09-22 12:00:00,3.6169064e-07
2031-09-23 12:00:00,4.340288e-06
2031-09-24 12:00:00,1.4467626e-06
2031-09-25 12:00:00,0.0
2031-09-26 12:00:00,0.0
2031-09-27 12:00:00,2.71268e-07
2031-09-28 12:00:00,6.5375585e-05
2031-09-29 12:00:00,1.9892985e-05
2031-09-30 12:00:00,1.4467626e-06
2031-10-01 12:00:00,0.0
2031-10-02 12:00:00,9.042266e-08
2031-10-03 12:00:00,6.5104314e-06
2031-10-04 12:00:00,7.5955036e-06
2031-10-05 12:00:00,2.71268e-07
2031-10-06 12:00:00,1.7180305e-06
2031-10-07 12:00:00,2.893525e-06
2031-10-08 12:00:00,1.4467626e-06
2031-10-09 12:00:00,3.5264836e-06
2031-10-10 12:00:00,4.0690197e-06
2031-10-11 12:00:00,0.0
2031-10-12 12:00:00,0.0
2031-10-13 12:00:00,1.8084532e-07
2031-10-14 12:00:00,5.877473e-06
2031-10-15 12:00:00,5.606205e-06
2031-10-16 12:00:00,4.9009082e-05
2031-10-17 12:00:00,0.00013111286
2031-10-18 12:00:00,1.392509e-05
2031-10-19 12:00:00,4.4216682e-05
2031-10-20 12:00:00,5.3349368e-06
2031-10-21 12:00:00,2.179186e-05
2031-10-22 12:00:00,4.159442e-06
2031-10-23 12:00:00,4.286034e-05
2031-10-24 12:00:00,0.0001799411
2031-10-25 12:00:00,3.7977516e-05
2031-10-26 12:00:00,7.0620095e-05
2031-10-27 12:00:00,0.00013834667
2031-10-28 12:00:00,0.00015091542
2031-10-29 12:00:00,3.9605125e-05
2031-10-30 12:00:00,6.193952e-05
2031-11-01 12:00:00,5.4615288e-05
2031-11-02 12:00:00,2.3690736e-05
2031-11-03 12:00:00,1.3653822e-05
2031-11-04 12:00:00,0.00015697374
2031-11-05 12:00:00,1.8988758e-05
2031-11-06 12:00:00,3.3456385e-05
2031-11-07 12:00:00,1.2026214e-05
2031-11-08 12:00:00,0.00012496412
2031-11-09 12:00:00,1.5462274e-05
2031-11-10 12:00:00,7.5050807e-06
2031-11-11 12:00:00,4.5211328e-07
2031-11-12 12:00:00,0.00032181424
2031-11-13 12:00:00,2.785018e-05
2031-11-14 12:00:00,2.3509892e-06
2031-11-15 12:00:00,8.138039e-07
2031-11-16 12:00:00,0.0
2031-11-17 12:00:00,0.0
2031-11-18 12:00:00,9.946492e-07
2031-11-19 12:00:00,2.2605666e-06
2031-11-20 12:00:00,2.079721e-06
2031-11-21 12:00:00,2.3509892e-06
2031-11-22 12:00:00,9.0422657e-07
2031-11-23 12:00:00,3.6169064e-07
2031-11-24 12:00:00,0.0
2031-11-25 12:00:00,1.8084532e-07
2031-11-26 12:00:00,9.042266e-08
2031-11-27 12:00:00,0.0
2031-11-28 12:00:00,0.0
2031-11-29 12:00:00,0.0
2031-11-30 12:00:00,2.6041726e-05
2031-12-01 12:00:00,1.0036915e-05
2031-12-02 12:00:00,3.6892445e-05
2031-12-03 12:00:00,8.138039e-06
2031-12-04 12:00:00,2.242482e-05
2031-12-05 12:00:00,2.8483139e-05
2031-12-06 12:00:00,9.494379e-06
2031-12-07 12:00:00,0.00013002778
2031-12-08 12:00:00,6.121614e-05
2031-12-09 12:00:00,0.000121347206
2031-12-10 12:00:00,7.957194e-06
2031-12-11 12:00:00,6.2662904e-05
2031-12-12 12:00:00,8.2194194e-05
2031-12-13 12:00:00,1.8084532e-07
2031-12-14 12:00:00,0.0001061562
2031-12-15 12:00:00,8.156124e-05
2031-12-16 12:00:00,5.7689656e-05
2031-12-17 12:00:00,4.973246e-05
2031-12-18 12:00:00,2.5318345e-06
2031-12-19 12:00:00,1.8084532e-07
2031-12-20 12:00:00,9.223111e-06
2031-12-21 12:00:00,0.00021032311
2031-12-22 12:00:00,0.00012207059
2031-12-23 12:00:00,4.249865e-06
2031-12-24 12:00:00,1.32017085e-05
2031-12-25 12:00:00,0.00013599568
2031-12-26 12:00:00,2.893525e-05
2031-12-27 12:00:00,3.8881744e-06
2031-12-28 12:00:00,1.8084532e-07
2031-12-29 12:00:00,0.00018581857
2031-12-30 12:00:00,9.3949144e-05
2032-01-01 12:00:00,1.15741e-05
2032-01-02 12:00:00,8.933759e-05
2032-01-03 12:00:00,0.00014060724
2032-01-04 12:00:00,0.00013572442
2032-01-05 12:00:00,3.4812725e-05
2032-01-06 12:00:00,8.4906875e-05
2032-01-07 12:00:00,6.420009e-05
2032-01-08 12:00:00,5.50674e-05
2032-01-09 12:00:00,0.0001592343
2032-01-10 12:00:00,1.4196357e-05
2032-01-11 12:00:00,1.2478327e-05
2032-01-12 12:00:00,7.5955036e-06
2032-01-13 12:00:00,1.6095233e-05
2032-01-14 12:00:00,4.8104856e-05
2032-01-15 12:00:00,1.7180305e-06
2032-01-16 12:00:00,3.6169064e-07
2032-01-17 12:00:00,4.62964e-05
2032-01-18 12:00:00,1.9892984e-06
2032-01-19 12:00:00,0.0
2032-01-20 12:00:00,9.042266e-08
2032-01-21 12:00:00,6.5104314e-06
2032-01-22 12:00:00,0.00012821933
2032-01-23 12:00:00,5.2806834e-05
2032-01-24 12:00:00,3.5174413e-05
2032-01-25 12:00:00,2.3509892e-06
2032-01-26 12:00:00,1.8988759e-06
2032-01-27 12:00:00,6.6008542e-06
2032-01-28 12:00:00,1.0850719e-05
2032-01-29 12:00:00,1.4467625e-05
2032-01-30 12:00:00,0.0
2032-02-01 12:00:00,1.4467625e-05
2032-02-02 12:00:00,3.5988218e-05
2032-02-03 12:00:00,7.0529672e-06
2032-02-04 12:00:00,0.00012460242
2032-02-05 12:00:00,2.2063128e-05
2032-02-06 12:00:00,1.0308183e-05
2032-02-07 12:00:00,2.0978057e-05
2032-02-08 12:00:00,1.32017085e-05
2032-02-09 12:00:00,8.680576e-06
2032-02-10 12:00:00,9.584802e-06
2032-02-11 12:00:00,2.4414117e-05
2032-02-12 12:00:00,2.170144e-06
2032-02-13 12:00:00,8.409307e-06
2032-02-14 12:00:00,2.71268e-07
2032-02-15 12:00:00,0.0
2032-02-16 12:00:00,0.0
2032-02-17 12:00:00,0.0
2032-02-18 12:00:00,0.0
2032-02-19 12:00:00,0.0
2032-02-20 12:00:00,0.0
2032-02-21 12:00:00,0.0
2032-02-22 12:00:00,1.0308183e-05
2032-02-23 12:00:00,1.6637769e-05
2032-02-24 12:00:00,2.1520593e-05
2032-02-25 12:00:00,4.249865e-05
2032-02-26 12:00:00,9.620971e-05
2032-02-27 12:00:00,3.9966817e-05
2032-02-28 12:00:00,5.099838e-05
2032-02-29 12:00:00,1.6637769e-05
2032-02-30 12:00:00,5.823219e-05
2032-03-01 12:00:00,1.1664523e-05
2032-03-02 12:00:00,7.893898e-05
2032-03-03 12:00:00,2.6041726e-05
2032-03-04 12:00:00,8.9518435e-06
2032-03-05 12:00:00,9.8560695e-06
2032-03-06 12:00:00,2.893525e-06
2032-03-07 12:00:00,3.8520055e-05
2032-03-08 12:00:00,6.329586e-06
2032-03-09 12:00:00,1.2659173e-06
2032-03-10 12:00:00,0.00014232527
2032-03-11 12:00:00,5.0094153e-05
2032-03-12 12:00:00,1.8988759e-06
2032-03-13 12:00:00,2.3509892e-05
2032-03-14 12:00:00,3.029159e-05
2032-03-15 12:00:00,1.6276078e-06
2032-03-16 12:00:00,5.9678955e-06
2032-03-17 12:00:00,3.6169064e-07
2032-03-18 12:00:00,2.0435522e-05
2032-03-19 12:00:00,5.063669e-06
2032-03-20 12:00:00,2.5227922e-05
2032-03-21 12:00:00,6.691277e-05
2032-03-22 12:00:00,5.78705e-06
2032-03-23 12:00:00,2.4685387e-05
2032-03-24 12:00:00,2.4414119e-06
2032-03-25 12:00:00,9.042266e-08
2032-03-26 12:00:00,9.042266e-08
2032-03-27 12:00:00,0.0
2032-03-28 12:00:00,0.0
2032-03-29 12:00:00,0.0
2032-03-30 12:00:00,0.0
2032-04-01 12:00:00,0.0
2032-04-02 12:00:00,0.0
2032-04-03 12:00:00,0.0
2032-04-04 12:00:00,4.159442e-06
2032-04-05 12:00:00,8.9518435e-06
2032-04-06 12:00:00,1.0127338e-05
2032-04-07 12:00:00,3.3456383e-06
2032-04-08 12:00:00,0.0001121241
2032-04-09 12:00:00,1.085072e-06
2032-04-10 12:00:00,1.8988759e-06
2032-04-11 12:00:00,0.0
2032-04-12 12:00:00,0.0
2032-04-13 12:00:00,4.3945412e-05
2032-04-14 12:00:00,2.71268e-07
2032-04-15 12:00:00,9.223111e-06
2032-04-16 12:00:00,0.00011854411
2032-04-17 12:00:00,4.322203e-05
2032-04-18 12:00:00,8.047617e-06
2032-04-19 12:00:00,0.00014612301
2032-04-20 12:00:00,5.4976976e-05
2032-04-21 12:00:00,0.00023401385
2032-04-22 12:00:00,0.0
2032-04-23 12:00:00,0.0
2032-04-24 12:00:00,0.000121889745
2032-04-25 12:00:00,1.8084532e-07
2032-04-26 12:00:00,2.6041726e-05
2032-04-27 12:00:00,1.8084532e-07
2032-04-28 12:00:00,0.0
2032-04-29 12:00:00,0.0
2032-04-30 12:00:00,0.0
2032-05-01 12:00:00,1.8988759e-06
2032-05-02 12:00:00,7.776349e-06
2032-05-03 12:00:00,2.71268e-07
2032-05-04 12:00:00,1.0308183e-05
2032-05-05 12:00:00,4.6115556e-06
2032-05-06 12:00:00,0.0
2032-05-07 12:00:00,0.0
2032-05-08 12:00:00,3.2552157e-06
2032-05-09 12:00:00,1.1754946e-06
2032-05-10 12:00:00,2.3509892e-06
2032-05-11 12:00:00,1.1754946e-06
2032-05-12 12:00:00,1.6909038e-05
2032-05-13 12:00:00,2.5318345e-06
2032-05-14 12:00:00,5.2806834e-05
2032-05-15 12:00:00,2.9477787e-05
2032-05-16 12:00:00,5.4253596e-05
2032-05-17 12:00:00,5.606205e-06
2032-05-18 12:00:00,0.00020797212
2032-05-19 12:00:00,5.1902607e-05
2032-05-20 12:00:00,2.71268e-07
2032-05-21 12:00:00,2.2515242e-05
2032-05-22 12:00:00,3.5264836e-06
2032-05-23 12:00:00,0.0
2032-05-24 12:00:00,4.7471895e-05
2032-05-25 12:00:00,1.6276078e-06
2032-05-26 12:00:00,2.5318345e-06
2032-05-27 12:00:00,3.7977518e-06
2032-05-28 12:00:00,0.0
2032-05-29 12:00:00,1.6095233e-05
2032-05-30 12:00:00,8.138039e-06
2032-06-01 12:00:00,0.0
2032-06-02 12:00:00,0.0
2032-06-03 12:00:00,0.0
2032-06-04 12:00:00,0.0
2032-06-05 12:00:00,0.0
2032-06-06 12:00:00,0.0
2032-06-07 12:00:00,0.0
2032-06-08 12:00:00,0.0
2032-06-09 12:00:00,3.7977518e-06
2032-06-10 12:00:00,0.0
2032-06-11 12:00:00,0.0
2032-06-12 12:00:00,1.8084532e-07
2032-06-13 12:00:00,9.0422657e-07
2032-06-14 12:00:00,1.8084532e-07
2032-06-15 12:00:00,8.138039e-07
2032-06-16 12:00:00,9.042266e-08
2032-06-17 12:00:00,0.0
2032-06-18 12:00:00,9.0422657e-07
2032-06-19 12:00:00,0.0
2032-06-20 12:00:00,1.5100584e-05
2032-06-21 12:00:00,0.0
2032-06-22 12:00:00,0.0
2032-06-23 12:00:00,0.0
2032-06-24 12:00:00,0.0
2032-06-25 12:00:00,2.2605666e-06
2032-06-26 12:00:00,0.00012125679
2032-06-27 12:00:00,9.051308e-05
2032-06-28 12:00:00,3.644033e-05
2032-06-29 12:00:00,4.656767e-05
2032-06-30 12:00:00,0.00010841677
2032-07-01 12:00:00,3.3456383e-06
2032-07-02 12:00:00,4.792401e-06
2032-07-03 12:00:00,1.8084532e-07
2032-07-04 12:00:00,0.0
2032-07-05 12:00:00,1.6276078e-06
2032-07-06 12:00:00,5.42536e-07
2032-07-07 12:00:00,3.436061e-06
2032-07-08 12:00:00,0.0
2032-07-09 12:00:00,0.0
2032-07-10 12:00:00,0.0
2032-07-11 12:00:00,0.0
2032-07-12 12:00:00,2.143017e-05
2032-07-13 12:00:00,9.042266e-08
2032-07-14 12:00:00,0.0
2032-07-15 12:00:00,0.0
2032-07-16 12:00:00,4.7019785e-06
2032-07-17 12:00:00,4.7471895e-05
2032-07-18 12:00:00,0.000115831426
2032-07-19 12:00:00,0.0002242482
2032-07-20 12:00:00,5.42536e-07
2032-07-21 12:00:00,2.486623e-05
2032-07-22 12:00:00,4.8828238e-06
2032-07-23 12:00:00,1.23879045e-05
2032-07-24 12:00:00,5.9588532e-05
2032-07-25 12:00:00,6.600854e-05
2032-07-26 12:00:00,1.0850719e-05
2032-07-27 12:00:00,2.2334398e-05
2032-07-28 12:00:00,3.9333856e-05
2032-07-29 12:00:00,8.49973e-06
2032-07-30 12:00:00,3.0743704e-06
2032-08-01 12:00:00,3.19192e-05
2032-08-02 12:00:00,2.685553e-05
2032-08-03 12:00:00,0.00012586835
2032-08-04 12:00:00,7.8034755e-05
2032-08-05 12:00:00,1.3020863e-05
2032-08-06 12:00:00,0.0002597843
2032-08-07 12:00:00,8.3460116e-05
2032-08-08 12:00:00,9.684267e-05
2032-08-09 12:00:00,8.8433364e-05
2032-08-10 12:00:00,0.00016791488
2032-08-11 12:00:00,0.0001759625
2032-08-12 12:00:00,0.00011646438
2032-08-13 12:00:00,2.2515242e-05
2032-08-14 12:00:00,4.1775267e-05
2032-08-15 12:00:00,2.5047077e-05
2032-08-16 12:00:00,5.7599234e-05
2032-08-17 12:00:00,6.1849096e-05
2032-08-18 12:00:00,6.456178e-05
2032-08-19 12:00:00,3.399892e-05
2032-08-20 12:00:00,5.42536e-07
2032-08-21 12:00:00,3.6169064e-07
2032-08-22 12:00:00,3.5807374e-05
2032-08-23 12:00:00,3.436061e-06
2032-08-24 12:00:00,0.00013237877
2032-08-25 12:00:00,2.7126798e-06
2032-08-26 12:00:00,9.729478e-05
2032-08-27 12:00:00,0.0
2032-08-28 12:00:00,0.0
2032-08-29 12:00:00,1.4648471e-05
2032-08-30 12:00:00,1.8988758e-05
2032-09-01 12:00:00,9.0422657e-07
2032-09-02 12:00:00,2.71268e-07
2032-09-03 12:00:00,9.042266e-08
2032-09-04 12:00:00,2.079721e-06
2032-09-05 12:00:00,9.946492e-07
2032-09-06 12:00:00,3.6169064e-07
2032-09-07 12:00:00,5.42536e-07
2032-09-08 12:00:00,9.584802e-06
2032-09-09 12:00:00,7.957194e-06
2032-09-10 12:00:00,1.8988759e-06
2032-09-11 12:00:00,3.7977518e-06
2032-09-12 12:00:00,1.4196357e-05
2032-09-13 12:00:00,9.946492e-07
2032-09-14 12:00:00,8.680576e-06
2032-09-15 12:00:00,3.3456383e-06
2032-09-16 12:00:00,3.2552157e-06
2032-09-17 12:00:00,4.159442e-06
2032-09-18 12:00:00,0.0
2032-09-19 12:00:00,9.042266e-08
2032-09-20 12:00:00,0.0
2032-09-21 12:00:00,0.0
2032-09-22 12:00:00,0.0
2032-09-23 12:00:00,9.0422657e-07
2032-09-24 12:00:00,4.5211328e-07
2032-09-25 12:00:00,3.6169064e-07
2032-09-26 12:00:00,7.2790244e-05
2032-09-27 12:00:00,3.7073291e-06
2032-09-28 12:00:00,1.4467626e-06
2032-09-29 12:00:00,1.1754946e-06
2032-09-30 12:00:00,8.138039e-07
2032-10-01 12:00:00,0.0
2032-10-02 12:00:00,3.436061e-06
2032-10-03 12:00:00,3.6169063e-06
2032-10-04 12:00:00,0.0003515633
2032-10-05 12:00:00,4.322203e-05
2032-10-06 12:00:00,1.3382553e-05
2032-10-07 12:00:00,2.9477787e-05
2032-10-08 12:00:00,0.00011791115
2032-10-09 12:00:00,0.00013038948
2032-10-10 12:00:00,0.00010941142
2032-10-11 12:00:00,1.935045e-05
2032-10-12 12:00:00,4.1956115e-05
2032-10-13 12:00:00,7.776349e-06
2032-10-14 12:00:00,3.128624e-05
2032-10-15 12:00:00,2.8302293e-05
2032-10-16 12:00:00,3.2190466e-05
2032-10-17 12:00:00,0.0001248737
2032-10-18 12:00:00,1.4738894e-05
2032-10-19 12:00:00,0.0
2032-10-20 12:00:00,9.042266e-08
2032-10-21 12:00:00,1.7903687e-05
2032-10-22 12:00:00,8.716744e-05
2032-10-23 12:00:00,1.8084532e-07
2032-10-24 12:00:00,3.6169064e-07
2032-10-25 12:00:00,5.0455845e-05
2032-10-26 12:00:00,3.5445682e-05
2032-10-27 12:00:00,0.0
2032-10-28 12:00:00,2.893525e-06
2032-10-29 12:00:00,2.586088e-05
2032-10-30 12:00:00,5.2806834e-05
2032-11-01 12:00:00,1.8084532e-07
2032-11-02 12:00:00,2.71268e-07
2032-11-03 12:00:00,8.590153e-06
2032-11-04 12:00:00,7.080094e-05
2032-11-05 12:00:00,1.6547347e-05
2032-11-06 12:00:00,2.9658633e-05
2032-11-07 12:00:00,0.00011628354
2032-11-08 12:00:00,1.4558048e-05
2032-11-09 12:00:00,7.749222e-05
2032-11-10 12:00:00,9.304492e-05
2032-11-11 12:00:00,9.7746895e-05
2032-11-12 12:00:00,0.00024956654
2032-11-13 12:00:00,0.00015154837
2032-11-14 12:00:00,0.000102177604
2032-11-15 12:00:00,3.779667e-05
2032-11-16 12:00:00,3.2009622e-05
2032-11-17 12:00:00,3.2190466e-05
2032-11-18 12:00:00,2.0616366e-05
2032-11-19 12:00:00,4.82857e-05
2032-11-20 12:00:00,0.00012496412
2032-11-21 12:00:00,1.1664523e-05
2032-11-22 12:00:00,1.8084532e-07
2032-11-23 12:00:00,0.00011763988
2032-11-24 12:00:00,6.2934174e-05
2032-11-25 12:00:00,0.00012722469
2032-11-26 12:00:00,0.00011863453
2032-11-27 12:00:00,1.4648471e-05
2032-11-28 12:00:00,6.2120365e-05
2032-11-29 12:00:00,1.6547347e-05
2032-11-30 12:00:00,0.00016122361
2032-12-01 12:00:00,5.3168525e-05
2032-12-02 12:00:00,2.2243974e-05
2032-12-03 12:00:00,2.9116096e-05
2032-12-04 12:00:00,4.8466547e-05
2032-12-05 12:00:00,3.8339207e-05
2032-12-06 12:00:00,0.00019802562
2032-12-07 12:00:00,0.00028519306
2032-12-08 12:00:00,0.00013391596
2032-12-09 12:00:00,3.87009e-05
2032-12-10 12:00:00,3.4722303e-05
2032-12-11 12:00:00,5.30781e-05
2032-12-12 12:00:00,0.0
2032-12-13 12:00:00,7.902941e-05
2032-12-14 12:00:00,5.6242894e-05
2032-12-15 12:00:00,2.4956655e-05
2032-12-16 12:00:00,1.4829317e-05
2032-12-17 12:00:00,5.099838e-05
2032-12-18 12:00:00,0.0
2032-12-19 12:00:00,0.0
2032-12-20 12:00:00,1.8084532e-07
2032-12-21 12:00:00,0.0
2032-12-22 12:00:00,0.0
2032-12-23 12:00:00,9.042266e-08
2032-12-24 12:00:00,2.6222572e-06
2032-12-25 12:00:00,2.2605666e-06
2032-12-26 12:00:00,2.170144e-06
2032-12-27 12:00:00,9.042266e-08
2032-12-28 12:00:00,5.8051348e-05
2032-12-29 12:00:00,8.336969e-05
2032-12-30 12:00:00,1.6909038e-05
2033-01-01 12:00:00,1.7451574e-05
2033-01-02 12:00:00,2.486623e-05
2033-01-03 12:00:00,5.8955575e-05
2033-01-04 12:00:00,7.1976436e-05
2033-01-05 12:00:00,8.318884e-06
2033-01-06 12:00:00,2.4414119e-06
2033-01-07 12:00:00,4.3312455e-05
2033-01-08 12:00:00,7.957194e-06
2033-01-09 12:00:00,4.6115556e-06
2033-01-10 12:00:00,0.00025399725
2033-01-11 12:00:00,9.711394e-05
2033-01-12 12:00:00,5.78705e-06
2033-01-13 12:00:00,8.770998e-06
2033-01-14 12:00:00,1.763242e-05
2033-01-15 12:00:00,8.807167e-05
2033-01-16 12:00:00,9.223111e-06
2033-01-17 12:00:00,7.5050804e-05
2033-01-18 12:00:00,4.0690196e-05
2033-01-19 12:00:00,1.8084531e-06
2033-01-20 12:00:00,2.3329047e-05
2033-01-21 12:00:00,0.00016547347
2033-01-22 12:00:00,5.072711e-05
2033-01-23 12:00:00,5.8051348e-05
2033-01-24 12:00:00,1.0489029e-05
2033-01-25 12:00:00,5.1902607e-05
2033-01-26 12:00:00,2.1249325e-05
2033-01-27 12:00:00,0.00013689991
2033-01-28 12:00:00,0.00015263345
2033-01-29 12:00:00,9.8018165e-05
2033-01-30 12:00:00,3.7615828e-05
2033-02-01 12:00:00,3.6530753e-05
2033-02-02 12:00:00,1.7813263e-05
2033-02-03 12:00:00,4.457837e-05
2033-02-04 12:00:00,0.00010018831
2033-02-05 12:00:00,0.0001372616
2033-02-06 12:00:00,1.2840018e-05
2033-02-07 12:00:00,9.422041e-05
2033-02-08 12:00:00,7.324236e-05
2033-02-09 12:00:00,5.9317266e-05
2033-02-10 12:00:00,1.1393255e-05
2033-02-11 12:00:00,4.4668795e-05
2033-02-12 12:00:00,6.872122e-06
2033-02-13 12:00:00,7.8848556e-05
2033-02-14 12:00:00,3.4722303e-05
2033-02-15 12:00:00,4.1051888e-05
2033-02-16 12:00:00,1.6095233e-05
2033-02-17 12:00:00,2.079721e-06
2033-02-18 12:00:00,0.0
2033-02-19 12:00:00,0.0
2033-02-20 12:00:00,0.0
2033-02-21 12:00:00,2.71268e-07
2033-02-22 12:00:00,8.138039e-07
2033-02-23 12:00:00,0.0
2033-02-24 12:00:00,0.0
2033-02-25 12:00:00,0.0
2033-02-26 12:00:00,0.0
2033-02-27 12:00:00,3.0743704e-06
2033-02-28 12:00:00,5.4253596e-05
2033-02-29 12:00:00,8.138039e-07
2033-02-30 12:00:00,1.06698735e-05
2033-03-01 12:00:00,0.00014051682
2033-03-02 12:00:00,9.620971e-05
2033-03-03 12:00:00,8.3731386e-05
2033-03-04 12:00:00,0.00017361151
2033-03-05 12:00:00,3.4903147e-05
2033-03-06 12:00:00,7.4146583e-06
2033-03-07 12:00:00,1.564312e-05
2033-03-08 12:00:00,5.515782e-06
2033-03-09 12:00:00,2.4414119e-06
2033-03-10 12:00:00,4.5211328e-07
2033-03-11 12:00:00,1.4467626e-06
2033-03-12 12:00:00,3.2552157e-06
2033-03-13 12:00:00,2.71268e-07
2033-03-14 12:00:00,0.0
2033-03-15 12:00:00,9.042266e-08
2033-03-16 12:00:00,0.0
2033-03-17 12:00:00,1.15741e-05
2033-03-18 12:00:00,3.3456383e-06
2033-03-19 12:00:00,0.0
2033-03-20 12:00:00,0.00018500476
2033-03-21 12:00:00,0.00013943174
2033-03-22 12:00:00,1.4738894e-05
2033-03-23 12:00:00,5.3258947e-05
2033-03-24 12:00:00,1.3382553e-05
2033-03-25 12:00:00,9.792774e-05
2033-03-26 12:00:00,1.7089882e-05
2033-03-27 12:00:00,1.935045e-05
2033-03-28 12:00:00,1.7270728e-05
2033-03-29 12:00:00,3.87009e-05
2033-03-30 12:00:00,9.042266e-06
2033-04-01 12:00:00,1.3744244e-05
2033-04-02 12:00:00,1.1302833e-05
2033-04-03 12:00:00,3.2552157e-06
2033-04-04 12:00:00,4.1775267e-05
2033-04-05 12:00:00,1.3472976e-05
2033-04-06 12:00:00,0.00013870836
2033-04-07 12:00:00,5.4253596e-06
2033-04-08 12:00:00,2.9658633e-05
2033-04-09 12:00:00,1.3472976e-05
2033-04-10 12:00:00,9.0422657e-07
2033-04-11 12:00:00,6.0583184e-06
2033-04-12 12:00:00,6.6912767e-06
2033-04-13 12:00:00,7.233813e-07
2033-04-14 12:00:00,3.3275537e-05
2033-04-15 12:00:00,2.1882284e-05
2033-04-16 12:00:00,0.0
2033-04-17 12:00:00,3.6530753e-05
2033-04-18 12:00:00,1.7541995e-05
2033-04-19 12:00:00,5.78705e-06
2033-04-20 12:00:00,7.233813e-07
2033-04-21 12:00:00,5.099838e-05
2033-04-22 12:00:00,4.7019785e-06
2033-04-23 12:00:00,0.00015353768
2033-04-24 12:00:00,1.8084532e-07
2033-04-25 12:00:00,1.8084532e-07
2033-04-26 12:00:00,1.8084532e-07
2033-04-27 12:00:00,0.0
2033-04-28 12:00:00,0.0
2033-04-29 12:00:00,0.0
2033-04-30 12:00:00,0.0
2033-05-01 12:00:00,4.249865e-06
2033-05-02 12:00:00,3.4812725e-05
2033-05-03 12:00:00,2.1158903e-05
2033-05-04 12:00:00,1.6276078e-06
2033-05-05 12:00:00,1.7722841e-05
2033-05-06 12:00:00,0.00012595876
2033-05-07 12:00:00,3.3908498e-05
2033-05-08 12:00:00,3.19192e-05
2033-05-09 12:00:00,3.8881744e-06
2033-05-10 12:00:00,0.0
2033-05-11 12:00:00,1.8084532e-07
2033-05-12 12:00:00,0.00010235845
2033-05-13 12:00:00,0.0
2033-05-14 12:00:00,0.0
2033-05-15 12:00:00,0.0
2033-05-16 12:00:00,0.0
2033-05-17 12:00:00,0.0
2033-05-18 12:00:00,1.7180305e-06
2033-05-19 12:00:00,0.000100821264
2033-05-20 12:00:00,4.1323154e-05
2033-05-21 12:00:00,2.0978057e-05
2033-05-22 12:00:00,2.4414119e-06
2033-05-23 12:00:00,1.1935791e-05
2033-05-24 12:00:00,1.06698735e-05
2033-05-25 12:00:00,1.1031564e-05
2033-05-26 12:00:00,1.2659172e-05
2033-05-27 12:00:00,0.0
2033-05-28 12:00:00,9.042266e-08
2033-05-29 12:00:00,0.0
2033-05-30 12:00:00,2.71268e-07
2033-06-01 12:00:00,0.0
2033-06-02 12:00:00,0.0
2033-06-03 12:00:00,1.085072e-06
2033-06-04 12:00:00,2.6222572e-06
2033-06-05 12:00:00,0.0
2033-06-06 12:00:00,0.0
2033-06-07 12:00:00,9.042266e-08
2033-06-08 12:00:00,0.0
2033-06-09 12:00:00,0.0
2033-06-10 12:00:00,0.00010914015
2033-06-11 12:00:00,5.0546267e-05
2033-06-12 12:00:00,3.5264836e-06
2033-06-13 12:00:00,1.5010161e-05
2033-06-14 12:00:00,4.5211328e-07
2033-06-15 12:00:00,8.138039e-07
2033-06-16 12:00:00,0.00055356754
2033-06-17 12:00:00,3.2552157e-06
2033-06-18 12:00:00,3.6169064e-07
2033-06-19 12:00:00,2.893525e-06
2033-06-20 12:00:00,1.8988759e-06
2033-06-21 12:00:00,9.042266e-08
2033-06-22 12:00:00,0.0
2033-06-23 12:00:00,0.0
2033-06-24 12:00:00,2.6041726e-05
2033-06-25 12:00:00,8.138039e-07
2033-06-26 12:00:00,4.792401e-06
2033-06-27 12:00:00,7.233813e-07
2033-06-28 12:00:00,2.71268e-07
2033-06-29 12:00:00,8.409307e-06
2033-06-30 12:00:00,6.7816995e-06
2033-07-01 12:00:00,1.4467626e-06
2033-07-02 12:00:00,5.42536e-07
2033-07-03 12:00:00,0.0001233365
2033-07-04 12:00:00,3.264258e-05
2033-07-05 12:00:00,3.3456383e-06
2033-07-06 12:00:00,1.8988759e-06
2033-07-07 12:00:00,1.7180305e-06
2033-07-08 12:00:00,2.785018e-05
2033-07-09 12:00:00,6.6008542e-06
2033-07-10 12:00:00,9.042266e-06
2033-07-11 12:00:00,1.0489029e-05
2033-07-12 12:00:00,1.5371852e-06
2033-07-13 12:00:00,3.399892e-05
2033-07-14 12:00:00,3.436061e-06
2033-07-15 12:00:00,0.00013102243
2033-07-16 12:00:00,6.0311915e-05
2033-07-17 12:00:00,1.4467625e-05
2033-07-18 12:00:00,7.468912e-05
2033-07-19 12:00:00,6.709361e-05
2033-07-20 12:00:00,3.399892e-05
2033-07-21 12:00:00,1.0489029e-05
2033-07-22 12:00:00,7.957194e-06
2033-07-23 12:00:00,6.627981e-05
2033-07-24 12:00:00,5.9678955e-06
2033-07-25 12:00:00,0.0
2033-07-26 12:00:00,0.0
2033-07-27 12:00:00,4.457837e-05
2033-07-28 12:00:00,0.00011836326
2033-07-29 12:00:00,4.8014434e-05
2033-07-30 12:00:00,3.499357e-05
2033-08-01 12:00:00,8.41835e-05
2033-08-02 12:00:00,7.288066e-05
2033-08-03 12:00:00,4.5211328e-07
2033-08-04 12:00:00,0.00010959226
2033-08-05 12:00:00,9.0332236e-05
2033-08-06 12:00:00,3.1195817e-05
2033-08-07 12:00:00,2.1339747e-05
2033-08-08 12:00:00,1.8627068e-05
2033-08-09 12:00:00,1.7903687e-05
2033-08-10 12:00:00,3.634991e-05
2033-08-11 12:00:00,8.282716e-05
2033-08-12 12:00:00,2.9296942e-05
2033-08-13 12:00:00,0.00011483678
2033-08-14 12:00:00,2.785018e-05
2033-08-15 12:00:00,3.67116e-05
2033-08-16 12:00:00,3.2552158e-05
2033-08-17 12:00:00,1.3472976e-05
2033-08-18 12:00:00,3.8881744e-06
2033-08-19 12:00:00,0.00026168316
2033-08-20 12:00:00,7.233813e-07
2033-08-21 12:00:00,0.0
2033-08-22 12:00:00,0.0
2033-08-23 12:00:00,0.0
2033-08-24 12:00:00,0.0
2033-08-25 12:00:00,4.8828238e-06
2033-08-26 12:00:00,2.4956655e-05
2033-08-27 12:00:00,3.6169063e-06
2033-08-28 12:00:00,1.8084532e-07
2033-08-29 12:00:00,1.6276078e-06
2033-08-30 12:00:00,3.978597e-06
2033-09-01 12:00:00,9.0422657e-07
2033-09-02 12:00:00,7.233813e-07
2033-09-03 12:00:00,1.2659173e-06
2033-09-04 12:00:00,0.00013979342
2033-09-05 12:00:00,6.46522e-05
2033-09-06 12:00:00,7.324236e-05
2033-09-07 12:00:00,0.0001600481
2033-09-08 12:00:00,0.00022714172
2033-09-09 12:00:00,0.00010579451
2033-09-10 12:00:00,0.00024115723
2033-09-11 12:00:00,9.024182e-05
2033-09-12 12:00:00,4.8828235e-05
2033-09-13 12:00:00,3.056286e-05
2033-09-14 12:00:00,8.318885e-05
2033-09-15 12:00:00,9.0422657e-07
2033-09-16 12:00:00,2.278651e-05
2033-09-17 12:00:00,2.3690736e-05
2033-09-18 12:00:00,0.00014521879
2033-09-19 12:00:00,4.1775267e-05
2033-09-20 12:00:00,0.00017614334
2033-09-21 12:00:00,0.00012315567
2033-09-22 12:00:00,5.9950224e-05
2033-09-23 12:00:00,7.306151e-05
2033-09-24 12:00:00,3.5536104e-05
2033-09-25 12:00:00,0.00010145422
2033-09-26 12:00:00,4.0509352e-05
2033-09-27 12:00:00,6.74553e-05
2033-09-28 12:00:00,0.0001831963
2033-09-29 12:00:00,4.6115558e-05
2033-09-30 12:00:00,0.0002199079
2033-10-01 12:00:00,0.0
2033-10-02 12:00:00,9.042266e-08
2033-10-03 12:00:00,0.0
2033-10-04 12:00:00,0.00012116636
2033-10-05 12:00:00,2.71268e-07
2033-10-06 12:00:00,4.5211328e-07
2033-10-07 12:00:00,2.0525944e-05
2033-10-08 12:00:00,0.0
2033-10-09 12:00:00,1.8084532e-07
2033-10-10 12:00:00,0.0
2033-10-11 12:00:00,0.0
2033-10-12 12:00:00,0.0
2033-10-13 12:00:00,0.0
2033-10-14 12:00:00,0.0
2033-10-15 12:00:00,9.042266e-08
2033-10-16 12:00:00,9.042266e-08
2033-10-17 12:00:00,2.4414117e-05
2033-10-18 12:00:00,2.170144e-06
2033-10-19 12:00:00,6.881164e-05
2033-10-20 12:00:00,0.0
2033-10-21 12:00:00,0.0
2033-10-22 12:00:00,5.78705e-06
2033-10-23 12:00:00,2.7669334e-05
2033-10-24 12:00:00,1.2840018e-05
2033-10-25 12:00:00,2.893525e-06
2033-10-26 12:00:00,0.0001564312
2033-10-27 12:00:00,7.0891365e-05
2033-10-28 12:00:00,5.2716412e-05
2033-10-29 12:00:00,7.731137e-05
2033-10-30 12:00:00,5.606205e-05
2033-11-01 12:00:00,0.00017071798
2033-11-02 12:00:00,7.4146583e-06
2033-11-03 12:00:00,0.0
2033-11-04 12:00:00,1.8084532e-07
2033-11-05 12:00:00,0.0
2033-11-06 12:00:00,0.0
2033-11-07 12:00:00,2.5318345e-06
2033-11-08 12:00:00,0.0
2033-11-09 12:00:00,4.6115556e-06
2033-11-10 12:00:00,9.602887e-05
2033-11-11 12:00:00,1.8807914e-05
2033-11-12 12:00:00,0.00024251358
2033-11-13 12:00:00,3.8881743e-05
2033-11-14 12:00:00,0.0
2033-11-15 12:00:00,9.042266e-08
2033-11-16 12:00:00,0.0
2033-11-17 12:00:00,3.6169063e-06
2033-11-18 12:00:00,2.170144e-06
2033-11-19 12:00:00,2.5318345e-06
2033-11-20 12:00:00,9.6119285e-05
2033-11-21 12:00:00,0.00012442158
2033-11-22 12:00:00,0.00025815668
2033-11-23 12:00:00,0.00015100584
2033-11-24 12:00:00,9.0693924e-05
2033-11-25 12:00:00,2.0164252e-05
2033-11-26 12:00:00,4.1775267e-05
2033-11-27 12:00:00,0.00012641087
2033-11-28 12:00:00,3.1467087e-05
2033-11-29 12:00:00,0.00017487742
2033-11-30 12:00:00,2.3329047e-05
2033-12-01 12:00:00,2.8211869e-05
2033-12-02 12:00:00,4.557302e-05
2033-12-03 12:00:00,4.8014434e-05
2033-12-04 12:00:00,4.4216682e-05
2033-12-05 12:00:00,8.0747435e-05
2033-12-06 12:00:00,6.447136e-05
2033-12-07 12:00:00,1.0308183e-05
2033-12-08 12:00:00,1.5552698e-05
2033-12-09 12:00:00,1.7180306e-05
2033-12-10 12:00:00,3.978597e-06
2033-12-11 12:00:00,2.71268e-07
2033-12-12 12:00:00,3.3456383e-06
2033-12-13 12:00:00,4.8466547e-05
2033-12-14 12:00:00,1.2659172e-05
2033-12-15 12:00:00,4.521133e-06
2033-12-16 12:00:00,0.0
2033-12-17 12:00:00,1.2297482e-05
2033-12-18 12:00:00,0.0
2033-12-19 12:00:00,2.5318345e-06
2033-12-20 12:00:00,1.2026214e-05
2033-12-21 12:00:00,4.7652742e-05
2033-12-22 12:00:00,4.7019785e-06
2033-12-23 12:00:00,8.49973e-06
2033-12-24 12:00:00,1.3834667e-05
2033-12-25 12:00:00,4.376457e-05
2033-12-26 12:00:00,3.2100044e-05
2033-12-27 12:00:00,2.3871582e-05
2033-12-28 12:00:00,1.5371852e-05
2033-12-29 12:00:00,1.8446222e-05
2033-12-30 12:00:00,2.893525e-06
2034-01-01 12:00:00,0.0
2034-01-02 12:00:00,0.0
2034-01-03 12:00:00,5.42536e-07
2034-01-04 12:00:00,0.0
2034-01-05 12:00:00,0.0
2034-01-06 12:00:00,0.0
2034-01-07 12:00:00,7.233813e-07
2034-01-08 12:00:00,7.5231656e-05
2034-01-09 12:00:00,7.957194e-06
2034-01-10 12:00:00,1.8807914e-05
2034-01-11 12:00:00,1.8988759e-06
2034-01-12 12:00:00,1.8988759e-06
2034-01-13 12:00:00,4.5211328e-07
2034-01-14 12:00:00,2.893525e-06
2034-01-15 12:00:00,1.8265377e-05
2034-01-16 12:00:00,9.0422657e-07
2034-01-17 12:00:00,3.3546807e-05
2034-01-18 12:00:00,1.8084532e-07
2034-01-19 12:00:00,2.486623e-05
2034-01-20 12:00:00,6.492347e-05
2034-01-21 12:00:00,6.591812e-05
2034-01-22 12:00:00,2.1611015e-05
2034-01-23 12:00:00,1.7180306e-05
2034-01-24 12:00:00,2.9839478e-06
2034-01-25 12:00:00,5.78705e-06
2034-01-26 12:00:00,1.0398606e-05
2034-01-27 12:00:00,0.00013816582
2034-01-28 12:00:00,1.6547347e-05
2034-01-29 12:00:00,1.2659173e-06
2034-01-30 12:00:00,6.284375e-05
2034-02-01 12:00:00,6.2391635e-05
2034-02-02 12:00:00,1.9440871e-05
2034-02-03 12:00:00,2.5951304e-05
2034-02-04 12:00:00,9.0603506e-05
2034-02-05 12:00:00,7.071052e-05
2034-02-06 12:00:00,6.6008542e-06
2034-02-07 12:00:00,6.365755e-05
2034-02-08 12:00:00,3.9333856e-05
2034-02-09 12:00:00,4.7381473e-05
2034-02-10 12:00:00,4.5211328e-07
2034-02-11 12:00:00,2.6222571e-05
2034-02-12 12:00:00,4.521133e-06
2034-02-13 12:00:00,0.00010660831
2034-02-14 12:00:00,6.872122e-06
2034-02-15 12:00:00,6.618939e-05
2034-02-16 12:00:00,3.87009e-05
2034-02-17 12:00:00,9.0422657e-07
2034-02-18 12:00:00,3.436061e-06
2034-02-19 12:00:00,3.6259487e-05
2034-02-20 12:00:00,6.9535025e-05
2034-02-21 12:00:00,1.41059345e-05
2034-02-22 12:00:00,0.0
2034-02-23 12:00:00,2.4414117e-05
2034-02-24 12:00:00,1.1845368e-05
2034-02-25 12:00:00,9.304492e-05
2034-02-26 12:00:00,6.6822344e-05
2034-02-27 12:00:00,4.9551618e-05
2034-02-28 12:00:00,3.0743704e-06
2034-02-29 12:00:00,1.0489029e-05
2034-02-30 12:00:00,0.00021457297
2034-03-01 12:00:00,1.8988759e-06
2034-03-02 12:00:00,5.8865153e-05
2034-03-03 12:00:00,1.8084531e-06
2034-03-04 12:00:00,2.7398066e-05
2034-03-05 12:00:00,8.047617e-06
2034-03-06 12:00:00,3.2009622e-05
2034-03-07 12:00:00,1.1031564e-05
2034-03-08 12:00:00,3.6169064e-07
2034-03-09 12:00:00,2.7126798e-06
2034-03-10 12:00:00,5.063669e-06
2034-03-11 12:00:00,4.5753866e-05
2034-03-12 12:00:00,5.2987678e-05
2034-03-13 12:00:00,1.6276079e-05
2034-03-14 12:00:00,3.2552157e-06
2034-03-15 12:00:00,6.7816996e-05
2034-03-16 12:00:00,2.71268e-07
2034-03-17 12:00:00,3.3456385e-05
2034-03-18 12:00:00,1.6909038e-05
2034-03-19 12:00:00,1.4467626e-06
2034-03-20 12:00:00,0.0
2034-03-21 12:00:00,1.3563399e-06
2034-03-22 12:00:00,9.042266e-08
2034-03-23 12:00:00,4.5211328e-07
2034-03-24 12:00:00,0.0
2034-03-25 12:00:00,3.9153012e-05
2034-03-26 12:00:00,1.8627068e-05
2034-03-27 12:00:00,2.31482e-05
2034-03-28 12:00:00,7.14339e-06
2034-03-29 12:00:00,7.233813e-07
2034-03-30 12:00:00,0.0
2034-04-01 12:00:00,6.3295863e-07
2034-04-02 12:00:00,9.042266e-08
2034-04-03 12:00:00,1.2297482e-05
2034-04-04 12:00:00,2.3871582e-05
2034-04-05 12:00:00,0.00013472977
2034-04-06 12:00:00,6.917334e-05
2034-04-07 12:00:00,1.40155125e-05
2034-04-08 12:00:00,4.5663444e-05
2034-04-09 12:00:00,3.5807374e-05
2034-04-10 12:00:00,6.6822344e-05
2034-04-11 12:00:00,4.5301753e-05
2034-04-12 12:00:00,1.23879045e-05
2034-04-13 12:00:00,0.00019205773
2034-04-14 12:00:00,8.228462e-05
2034-04-15 12:00:00,1.3111286e-05
2034-04-16 12:00:00,3.5445682e-05
2034-04-17 12:00:00,1.1393255e-05
2034-04-18 12:00:00,0.0
2034-04-19 12:00:00,9.042266e-08
2034-04-20 12:00:00,2.3509892e-06
2034-04-21 12:00:00,2.170144e-06
2034-04-22 12:00:00,9.042266e-08
2034-04-23 12:00:00,4.8104856e-05
2034-04-24 12:00:00,2.9477787e-05
2034-04-25 12:00:00,2.1882284e-05
2034-04-26 12:00:00,2.079721e-06
2034-04-27 12:00:00,0.0
2034-04-28 12:00:00,0.0
2034-04-29 12:00:00,1.2659172e-05
2034-04-30 12:00:00,1.528143e-05
2034-05-01 12:00:00,1.7270728e-05
2034-05-02 12:00:00,4.1504e-05
2034-05-03 12:00:00,3.743498e-05
2034-05-04 12:00:00,8.138039e-07
2034-05-05 12:00:00,0.00013436808
2034-05-06 12:00:00,0.00015254303
2034-05-07 12:00:00,5.579078e-05
2034-05-08 12:00:00,4.7833586e-05
2034-05-09 12:00:00,4.34933e-05
2034-05-10 12:00:00,3.3456383e-06
2034-05-11 12:00:00,0.0
2034-05-12 12:00:00,0.0
2034-05-13 12:00:00,0.0
2034-05-14 12:00:00,0.0
2034-05-15 12:00:00,0.0
2034-05-16 12:00:00,0.0
2034-05-17 12:00:00,0.0
2034-05-18 12:00:00,9.042266e-08
2034-05-19 12:00:00,0.0
2034-05-20 12:00:00,1.63665e-05
2034-05-21 12:00:00,0.00011727819
2034-05-22 12:00:00,8.138039e-06
2034-05-23 12:00:00,0.0
2034-05-24 12:00:00,1.49197385e-05
2034-05-25 12:00:00,1.5914387e-05
2034-05-26 12:00:00,3.7615828e-05
2034-05-27 12:00:00,1.2297482e-05
2034-05-28 12:00:00,4.0328505e-05
2034-05-29 12:00:00,1.8084532e-07
2034-05-30 12:00:00,1.4377203e-05
2034-06-01 12:00:00,3.6169064e-07
2034-06-02 12:00:00,9.0422657e-07
2034-06-03 12:00:00,1.085072e-06
2034-06-04 12:00:00,3.164793e-06
2034-06-05 12:00:00,9.042266e-08
2034-06-06 12:00:00,9.042266e-08
2034-06-07 12:00:00,1.4377203e-05
2034-06-08 12:00:00,7.233813e-07
2034-06-09 12:00:00,0.0
2034-06-10 12:00:00,0.0
2034-06-11 12:00:00,0.0
2034-06-12 12:00:00,0.0
2034-06-13 12:00:00,0.0
2034-06-14 12:00:00,0.0
2034-06-15 12:00:00,3.6169064e-07
2034-06-16 12:00:00,4.5211328e-07
2034-06-17 12:00:00,0.0
2034-06-18 12:00:00,2.1158903e-05
2034-06-19 12:00:00,2.7126798e-05
2034-06-20 12:00:00,3.1828775e-05
2034-06-21 12:00:00,9.042266e-08
2034-06-22 12:00:00,0.0
2034-06-23 12:00:00,0.0
2034-06-24 12:00:00,9.042266e-08
2034-06-25 12:00:00,0.0
2034-06-26 12:00:00,0.0
2034-06-27 12:00:00,2.71268e-07
2034-06-28 12:00:00,0.0
2034-06-29 12:00:00,0.0
2034-06-30 12:00:00,0.0
2034-07-01 12:00:00,6.3295863e-07
2034-07-02 12:00:00,7.233813e-07
2034-07-03 12:00:00,3.164793e-06
2034-07-04 12:00:00,1.2659173e-06
2034-07-05 12:00:00,0.0
2034-07-06 12:00:00,0.0
2034-07-07 12:00:00,1.7180305e-06
2034-07-08 12:00:00,2.2063128e-05
2034-07-09 12:00:00,5.470571e-05
2034-07-10 12:00:00,6.763615e-05
2034-07-11 12:00:00,7.685926e-06
2034-07-12 12:00:00,4.792401e-06
2034-07-13 12:00:00,8.0747435e-05
2034-07-14 12:00:00,8.255589e-05
2034-07-15 12:00:00,0.00011085818
2034-07-16 12:00:00,0.000107602966
2034-07-17 12:00:00,0.00018681321
2034-07-18 12:00:00,1.2026214e-05
2034-07-19 12:00:00,1.6818614e-05
2034-07-20 12:00:00,3.607864e-05
2034-07-21 12:00:00,0.0002597843
2034-07-22 12:00:00,0.0001727977
2034-07-23 12:00:00,0.000100549994
2034-07-24 12:00:00,8.8162094e-05
2034-07-25 12:00:00,2.8121447e-05
2034-07-26 12:00:00,0.0
2034-07-27 12:00:00,3.9424278e-05
2034-07-28 12:00:00,1.7180305e-06
2034-07-29 12:00:00,0.0
2034-07-30 12:00:00,5.98598e-05
2034-08-01 12:00:00,7.3875315e-05
2034-08-02 12:00:00,6.0944873e-05
2034-08-03 12:00:00,7.9391095e-05
2034-08-04 12:00:00,7.5322074e-05
2034-08-05 12:00:00,8.156124e-05
2034-08-06 12:00:00,8.635364e-05
2034-08-07 12:00:00,2.4414119e-06
2034-08-08 12:00:00,2.3509892e-06
2034-08-09 12:00:00,1.0217761e-05
2034-08-10 12:00:00,9.042266e-08
2034-08-11 12:00:00,3.6169064e-07
2034-08-12 12:00:00,1.8084532e-07
2034-08-13 12:00:00,0.0
2034-08-14 12:00:00,0.0
2034-08-15 12:00:00,0.0
2034-08-16 12:00:00,0.0
2034-08-17 12:00:00,0.0
2034-08-18 12:00:00,5.4253596e-06
2034-08-19 12:00:00,6.3295863e-07
2034-08-20 12:00:00,0.0
2034-08-21 12:00:00,0.0
2034-08-22 12:00:00,1.7180305e-06
2034-08-23 12:00:00,1.8084532e-07
2034-08-24 12:00:00,1.8084532e-07
2034-08-25 12:00:00,1.085072e-06
2034-08-26 12:00:00,0.0
2034-08-27 12:00:00,0.0
2034-08-28 12:00:00,0.0
2034-08-29 12:00:00,9.042266e-06
2034-08-30 12:00:00,1.49197385e-05
2034-09-01 12:00:00,2.4414119e-06
2034-09-02 12:00:00,2.71268e-07
2034-09-03 12:00:00,0.0
2034-09-04 12:00:00,3.0743704e-06
2034-09-05 12:00:00,1.4467626e-06
2034-09-06 12:00:00,0.0
2034-09-07 12:00:00,0.0
2034-09-08 12:00:00,1.1935791e-05
2034-09-09 12:00:00,9.042266e-08
2034-09-10 12:00:00,0.0
2034-09-11 12:00:00,0.0
2034-09-12 12:00:00,1.1031564e-05
2034-09-13 12:00:00,8.725787e-05
2034-09-14 12:00:00,0.00011673565
2034-09-15 12:00:00,4.322203e-05
2034-09-16 12:00:00,6.8088266e-05
2034-09-17 12:00:00,3.6169063e-06
2034-09-18 12:00:00,0.0
2034-09-19 12:00:00,0.0
2034-09-20 12:00:00,8.770998e-05
2034-09-21 12:00:00,7.2338125e-06
2034-09-22 12:00:00,1.7722841e-05
2034-09-23 12:00:00,0.0
2034-09-24 12:00:00,0.0
2034-09-25 12:00:00,0.0
2034-09-26 12:00:00,1.085072e-06
2034-09-27 12:00:00,5.2445143e-06
2034-09-28 12:00:00,1.3563399e-06
2034-09-29 12:00:00,0.00025553443
2034-09-30 12:00:00,0.0001340968
2034-10-01 12:00:00,5.9678955e-06
2034-10-02 12:00:00,2.0525944e-05
2034-10-03 12:00:00,0.0
2034-10-04 12:00:00,5.70567e-05
2034-10-05 12:00:00,0.00019531294
2034-10-06 12:00:00,0.00013445849
2034-10-07 12:00:00,2.920652e-05
2034-10-08 12:00:00,8.752914e-05
2034-10-09 12:00:00,6.7816995e-06
2034-10-10 12:00:00,9.494379e-06
2034-10-11 12:00:00,1.7180305e-06
2034-10-12 12:00:00,0.0
2034-10-13 12:00:00,9.675225e-06
2034-10-14 12:00:00,3.6169064e-07
2034-10-15 12:00:00,0.0
2034-10-16 12:00:00,0.0
2034-10-17 12:00:00,0.0
2034-10-18 12:00:00,2.1158903e-05
2034-10-19 12:00:00,4.4668795e-05
2034-10-20 12:00:00,0.00014612301
2034-10-21 12:00:00,2.4414119e-06
2034-10-22 12:00:00,8.409307e-06
2034-10-23 12:00:00,0.00023971047
2034-10-24 12:00:00,4.276992e-05
2034-10-25 12:00:00,0.00019775436
2034-10-26 12:00:00,0.000103262675
2034-10-27 12:00:00,1.23879045e-05
2034-10-28 12:00:00,0.0
2034-10-29 12:00:00,0.0
2034-10-30 12:00:00,8.58111e-05
2034-11-01 12:00:00,6.890207e-05
2034-11-02 12:00:00,0.00013301174
2034-11-03 12:00:00,2.549919e-05
2034-11-04 12:00:00,1.3472976e-05
2034-11-05 12:00:00,5.136007e-05
2034-11-06 12:00:00,2.1611015e-05
2034-11-07 12:00:00,1.2116637e-05
2034-11-08 12:00:00,3.9153012e-05
2034-11-09 12:00:00,6.058318e-05
2034-11-10 12:00:00,0.00020462649
2034-11-11 12:00:00,3.6259487e-05
2034-11-12 12:00:00,2.242482e-05
2034-11-13 12:00:00,1.4467626e-06
2034-11-14 12:00:00,1.8084532e-07
2034-11-15 12:00:00,5.9678955e-06
2034-11-16 12:00:00,3.6169064e-07
2034-11-17 12:00:00,0.0
2034-11-18 12:00:00,0.0
2034-11-19 12:00:00,1.5191007e-05
2034-11-20 12:00:00,5.42536e-07
2034-11-21 12:00:00,9.0422657e-07
2034-11-22 12:00:00,3.2733e-05
2034-11-23 12:00:00,0.0
2034-11-24 12:00:00,5.42536e-07
2034-11-25 12:00:00,0.00012867144
2034-11-26 12:00:00,6.8178684e-05
2034-11-27 12:00:00,3.8972164e-05
2034-11-28 12:00:00,8.5087726e-05
2034-11-29 12:00:00,3.87009e-05
2034-11-30 12:00:00,0.00013355426
2034-12-01 12:00:00,4.6838937e-05
2034-12-02 12:00:00,8.861421e-06
2034-12-03 12:00:00,1.8084532e-07
2034-12-04 12:00:00,5.42536e-07
2034-12-05 12:00:00,7.0529672e-06
2034-12-06 12:00:00,3.7073291e-06
2034-12-07 12:00:00,0.0001723456
2034-12-08 12:00:00,4.4307104e-05
2034-12-09 12:00:00,1.0398606e-05
2034-12-10 12:00:00,9.982662e-05
2034-12-11 12:00:00,6.6822344e-05
2034-12-12 12:00:00,1.5371852e-05
2034-12-13 12:00:00,4.5392175e-05
2034-12-14 12:00:00,2.4233274e-05
2034-12-15 12:00:00,1.0760296e-05
2034-12-16 12:00:00,0.00015516528
2034-12-17 12:00:00,8.608237e-05
2034-12-18 12:00:00,2.3690736e-05
2034-12-19 12:00:00,3.4541456e-05
2034-12-20 12:00:00,6.6912767e-06
2034-12-21 12:00:00,8.770998e-05
2034-12-22 12:00:00,2.0525944e-05
2034-12-23 12:00:00,3.0201169e-05
2034-12-24 12:00:00,3.3456383e-06
2034-12-25 12:00:00,2.3419469e-05
2034-12-26 12:00:00,1.1754946e-06
2034-12-27 12:00:00,2.8031025e-05
2034-12-28 12:00:00,5.9950224e-05
2034-12-29 12:00:00,1.5371852e-05
2034-12-30 12:00:00,9.946492e-07
2035-01-01 12:00:00,4.521133e-06
2035-01-02 12:00:00,7.4146583e-06
2035-01-03 12:00:00,0.00012532581
2035-01-04 12:00:00,2.9477787e-05
2035-01-05 12:00:00,4.7019785e-05
2035-01-06 12:00:00,3.7254136e-05
2035-01-07 12:00:00,4.249865e-06
2035-01-08 12:00:00,6.0583184e-06
2035-01-09 12:00:00,8.282716e-05
2035-01-10 12:00:00,3.2552157e-06
2035-01-11 12:00:00,3.6169064e-07
2035-01-12 12:00:00,9.0422657e-07
2035-01-13 12:00:00,9.675225e-06
2035-01-14 12:00:00,1.1845368e-05
2035-01-15 12:00:00,3.978597e-06
2035-01-16 12:00:00,1.2026214e-05
2035-01-17 12:00:00,7.62263e-05
2035-01-18 12:00:00,3.0743704e-05
2035-01-19 12:00:00,3.3456383e-06
2035-01-20 12:00:00,1.8084532e-07
2035-01-21 12:00:00,0.0
2035-01-22 12:00:00,0.0
2035-01-23 12:00:00,0.0
2035-01-24 12:00:00,0.0
2035-01-25 12:00:00,2.242482e-05
2035-01-26 12:00:00,0.00015625036
2035-01-27 12:00:00,2.2063128e-05
2035-01-28 12:00:00,9.0422657e-07
2035-01-29 12:00:00,3.128624e-05
2035-01-30 12:00:00,4.340288e-06
2035-02-01 12:00:00,2.4504541e-05
2035-02-02 12:00:00,1.0850719e-05
2035-02-03 12:00:00,6.0583184e-06
2035-02-04 12:00:00,5.2445143e-06
2035-02-05 12:00:00,5.4253596e-06
2035-02-06 12:00:00,0.0
2035-02-07 12:00:00,0.0
2035-02-08 12:00:00,0.0
2035-02-09 12:00:00,4.792401e-06
2035-02-10 12:00:00,7.866772e-06
2035-02-11 12:00:00,5.063669e-06
2035-02-12 12:00:00,2.6493839e-05
2035-02-13 12:00:00,3.164793e-06
2035-02-14 12:00:00,5.4615288e-05
2035-02-15 12:00:00,1.5733543e-05
2035-02-16 12:00:00,5.063669e-06
2035-02-17 12:00:00,2.5318345e-06
2035-02-18 12:00:00,6.3295863e-07
2035-02-19 12:00:00,3.3456383e-06
2035-02-20 12:00:00,0.00013427765
2035-02-21 12:00:00,4.9189926e-05
2035-02-22 12:00:00,3.155751e-05
2035-02-23 12:00:00,2.1249325e-05
2035-02-24 12:00:00,4.7652742e-05
2035-02-25 12:00:00,1.5010161e-05
2035-02-26 12:00:00,2.2605665e-05
2035-02-27 12:00:00,1.2478327e-05
2035-02-28 12:00:00,6.329586e-06
2035-02-29 12:00:00,0.0
2035-02-30 12:00:00,1.8084532e-07
2035-03-01 12:00:00,0.0
2035-03-02 12:00:00,0.0
2035-03-03 12:00:00,9.0422657e-07
2035-03-04 12:00:00,1.8084532e-07
2035-03-05 12:00:00,0.0
2035-03-06 12:00:00,7.4146583e-06
2035-03-07 12:00:00,5.42536e-07
2035-03-08 12:00:00,4.521133e-06
2035-03-09 12:00:00,1.9892984e-06
2035-03-10 12:00:00,4.5211328e-07
2035-03-11 12:00:00,6.3295863e-07
2035-03-12 12:00:00,1.8084531e-06
2035-03-13 12:00:00,7.233813e-07
2035-03-14 12:00:00,0.0
2035-03-15 12:00:00,0.0
2035-03-16 12:00:00,0.0
2035-03-17 12:00:00,0.0
2035-03-18 12:00:00,9.042404e-08
2035-03-19 12:00:00,1.8988759e-06
2035-03-20 12:00:00,8.318883e-06
2035-03-21 12:00:00,1.1754946e-06
2035-03-22 12:00:00,0.0
2035-03-23 12:00:00,5.0365423e-05
2035-03-24 12:00:00,3.3908498e-05
2035-03-25 12:00:00,5.6966273e-06
2035-03-26 12:00:00,3.8610477e-05
2035-03-27 12:00:00,3.5264836e-06
2035-03-28 12:00:00,2.9025674e-05
2035-03-29 12:00:00,8.1018705e-05
2035-03-30 12:00:00,1.2749595e-05
2035-04-01 12:00:00,1.7451574e-05
2035-04-02 12:00:00,6.121614e-05
2035-04-03 12:00:00,1.15741e-05
2035-04-04 12:00:00,7.785391e-05
2035-04-05 12:00:00,7.0529672e-06
2035-04-06 12:00:00,0.0
2035-04-07 12:00:00,0.0
2035-04-08 12:00:00,9.313534e-06
2035-04-09 12:00:00,7.704011e-05
2035-04-10 12:00:00,2.2605665e-05
2035-04-11 12:00:00,0.0
2035-04-12 12:00:00,1.8627068e-05
2035-04-13 12:00:00,3.6169064e-07
2035-04-14 12:00:00,4.0509352e-05
2035-04-15 12:00:00,9.042266e-08
2035-04-16 12:00:00,2.7126798e-06
2035-04-17 12:00:00,1.9892984e-06
2035-04-18 12:00:00,0.0
2035-04-19 12:00:00,6.3295863e-07
2035-04-20 12:00:00,5.42536e-07
2035-04-21 12:00:00,1.8084532e-07
2035-04-22 12:00:00,0.0
2035-04-23 12:00:00,9.042266e-08
2035-04-24 12:00:00,1.3653822e-05
2035-04-25 12:00:00,1.3563399e-05
2035-04-26 12:00:00,0.0
2035-04-27 12:00:00,0.00012939483
2035-04-28 12:00:00,1.6547347e-05
2035-04-29 12:00:00,0.0
2035-04-30 12:00:00,3.6169064e-07
2035-05-01 12:00:00,4.484964e-05
2035-05-02 12:00:00,4.973246e-06
2035-05-03 12:00:00,3.0834126e-05
2035-05-04 12:00:00,3.2371314e-05
2035-05-05 12:00:00,0.00021213156
2035-05-06 12:00:00,9.042266e-08
2035-05-07 12:00:00,4.5211328e-07
2035-05-08 12:00:00,9.042266e-08
2035-05-09 12:00:00,0.0
2035-05-10 12:00:00,1.8084532e-07
2035-05-11 12:00:00,2.170144e-06
2035-05-12 12:00:00,5.42536e-07
2035-05-13 12:00:00,1.085072e-06
2035-05-14 12:00:00,9.042266e-08
2035-05-15 12:00:00,3.6169064e-07
2035-05-16 12:00:00,0.0
2035-05-17 12:00:00,0.0
2035-05-18 12:00:00,0.0
2035-05-19 12:00:00,0.0
2035-05-20 12:00:00,7.233813e-07
2035-05-21 12:00:00,2.079721e-06
2035-05-22 12:00:00,4.340288e-06
2035-05-23 12:00:00,0.00010443817
2035-05-24 12:00:00,3.3094693e-05
2035-05-25 12:00:00,0.0
2035-05-26 12:00:00,0.0
2035-05-27 12:00:00,6.555643e-05
2035-05-28 12:00:00,2.5770458e-05
2035-05-29 12:00:00,3.0201169e-05
2035-05-30 12:00:00,6.0944873e-05
2035-06-01 12:00:00,8.716744e-05
2035-06-02 12:00:00,0.0
2035-06-03 12:00:00,0.0
2035-06-04 12:00:00,0.0
2035-06-05 12:00:00,0.0
2035-06-06 12:00:00,8.0204896e-05
2035-06-07 12:00:00,9.042266e-08
2035-06-08 12:00:00,0.0
2035-06-09 12:00:00,0.0
2035-06-10 12:00:00,0.0
2035-06-11 12:00:00,1.121241e-05
2035-06-12 12:00:00,8.861421e-06
2035-06-13 12:00:00,9.042266e-08
2035-06-14 12:00:00,0.0
2035-06-15 12:00:00,8.318884e-06
2035-06-16 12:00:00,5.9678955e-06
2035-06-17 12:00:00,8.138039e-07
2035-06-18 12:00:00,5.42536e-07
2035-06-19 12:00:00,0.0
2035-06-20 12:00:00,0.0
2035-06-21 12:00:00,0.0
2035-06-22 12:00:00,0.0
2035-06-23 12:00:00,0.0
2035-06-24 12:00:00,0.0
2035-06-25 12:00:00,9.042266e-08
2035-06-26 12:00:00,2.857356e-05
2035-06-27 12:00:00,1.0941142e-05
2035-06-28 12:00:00,6.899249e-05
2035-06-29 12:00:00,6.908291e-05
2035-06-30 12:00:00,2.2967355e-05
2035-07-01 12:00:00,2.71268e-07
2035-07-02 12:00:00,2.8844828e-05
2035-07-03 12:00:00,1.8084532e-07
2035-07-04 12:00:00,0.00020887634
2035-07-05 12:00:00,2.8302293e-05
2035-07-06 12:00:00,6.6912767e-06
2035-07-07 12:00:00,1.9260027e-05
2035-07-08 12:00:00,6.2391637e-06
2035-07-09 12:00:00,7.2338125e-06
2035-07-10 12:00:00,1.9079182e-05
2035-07-11 12:00:00,6.528516e-05
2035-07-12 12:00:00,1.9169604e-05
2035-07-13 12:00:00,1.5371852e-06
2035-07-14 12:00:00,0.0
2035-07-15 12:00:00,5.9678955e-06
2035-07-16 12:00:00,1.9892984e-06
2035-07-17 12:00:00,9.042266e-08
2035-07-18 12:00:00,1.085072e-06
2035-07-19 12:00:00,1.8084531e-06
2035-07-20 12:00:00,2.5318345e-06
2035-07-21 12:00:00,0.0
2035-07-22 12:00:00,0.0
2035-07-23 12:00:00,1.0127338e-05
2035-07-24 12:00:00,6.872122e-06
2035-07-25 12:00:00,1.4467626e-06
2035-07-26 12:00:00,1.2659173e-06
2035-07-27 12:00:00,2.3509892e-06
2035-07-28 12:00:00,7.4146583e-06
2035-07-29 12:00:00,3.6169064e-07
2035-07-30 12:00:00,0.0
2035-08-01 12:00:00,2.3509892e-06
2035-08-02 12:00:00,1.8536644e-05
2035-08-03 12:00:00,3.2552157e-06
2035-08-04 12:00:00,3.2552158e-05
2035-08-05 12:00:00,4.62964e-05
2035-08-06 12:00:00,3.427019e-05
2035-08-07 12:00:00,1.4467626e-06
2035-08-08 12:00:00,3.707329e-05
2035-08-09 12:00:00,2.0616366e-05
2035-08-10 12:00:00,5.4163174e-05
2035-08-11 12:00:00,1.8084532e-07
2035-08-12 12:00:00,4.8828238e-06
2035-08-13 12:00:00,1.2568749e-05
2035-08-14 12:00:00,7.794433e-05
2035-08-15 12:00:00,5.1540916e-05
2035-08-16 12:00:00,1.2297482e-05
2035-08-17 12:00:00,2.079721e-06
2035-08-18 12:00:00,3.436061e-06
2035-08-19 12:00:00,2.8031025e-06
2035-08-20 12:00:00,4.2589072e-05
2035-08-21 12:00:00,3.499357e-05
2035-08-22 12:00:00,1.4467626e-06
2035-08-23 12:00:00,0.000109049724
2035-08-24 12:00:00,2.31482e-05
2035-08-25 12:00:00,4.82857e-05
2035-08-26 12:00:00,1.7813263e-05
2035-08-27 12:00:00,8.029532e-05
2035-08-28 12:00:00,3.3456385e-05
2035-08-29 12:00:00,9.892239e-05
2035-08-30 12:00:00,8.002405e-05
2035-09-01 12:00:00,0.00031051142
2035-09-02 12:00:00,3.0743704e-06
2035-09-03 12:00:00,1.8084531e-06
2035-09-04 12:00:00,3.6169064e-07
2035-09-05 12:00:00,7.233813e-07
2035-09-06 12:00:00,1.8898336e-05
2035-09-07 12:00:00,1.1754946e-05
2035-09-08 12:00:00,0.00015471317
2035-09-09 12:00:00,4.6658093e-05
2035-09-10 12:00:00,2.0978057e-05
2035-09-11 12:00:00,8.770998e-06
2035-09-12 12:00:00,2.278651e-05
2035-09-13 12:00:00,6.329586e-06
2035-09-14 12:00:00,3.5716952e-05
2035-09-15 12:00:00,3.164793e-06
2035-09-16 12:00:00,9.331619e-05
2035-09-17 12:00:00,4.5663444e-05
2035-09-18 12:00:00,1.0127338e-05
2035-09-19 12:00:00,2.3509892e-06
2035-09-20 12:00:00,6.5104314e-06
2035-09-21 12:00:00,3.7977516e-05
2035-09-22 12:00:00,4.8828238e-06
2035-09-23 12:00:00,5.063669e-06
2035-09-24 12:00:00,9.711394e-05
2035-09-25 12:00:00,9.25928e-05
2035-09-26 12:00:00,2.5408768e-05
2035-09-27 12:00:00,0.00020064788
2035-09-28 12:00:00,9.675225e-06
2035-09-29 12:00:00,9.186942e-05
2035-09-30 12:00:00,4.0690197e-06
2035-10-01 12:00:00,9.186942e-05
2035-10-02 12:00:00,0.00011519847
2035-10-03 12:00:00,7.071052e-05
2035-10-04 12:00:00,0.00011348044
2035-10-05 12:00:00,1.8898336e-05
2035-10-06 12:00:00,0.0001025393
2035-10-07 12:00:00,6.311502e-05
2035-10-08 12:00:00,8.047617e-06
2035-10-09 12:00:00,6.872122e-06
2035-10-10 12:00:00,7.5955036e-06
2035-10-11 12:00:00,2.8031025e-06
2035-10-12 12:00:00,3.3365963e-05
2035-10-13 12:00:00,2.8031025e-06
2035-10-14 12:00:00,2.71268e-07
2035-10-15 12:00:00,5.208345e-05
2035-10-16 12:00:00,1.2026214e-05
2035-10-17 12:00:00,0.00013762328
2035-10-18 12:00:00,8.0476166e-05
2035-10-19 12:00:00,5.2987678e-05
2035-10-20 12:00:00,1.32017085e-05
2035-10-21 12:00:00,4.340288e-06
2035-10-22 12:00:00,3.436061e-06
2035-10-23 12:00:00,0.0
2035-10-24 12:00:00,0.0
2035-10-25 12:00:00,0.0
2035-10-26 12:00:00,1.4467625e-05
2035-10-27 12:00:00,3.6169064e-07
2035-10-28 12:00:00,1.085072e-06
2035-10-29 12:00:00,0.00020372226
2035-10-30 12:00:00,1.3744244e-05
2035-11-01 12:00:00,3.2552157e-06
2035-11-02 12:00:00,1.3472976e-05
2035-11-03 12:00:00,8.743871e-05
2035-11-04 12:00:00,0.00011827284
2035-11-05 12:00:00,5.5157823e-05
2035-11-06 12:00:00,3.634991e-05
2035-11-07 12:00:00,8.553984e-05
2035-11-08 12:00:00,4.9189926e-05
2035-11-09 12:00:00,1.3111286e-05
2035-11-10 12:00:00,1.0760296e-05
2035-11-11 12:00:00,4.159442e-06
2035-11-12 12:00:00,9.9103236e-05
2035-11-13 12:00:00,5.7960926e-05
2035-11-14 12:00:00,0.000110406065
2035-11-15 12:00:00,6.329586e-06
2035-11-16 12:00:00,1.0850719e-05
2035-11-17 12:00:00,6.6912767e-06
2035-11-18 12:00:00,4.7924008e-05
2035-11-19 12:00:00,0.0003072562
2035-11-20 12:00:00,9.85607e-05
2035-11-21 12:00:00,1.1393255e-05
2035-11-22 12:00:00,3.1467087e-05
2035-11-23 12:00:00,0.0002517367
2035-11-24 12:00:00,5.78705e-05
2035-11-25 12:00:00,5.8051348e-05
2035-11-26 12:00:00,0.00010344352
2035-11-27 12:00:00,3.2552158e-05
2035-11-28 12:00:00,3.2461736e-05
2035-11-29 12:00:00,1.4738894e-05
2035-11-30 12:00:00,1.5371852e-06
2035-12-01 12:00:00,9.403957e-06
2035-12-02 12:00:00,2.5408768e-05
2035-12-03 12:00:00,1.15741e-05
2035-12-04 12:00:00,1.5100584e-05
2035-12-05 12:00:00,1.0579452e-05
2035-12-06 12:00:00,1.4558048e-05
2035-12-07 12:00:00,0.0
2035-12-08 12:00:00,0.0
2035-12-09 12:00:00,0.0
2035-12-10 12:00:00,0.0
2035-12-11 12:00:00,3.6169064e-07
2035-12-12 12:00:00,0.0
2035-12-13 12:00:00,0.0
2035-12-14 12:00:00,0.0
2035-12-15 12:00:00,0.0
2035-12-16 12:00:00,6.3747975e-05
2035-12-17 12:00:00,1.935045e-05
2035-12-18 12:00:00,2.685553e-05
2035-12-19 12:00:00,7.4146583e-06
2035-12-20 12:00:00,4.8014434e-05
2035-12-21 12:00:00,8.49973e-06
2035-12-22 12:00:00,0.0
2035-12-23 12:00:00,0.0
2035-12-24 12:00:00,6.3295863e-07
2035-12-25 12:00:00,0.0
2035-12-26 12:00:00,3.5264836e-06
2035-12-27 12:00:00,9.042266e-08
2035-12-28 12:00:00,9.331619e-05
2035-12-29 12:00:00,4.82857e-05
2035-12-30 12:00:00,9.946492e-06
