time,evspsbl
1966-01-01 12:00:00,3.4251113e-06
1966-01-02 12:00:00,4.359008e-06
1966-01-03 12:00:00,3.2933629e-06
1966-01-04 12:00:00,2.2172978e-06
1966-01-05 12:00:00,1.1318551e-05
1966-01-06 12:00:00,1.0250609e-05
1966-01-07 12:00:00,4.9116106e-06
1966-01-08 12:00:00,3.1577288e-06
1966-01-09 12:00:00,3.3963245e-06
1966-01-10 12:00:00,3.6462231e-06
1966-01-11 12:00:00,3.1741533e-06
1966-01-12 12:00:00,3.727109e-06
1966-01-13 12:00:00,7.1691748e-06
1966-01-14 12:00:00,1.5869883e-06
1966-01-15 12:00:00,3.771084e-06
1966-01-16 12:00:00,5.0615495e-06
1966-01-17 12:00:00,2.2376075e-06
1966-01-18 12:00:00,2.7949786e-06
1966-01-19 12:00:00,3.8570915e-06
1966-01-20 12:00:00,4.973246e-06
1966-01-21 12:00:00,4.3035534e-06
1966-01-22 12:00:00,4.433536e-06
1966-01-23 12:00:00,4.278122e-06
1966-01-24 12:00:00,2.2775207e-06
1966-01-25 12:00:00,4.693501e-06
1966-01-26 12:00:00,1.636085e-06
1966-01-27 12:00:00,5.897253e-06
1966-01-28 12:00:00,5.9481154e-06
1966-01-29 12:00:00,6.764745e-06
1966-01-30 12:00:00,3.5490893e-06
1966-02-01 12:00:00,9.605211e-06
1966-02-02 12:00:00,5.47471e-06
1966-02-03 12:00:00,2.8136988e-06
1966-02-04 12:00:00,7.937944e-06
1966-02-05 12:00:00,8.641899e-06
1966-02-06 12:00:00,1.17508835e-05
1966-02-07 12:00:00,5.73866e-06
1966-02-08 12:00:00,3.4206962e-06
1966-02-09 12:00:00,2.2897066e-06
1966-02-10 12:00:00,6.9789694e-06
1966-02-11 12:00:00,8.7897183e-07
1966-02-12 12:00:00,1.9377294e-06
1966-02-13 12:00:00,2.3656476e-06
1966-02-14 12:00:00,3.0581225e-06
1966-02-15 12:00:00,2.7986873e-06
1966-02-16 12:00:00,8.97233e-06
1966-02-17 12:00:00,7.133853e-06
1966-02-18 12:00:00,3.1322975e-06
1966-02-19 12:00:00,1.0617598e-06
1966-02-20 12:00:00,1.5853989e-06
1966-02-21 12:00:00,2.0528769e-06
1966-02-22 12:00:00,2.832419e-06
1966-02-23 12:00:00,4.916732e-06
1966-02-24 12:00:00,7.891849e-06
1966-02-25 12:00:00,9.746397e-06
1966-02-26 12:00:00,3.3362783e-06
1966-02-27 12:00:00,2.1289945e-06
1966-02-28 12:00:00,8.649493e-06
1966-02-29 12:00:00,7.0388387e-06
1966-02-30 12:00:00,1.8663803e-05
1966-03-01 12:00:00,1.2837269e-05
1966-03-02 12:00:00,8.609855e-06
1966-03-03 12:00:00,6.3747975e-06
1966-03-04 12:00:00,8.7858325e-06
1966-03-05 12:00:00,1.0474017e-05
1966-03-06 12:00:00,1.3600663e-05
1966-03-07 12:00:00,4.076437e-06
1966-03-08 12:00:00,4.3987443e-06
1966-03-09 12:00:00,6.057965e-06
1966-03-10 12:00:00,4.513539e-06
1966-03-11 12:00:00,6.6994007e-06
1966-03-12 12:00:00,4.228672e-06
1966-03-13 12:00:00,1.1526064e-05
1966-03-14 12:00:00,8.325243e-06
1966-03-15 12:00:00,1.4696684e-05
1966-03-16 12:00:00,1.0120274e-05
1966-03-17 12:00:00,1.3173451e-05
1966-03-18 12:00:00,8.23217e-06
1966-03-19 12:00:00,1.2762134e-05
1966-03-20 12:00:00,7.1979616e-06
1966-03-21 12:00:00,1.1993365e-05
1966-03-22 12:00:00,1.1521648e-05
1966-03-23 12:00:00,1.42802455e-05
1966-03-24 12:00:00,1.1501868e-05
1966-03-25 12:00:00,1.1108388e-05
1966-03-26 12:00:00,6.6291113e-06
1966-03-27 12:00:00,5.8916016e-06
1966-03-28 12:00:00,1.4897133e-05
1966-03-29 12:00:00,1.4583479e-05
1966-03-30 12:00:00,1.4778453e-05
1966-04-01 12:00:00,1.5380241e-05
1966-04-02 12:00:00,1.7952518e-05
1966-04-03 12:00:00,1.2871454e-05
1966-04-04 12:00:00,1.8917057e-05
1966-04-05 12:00:00,2.1020089e-05
1966-04-06 12:00:00,2.2161852e-05
1966-04-07 12:00:00,2.2160086e-05
1966-04-08 12:00:00,2.2765495e-05
1966-04-09 12:00:00,2.1446947e-05
1966-04-10 12:00:00,1.6169937e-05
1966-04-11 12:00:00,1.5389865e-05
1966-04-12 12:00:00,1.523922e-05
1966-04-13 12:00:00,2.3047358e-05
1966-04-14 12:00:00,1.8945666e-05
1966-04-15 12:00:00,2.024461e-05
1966-04-16 12:00:00,2.8343618e-05
1966-04-17 12:00:00,2.894832e-05
1966-04-18 12:00:00,2.8285338e-05
1966-04-19 12:00:00,2.49314e-05
1966-04-20 12:00:00,8.398534e-06
1966-04-21 12:00:00,2.8763943e-05
1966-04-22 12:00:00,1.5246462e-05
1966-04-23 12:00:00,1.7042552e-05
1966-04-24 12:00:00,2.7406366e-05
1966-04-25 12:00:00,3.2051124e-05
1966-04-26 12:00:00,2.870531e-05
1966-04-27 12:00:00,1.2048819e-05
1966-04-28 12:00:00,2.4140025e-05
1966-04-29 12:00:00,3.5208323e-05
1966-04-30 12:00:00,1.4597608e-05
1966-05-01 12:00:00,3.310037e-05
1966-05-02 12:00:00,4.7692433e-06
1966-05-03 12:00:00,3.1579584e-05
1966-05-04 12:00:00,2.9443348e-05
1966-05-05 12:00:00,3.4712233e-05
1966-05-06 12:00:00,4.5437388e-05
1966-05-07 12:00:00,4.5961733e-05
1966-05-08 12:00:00,2.6893853e-05
1966-05-09 12:00:00,3.0595e-05
1966-05-10 12:00:00,3.338327e-05
1966-05-11 12:00:00,4.9467904e-05
1966-05-12 12:00:00,4.4134027e-05
1966-05-13 12:00:00,3.581532e-05
1966-05-14 12:00:00,2.1784974e-05
1966-05-15 12:00:00,3.2091215e-05
1966-05-16 12:00:00,2.9401846e-05
1966-05-17 12:00:00,3.706976e-05
1966-05-18 12:00:00,2.963426e-05
1966-05-19 12:00:00,2.2474092e-05
1966-05-20 12:00:00,3.9309838e-05
1966-05-21 12:00:00,3.5708297e-05
1966-05-22 12:00:00,2.4589312e-05
1966-05-23 12:00:00,2.7146578e-05
1966-05-24 12:00:00,1.8059101e-05
1966-05-25 12:00:00,2.861312e-05
1966-05-26 12:00:00,3.8799797e-05
1966-05-27 12:00:00,3.339987e-05
1966-05-28 12:00:00,1.7443097e-05
1966-05-29 12:00:00,1.2769375e-05
1966-05-30 12:00:00,3.6779416e-05
1966-06-01 12:00:00,2.8082482e-05
1966-06-02 12:00:00,2.0153768e-05
1966-06-03 12:00:00,1.4763795e-05
1966-06-04 12:00:00,1.9689005e-05
1966-06-05 12:00:00,2.6767402e-05
1966-06-06 12:00:00,2.7916583e-05
1966-06-07 12:00:00,3.9709324e-05
1966-06-08 12:00:00,2.8047625e-05
1966-06-09 12:00:00,3.6303107e-05
1966-06-10 12:00:00,4.1887943e-05
1966-06-11 12:00:00,4.0545558e-05
1966-06-12 12:00:00,4.131097e-05
1966-06-13 12:00:00,3.5767105e-05
1966-06-14 12:00:00,4.1144252e-05
1966-06-15 12:00:00,4.1882115e-05
1966-06-16 12:00:00,3.4088458e-05
1966-06-17 12:00:00,3.155274e-05
1966-06-18 12:00:00,3.3766504e-05
1966-06-19 12:00:00,3.3204895e-05
1966-06-20 12:00:00,3.6951784e-05
1966-06-21 12:00:00,2.5202491e-05
1966-06-22 12:00:00,3.2246982e-05
1966-06-23 12:00:00,3.4030003e-05
1966-06-24 12:00:00,3.8062288e-05
1966-06-25 12:00:00,3.056286e-05
1966-06-26 12:00:00,2.349011e-05
1966-06-27 12:00:00,2.3396864e-05
1966-06-28 12:00:00,2.3837674e-05
1966-06-29 12:00:00,1.6408887e-05
1966-06-30 12:00:00,1.43122115e-05
1966-07-01 12:00:00,2.5188616e-05
1966-07-02 12:00:00,3.048896e-05
1966-07-03 12:00:00,3.1667536e-05
1966-07-04 12:00:00,2.1988424e-05
1966-07-05 12:00:00,2.3607909e-05
1966-07-06 12:00:00,1.9583393e-05
1966-07-07 12:00:00,2.1336216e-05
1966-07-08 12:00:00,2.8660452e-05
1966-07-09 12:00:00,3.3441727e-05
1966-07-10 12:00:00,3.690357e-05
1966-07-11 12:00:00,3.134505e-05
1966-07-12 12:00:00,2.2517537e-05
1966-07-13 12:00:00,1.4920975e-05
1966-07-14 12:00:00,1.3643402e-05
1966-07-15 12:00:00,1.7661028e-05
1966-07-16 12:00:00,2.7890976e-05
1966-07-17 12:00:00,2.7797727e-05
1966-07-18 12:00:00,2.7787484e-05
1966-07-19 12:00:00,2.7395241e-05
1966-07-20 12:00:00,4.1210125e-05
1966-07-21 12:00:00,3.6047557e-05
1966-07-22 12:00:00,1.0635966e-05
1966-07-23 12:00:00,3.5533278e-05
1966-07-24 12:00:00,3.701395e-05
1966-07-25 12:00:00,3.153773e-05
1966-07-26 12:00:00,3.044418e-05
1966-07-27 12:00:00,2.6790538e-05
1966-07-28 12:00:00,1.4628691e-05
1966-07-29 12:00:00,2.7386763e-05
1966-07-30 12:00:00,3.4815548e-05
1966-08-01 12:00:00,3.7777776e-05
1966-08-02 12:00:00,2.6498077e-05
1966-08-03 12:00:00,2.724636e-05
1966-08-04 12:00:00,2.9882569e-05
1966-08-05 12:00:00,2.7954024e-05
1966-08-06 12:00:00,2.2445836e-05
1966-08-07 12:00:00,2.5563651e-05
1966-08-08 12:00:00,4.307898e-05
1966-08-09 12:00:00,3.7194088e-05
1966-08-10 12:00:00,2.6737027e-05
1966-08-11 12:00:00,1.9286517e-05
1966-08-12 12:00:00,1.7702532e-05
1966-08-13 12:00:00,2.0552434e-05
1966-08-14 12:00:00,2.6749036e-05
1966-08-15 12:00:00,3.2205655e-05
1966-08-16 12:00:00,1.503524e-05
1966-08-17 12:00:00,2.179027e-05
1966-08-18 12:00:00,2.7911992e-05
1966-08-19 12:00:00,4.1099924e-05
1966-08-20 12:00:00,2.9698193e-05
1966-08-21 12:00:00,2.5298565e-05
1966-08-22 12:00:00,3.812728e-05
1966-08-23 12:00:00,2.8353155e-05
1966-08-24 12:00:00,1.1280227e-05
1966-08-25 12:00:00,2.8282513e-05
1966-08-26 12:00:00,2.6561656e-05
1966-08-27 12:00:00,2.6954429e-05
1966-08-28 12:00:00,2.5309868e-05
1966-08-29 12:00:00,2.787561e-05
1966-08-30 12:00:00,2.5369207e-05
1966-09-01 12:00:00,2.8906585e-05
1966-09-02 12:00:00,9.841467e-06
1966-09-03 12:00:00,1.7949604e-05
1966-09-04 12:00:00,2.5904326e-05
1966-09-05 12:00:00,1.8947785e-05
1966-09-06 12:00:00,3.22325e-05
1966-09-07 12:00:00,2.9662695e-05
1966-09-08 12:00:00,5.890012e-06
1966-09-09 12:00:00,2.3874585e-05
1966-09-10 12:00:00,2.4032295e-05
1966-09-11 12:00:00,2.1239082e-05
1966-09-12 12:00:00,1.5378033e-05
1966-09-13 12:00:00,2.188352e-05
1966-09-14 12:00:00,3.47827e-05
1966-09-15 12:00:00,3.3690387e-05
1966-09-16 12:00:00,2.3713166e-05
1966-09-17 12:00:00,3.365118e-05
1966-09-18 12:00:00,3.35567e-05
1966-09-19 12:00:00,2.8683586e-05
1966-09-20 12:00:00,2.2859978e-05
1966-09-21 12:00:00,1.4004209e-05
1966-09-22 12:00:00,7.3440156e-06
1966-09-23 12:00:00,1.7180306e-05
1966-09-24 12:00:00,1.9200686e-05
1966-09-25 12:00:00,2.1017617e-05
1966-09-26 12:00:00,1.4072027e-05
1966-09-27 12:00:00,8.655144e-06
1966-09-28 12:00:00,1.608393e-05
1966-09-29 12:00:00,2.6813144e-05
1966-09-30 12:00:00,2.3764205e-05
1966-10-01 12:00:00,1.1123223e-05
1966-10-02 12:00:00,1.2151428e-05
1966-10-03 12:00:00,2.4415354e-05
1966-10-04 12:00:00,2.3081267e-05
1966-10-05 12:00:00,1.9399546e-05
1966-10-06 12:00:00,1.6802896e-05
1966-10-07 12:00:00,1.4579065e-05
1966-10-08 12:00:00,1.1817465e-05
1966-10-09 12:00:00,1.3591656e-06
1966-10-10 12:00:00,1.0737338e-05
1966-10-11 12:00:00,1.7075225e-05
1966-10-12 12:00:00,2.2376958e-05
1966-10-13 12:00:00,1.4526789e-05
1966-10-14 12:00:00,1.5319929e-05
1966-10-15 12:00:00,1.5864938e-05
1966-10-16 12:00:00,1.3029164e-05
1966-10-17 12:00:00,1.01170945e-05
1966-10-18 12:00:00,6.476523e-06
1966-10-19 12:00:00,1.5354897e-05
1966-10-20 12:00:00,9.940841e-06
1966-10-21 12:00:00,2.6957255e-06
1966-10-22 12:00:00,8.762521e-06
1966-10-23 12:00:00,8.431913e-06
1966-10-24 12:00:00,9.77695e-06
1966-10-25 12:00:00,7.3327124e-06
1966-10-26 12:00:00,1.0723562e-05
1966-10-27 12:00:00,1.1859497e-05
1966-10-28 12:00:00,8.917935e-06
1966-10-29 12:00:00,8.364096e-06
1966-10-30 12:00:00,5.258643e-06
1966-11-01 12:00:00,5.212195e-06
1966-11-02 12:00:00,5.2245578e-06
1966-11-03 12:00:00,5.3826207e-06
1966-11-04 12:00:00,5.2120186e-06
1966-11-05 12:00:00,3.7149232e-06
1966-11-06 12:00:00,1.0724092e-05
1966-11-07 12:00:00,9.420558e-06
1966-11-08 12:00:00,3.3133194e-06
1966-11-09 12:00:00,4.558397e-06
1966-11-10 12:00:00,6.606329e-06
1966-11-11 12:00:00,1.9407316e-06
1966-11-12 12:00:00,1.0622897e-06
1966-11-13 12:00:00,3.5407888e-06
1966-11-14 12:00:00,4.7879857e-06
1966-11-15 12:00:00,7.2127964e-06
1966-11-16 12:00:00,4.6837877e-06
1966-11-17 12:00:00,7.1645827e-06
1966-11-18 12:00:00,1.5515257e-05
1966-11-19 12:00:00,1.7182425e-05
1966-11-20 12:00:00,1.2758956e-05
1966-11-21 12:00:00,1.809866e-05
1966-11-22 12:00:00,1.3975952e-05
1966-11-23 12:00:00,1.33062595e-05
1966-11-24 12:00:00,5.343414e-06
1966-11-25 12:00:00,8.191728e-06
1966-11-26 12:00:00,1.1367823e-05
1966-11-27 12:00:00,7.646366e-06
1966-11-28 12:00:00,1.11587215e-05
1966-11-29 12:00:00,2.0401612e-06
1966-11-30 12:00:00,1.4693683e-06
1966-12-01 12:00:00,3.1789216e-07
1966-12-02 12:00:00,-1.4460561e-06
1966-12-03 12:00:00,4.3305745e-06
1966-12-04 12:00:00,4.786926e-06
1966-12-05 12:00:00,7.351433e-06
1966-12-06 12:00:00,1.2372363e-05
1966-12-07 12:00:00,1.2938211e-05
1966-12-08 12:00:00,9.15812e-06
1966-12-09 12:00:00,1.4929628e-05
1966-12-10 12:00:00,6.8466907e-06
1966-12-11 12:00:00,5.695568e-07
1966-12-12 12:00:00,5.9355766e-06
1966-12-13 12:00:00,1.2028686e-06
1966-12-14 12:00:00,2.2273643e-06
1966-12-15 12:00:00,3.9054817e-06
1966-12-16 12:00:00,9.072643e-06
1966-12-17 12:00:00,5.244691e-06
1966-12-18 12:00:00,1.7660676e-06
1966-12-19 12:00:00,2.3686498e-06
1966-12-20 12:00:00,3.1902246e-06
1966-12-21 12:00:00,7.906331e-06
1966-12-22 12:00:00,9.4548195e-06
1966-12-23 12:00:00,5.0382378e-06
1966-12-24 12:00:00,3.3117299e-06
1966-12-25 12:00:00,9.802381e-06
1966-12-26 12:00:00,-1.5908737e-06
1966-12-27 12:00:00,1.2820237e-05
1966-12-28 12:00:00,1.0822462e-05
1966-12-29 12:00:00,-5.6796733e-07
1966-12-30 12:00:00,2.458366e-06
1967-01-01 12:00:00,4.3413143e-06
1967-01-02 12:00:00,5.4444663e-06
1967-01-03 12:00:00,1.0127162e-05
1967-01-04 12:00:00,9.398482e-06
1967-01-05 12:00:00,3.9141355e-06
1967-01-06 12:00:00,2.823942e-07
1967-01-07 12:00:00,2.633207e-07
1967-01-08 12:00:00,9.40431e-07
1967-01-09 12:00:00,3.4992863e-06
1967-01-10 12:00:00,5.4034604e-06
1967-01-11 12:00:00,1.977819e-06
1967-01-12 12:00:00,9.058161e-07
1967-01-13 12:00:00,3.5215388e-07
1967-01-14 12:00:00,1.5343595e-06
1967-01-15 12:00:00,1.8819215e-06
1967-01-16 12:00:00,3.5943008e-06
1967-01-17 12:00:00,2.9217822e-06
1967-01-18 12:00:00,4.4900503e-06
1967-01-19 12:00:00,7.592678e-06
1967-01-20 12:00:00,2.7183312e-06
1967-01-21 12:00:00,6.5047802e-06
1967-01-22 12:00:00,5.5609935e-06
1967-01-23 12:00:00,7.115133e-06
1967-01-24 12:00:00,1.0785728e-05
1967-01-25 12:00:00,9.762822e-06
1967-01-26 12:00:00,4.877172e-06
1967-01-27 12:00:00,9.101605e-06
1967-01-28 12:00:00,4.230085e-06
1967-01-29 12:00:00,1.039578e-05
1967-01-30 12:00:00,7.428787e-06
1967-02-01 12:00:00,3.6289157e-06
1967-02-02 12:00:00,9.154058e-06
1967-02-03 12:00:00,5.59084e-06
1967-02-04 12:00:00,2.788974e-06
1967-02-05 12:00:00,2.5687452e-06
1967-02-06 12:00:00,6.0922266e-06
1967-02-07 12:00:00,1.2794453e-05
1967-02-08 12:00:00,9.5516e-06
1967-02-09 12:00:00,7.2931525e-06
1967-02-10 12:00:00,4.683435e-06
1967-02-11 12:00:00,1.8123385e-06
1967-02-12 12:00:00,1.2095444e-05
1967-02-13 12:00:00,7.738731e-06
1967-02-14 12:00:00,8.259368e-06
1967-02-15 12:00:00,1.1729514e-05
1967-02-16 12:00:00,1.1600238e-05
1967-02-17 12:00:00,9.855717e-06
1967-02-18 12:00:00,7.2272783e-06
1967-02-19 12:00:00,5.9684253e-06
1967-02-20 12:00:00,8.688523e-06
1967-02-21 12:00:00,3.6527576e-06
1967-02-22 12:00:00,4.12677e-06
1967-02-23 12:00:00,4.357242e-06
1967-02-24 12:00:00,6.480585e-06
1967-02-25 12:00:00,6.3124553e-06
1967-02-26 12:00:00,5.053426e-06
1967-02-27 12:00:00,2.3481634e-06
1967-02-28 12:00:00,4.544092e-07
1967-02-29 12:00:00,3.9644683e-06
1967-02-30 12:00:00,6.631937e-06
1967-03-01 12:00:00,9.310355e-06
1967-03-02 12:00:00,4.7067465e-06
1967-03-03 12:00:00,7.718952e-06
1967-03-04 12:00:00,1.0841182e-05
1967-03-05 12:00:00,6.4860596e-06
1967-03-06 12:00:00,1.3743361e-05
1967-03-07 12:00:00,1.0380415e-05
1967-03-08 12:00:00,8.11561e-06
1967-03-09 12:00:00,9.254901e-06
1967-03-10 12:00:00,1.5282665e-05
1967-03-11 12:00:00,1.0047335e-05
1967-03-12 12:00:00,9.34338e-06
1967-03-13 12:00:00,8.613994e-06
1967-03-14 12:00:00,6.414181e-06
1967-03-15 12:00:00,6.1803535e-06
1967-03-16 12:00:00,3.2082382e-06
1967-03-17 12:00:00,6.561824e-06
1967-03-18 12:00:00,6.4108253e-06
1967-03-19 12:00:00,8.731261e-06
1967-03-20 12:00:00,1.1234839e-05
1967-03-21 12:00:00,1.5414944e-05
1967-03-22 12:00:00,1.707752e-05
1967-03-23 12:00:00,9.702246e-06
1967-03-24 12:00:00,1.0161776e-05
1967-03-25 12:00:00,6.1241926e-06
1967-03-26 12:00:00,1.5220147e-05
1967-03-27 12:00:00,1.509193e-05
1967-03-28 12:00:00,1.1776492e-05
1967-03-29 12:00:00,5.1019924e-06
1967-03-30 12:00:00,1.3330631e-05
1967-04-01 12:00:00,1.616199e-05
1967-04-02 12:00:00,1.1680418e-05
1967-04-03 12:00:00,1.6537457e-05
1967-04-04 12:00:00,1.8731265e-05
1967-04-05 12:00:00,5.842328e-06
1967-04-06 12:00:00,4.602019e-06
1967-04-07 12:00:00,1.8182549e-05
1967-04-08 12:00:00,1.3655058e-05
1967-04-09 12:00:00,1.1336035e-05
1967-04-10 12:00:00,1.195875e-05
1967-04-11 12:00:00,2.278651e-05
1967-04-12 12:00:00,1.1210291e-05
1967-04-13 12:00:00,1.9123863e-05
1967-04-14 12:00:00,2.0727628e-05
1967-04-15 12:00:00,2.5039835e-05
1967-04-16 12:00:00,2.0527534e-05
1967-04-17 12:00:00,1.949562e-05
1967-04-18 12:00:00,2.0123634e-05
1967-04-19 12:00:00,2.3587598e-05
1967-04-20 12:00:00,1.6581962e-05
1967-04-21 12:00:00,2.0749174e-05
1967-04-22 12:00:00,1.4213312e-05
1967-04-23 12:00:00,1.2681778e-05
1967-04-24 12:00:00,2.6581436e-05
1967-04-25 12:00:00,1.8878556e-05
1967-04-26 12:00:00,3.3987617e-05
1967-04-27 12:00:00,2.8926774e-05
1967-04-28 12:00:00,2.8497267e-05
1967-04-29 12:00:00,2.7174834e-05
1967-04-30 12:00:00,2.0972406e-05
1967-05-01 12:00:00,2.824389e-05
1967-05-02 12:00:00,2.705557e-05
1967-05-03 12:00:00,3.0051759e-05
1967-05-04 12:00:00,3.4189477e-05
1967-05-05 12:00:00,2.9392133e-05
1967-05-06 12:00:00,1.9131103e-05
1967-05-07 12:00:00,2.8464947e-05
1967-05-08 12:00:00,2.8656035e-05
1967-05-09 12:00:00,1.981369e-05
1967-05-10 12:00:00,3.0176972e-05
1967-05-11 12:00:00,3.0782205e-05
1967-05-12 12:00:00,2.9624724e-05
1967-05-13 12:00:00,2.7967799e-05
1967-05-14 12:00:00,3.1482803e-05
1967-05-15 12:00:00,3.0240904e-05
1967-05-16 12:00:00,1.4959475e-05
1967-05-17 12:00:00,3.4050314e-05
1967-05-18 12:00:00,3.315686e-05
1967-05-19 12:00:00,2.2518068e-05
1967-05-20 12:00:00,3.0876512e-05
1967-05-21 12:00:00,2.068701e-05
1967-05-22 12:00:00,3.4041306e-05
1967-05-23 12:00:00,2.1393436e-05
1967-05-24 12:00:00,2.3922445e-05
1967-05-25 12:00:00,2.5976735e-05
1967-05-26 12:00:00,3.157729e-05
1967-05-27 12:00:00,4.5406305e-05
1967-05-28 12:00:00,2.1998138e-05
1967-05-29 12:00:00,3.852853e-05
1967-05-30 12:00:00,2.388571e-05
1967-06-01 12:00:00,4.2167536e-05
1967-06-02 12:00:00,3.8730723e-05
1967-06-03 12:00:00,2.1780912e-05
1967-06-04 12:00:00,3.7226408e-05
1967-06-05 12:00:00,3.6232643e-05
1967-06-06 12:00:00,3.8495153e-05
1967-06-07 12:00:00,4.412767e-05
1967-06-08 12:00:00,4.4285203e-05
1967-06-09 12:00:00,3.1111576e-05
1967-06-10 12:00:00,3.538493e-05
1967-06-11 12:00:00,3.4513905e-05
1967-06-12 12:00:00,3.74673e-05
1967-06-13 12:00:00,2.7629598e-05
1967-06-14 12:00:00,3.1905776e-05
1967-06-15 12:00:00,3.3157918e-05
1967-06-16 12:00:00,2.72808e-05
1967-06-17 12:00:00,1.5071444e-05
1967-06-18 12:00:00,2.0643916e-05
1967-06-19 12:00:00,9.166597e-06
1967-06-20 12:00:00,3.688114e-05
1967-06-21 12:00:00,4.720063e-05
1967-06-22 12:00:00,4.094451e-05
1967-06-23 12:00:00,4.802291e-05
1967-06-24 12:00:00,4.3826734e-05
1967-06-25 12:00:00,3.4747733e-05
1967-06-26 12:00:00,3.9393195e-05
1967-06-27 12:00:00,3.6561836e-05
1967-06-28 12:00:00,3.939885e-05
1967-06-29 12:00:00,3.871503e-05
1967-06-30 12:00:00,3.4250406e-05
1967-07-01 12:00:00,2.2164324e-05
1967-07-02 12:00:00,2.0386955e-05
1967-07-03 12:00:00,1.7668975e-05
1967-07-04 12:00:00,1.2673478e-05
1967-07-05 12:00:00,2.0815578e-05
1967-07-06 12:00:00,2.2374134e-05
1967-07-07 12:00:00,2.3790342e-05
1967-07-08 12:00:00,2.6091177e-05
1967-07-09 12:00:00,1.8334607e-05
1967-07-10 12:00:00,2.2921262e-05
1967-07-11 12:00:00,2.302334e-05
1967-07-12 12:00:00,1.940396e-05
1967-07-13 12:00:00,1.9027259e-05
1967-07-14 12:00:00,1.5659014e-05
1967-07-15 12:00:00,1.944776e-05
1967-07-16 12:00:00,2.083995e-05
1967-07-17 12:00:00,1.6691105e-05
1967-07-18 12:00:00,1.6365619e-05
1967-07-19 12:00:00,1.4003503e-05
1967-07-20 12:00:00,1.4461974e-05
1967-07-21 12:00:00,1.1203932e-05
1967-07-22 12:00:00,9.186377e-06
1967-07-23 12:00:00,1.599916e-05
1967-07-24 12:00:00,2.3100163e-05
1967-07-25 12:00:00,1.4334817e-05
1967-07-26 12:00:00,8.434738e-06
1967-07-27 12:00:00,1.0036915e-05
1967-07-28 12:00:00,1.0813985e-05
1967-07-29 12:00:00,2.4999039e-05
1967-07-30 12:00:00,2.6767933e-05
1967-08-01 12:00:00,2.1848022e-05
1967-08-02 12:00:00,2.6378162e-05
1967-08-03 12:00:00,3.347634e-05
1967-08-04 12:00:00,1.992654e-05
1967-08-05 12:00:00,3.3199245e-05
1967-08-06 12:00:00,3.2693442e-05
1967-08-07 12:00:00,2.750968e-05
1967-08-08 12:00:00,2.6974916e-05
1967-08-09 12:00:00,3.112588e-05
1967-08-10 12:00:00,1.242976e-05
1967-08-11 12:00:00,2.9978291e-05
1967-08-12 12:00:00,3.79097e-05
1967-08-13 12:00:00,2.5579193e-05
1967-08-14 12:00:00,2.0045396e-05
1967-08-15 12:00:00,2.83279e-05
1967-08-16 12:00:00,2.5665553e-05
1967-08-17 12:00:00,3.6386642e-05
1967-08-18 12:00:00,2.7313296e-05
1967-08-19 12:00:00,3.987639e-05
1967-08-20 12:00:00,4.4595326e-05
1967-08-21 12:00:00,3.048374e-05
1967-08-22 12:00:00,1.6174354e-05
1967-08-23 12:00:00,3.502748e-05
1967-08-24 12:00:00,2.0955451e-05
1967-08-25 12:00:00,1.0525762e-05
1967-08-26 12:00:00,2.6457104e-05
1967-08-27 12:00:00,3.218764e-05
1967-08-28 12:00:00,2.6544702e-05
1967-08-29 12:00:00,2.7081587e-05
1967-08-30 12:00:00,8.403656e-06
1967-09-01 12:00:00,1.0964984e-05
1967-09-02 12:00:00,2.1699849e-05
1967-09-03 12:00:00,2.6034131e-05
1967-09-04 12:00:00,2.3118355e-05
1967-09-05 12:00:00,1.781662e-05
1967-09-06 12:00:00,1.0198157e-05
1967-09-07 12:00:00,2.2220132e-05
1967-09-08 12:00:00,2.2533079e-05
1967-09-09 12:00:00,1.6421425e-05
1967-09-10 12:00:00,1.8810562e-05
1967-09-11 12:00:00,1.7348788e-05
1967-09-12 12:00:00,2.90504e-05
1967-09-13 12:00:00,2.5801188e-05
1967-09-14 12:00:00,1.0003183e-05
1967-09-15 12:00:00,2.2077964e-05
1967-09-16 12:00:00,2.1374539e-05
1967-09-17 12:00:00,2.3953527e-05
1967-09-18 12:00:00,2.4385861e-05
1967-09-19 12:00:00,2.1986834e-05
1967-09-20 12:00:00,1.734137e-05
1967-09-21 12:00:00,1.7982806e-05
1967-09-22 12:00:00,1.8406663e-05
1967-09-23 12:00:00,1.7129443e-05
1967-09-24 12:00:00,1.795455e-05
1967-09-25 12:00:00,1.4707811e-05
1967-09-26 12:00:00,1.3814887e-05
1967-09-27 12:00:00,1.958781e-05
1967-09-28 12:00:00,1.8352974e-05
1967-09-29 12:00:00,1.7720016e-05
1967-09-30 12:00:00,1.4849096e-05
1967-10-01 12:00:00,1.5313219e-05
1967-10-02 12:00:00,8.25248e-06
1967-10-03 12:00:00,1.52892e-05
1967-10-04 12:00:00,2.0192158e-05
1967-10-05 12:00:00,1.7916225e-05
1967-10-06 12:00:00,1.6466283e-05
1967-10-07 12:00:00,1.7127853e-05
1967-10-08 12:00:00,1.6785589e-05
1967-10-09 12:00:00,6.808897e-06
1967-10-10 12:00:00,1.916042e-05
1967-10-11 12:00:00,2.028258e-05
1967-10-12 12:00:00,1.9820223e-05
1967-10-13 12:00:00,1.36727185e-05
1967-10-14 12:00:00,9.7693555e-06
1967-10-15 12:00:00,1.0772659e-05
1967-10-16 12:00:00,9.811918e-06
1967-10-17 12:00:00,1.1697725e-05
1967-10-18 12:00:00,1.1981179e-05
1967-10-19 12:00:00,2.6337366e-06
1967-10-20 12:00:00,4.0746713e-06
1967-10-21 12:00:00,9.827812e-06
1967-10-22 12:00:00,2.1235197e-05
1967-10-23 12:00:00,1.8728793e-05
1967-10-24 12:00:00,1.4026815e-05
1967-10-25 12:00:00,1.5287082e-05
1967-10-26 12:00:00,1.5089281e-05
1967-10-27 12:00:00,2.2269405e-05
1967-10-28 12:00:00,1.4532617e-05
1967-10-29 12:00:00,1.8920942e-05
1967-10-30 12:00:00,1.0291229e-05
1967-11-01 12:00:00,6.2970907e-06
1967-11-02 12:00:00,6.5524637e-06
1967-11-03 12:00:00,8.995288e-06
1967-11-04 12:00:00,6.464867e-06
1967-11-05 12:00:00,4.6604755e-06
1967-11-06 12:00:00,7.646013e-06
1967-11-07 12:00:00,1.1754416e-05
1967-11-08 12:00:00,3.8962985e-06
1967-11-09 12:00:00,1.054201e-05
1967-11-10 12:00:00,9.094718e-06
1967-11-11 12:00:00,5.6678405e-06
1967-11-12 12:00:00,7.875425e-06
1967-11-13 12:00:00,1.1640328e-05
1967-11-14 12:00:00,9.247659e-06
1967-11-15 12:00:00,6.704699e-06
1967-11-16 12:00:00,1.0878446e-05
1967-11-17 12:00:00,5.145968e-06
1967-11-18 12:00:00,4.6267437e-06
1967-11-19 12:00:00,2.7303404e-06
1967-11-20 12:00:00,5.085921e-06
1967-11-21 12:00:00,1.0407083e-05
1967-11-22 12:00:00,6.9738476e-06
1967-11-23 12:00:00,8.095653e-06
1967-11-24 12:00:00,3.4869238e-06
1967-11-25 12:00:00,2.003427e-06
1967-11-26 12:00:00,1.364817e-06
1967-11-27 12:00:00,9.748693e-07
1967-11-28 12:00:00,1.3337342e-06
1967-11-29 12:00:00,1.0737691e-06
1967-11-30 12:00:00,9.692179e-07
1967-12-01 12:00:00,1.0884274e-06
1967-12-02 12:00:00,1.5841626e-07
1967-12-03 12:00:00,1.5603207e-06
1967-12-04 12:00:00,3.6545237e-06
1967-12-05 12:00:00,3.5499725e-06
1967-12-06 12:00:00,5.6282806e-06
1967-12-07 12:00:00,5.84692e-06
1967-12-08 12:00:00,7.521152e-06
1967-12-09 12:00:00,1.0099257e-05
1967-12-10 12:00:00,8.2198085e-06
1967-12-11 12:00:00,2.5489653e-06
1967-12-12 12:00:00,3.6375693e-06
1967-12-13 12:00:00,9.093305e-06
1967-12-14 12:00:00,7.351433e-06
1967-12-15 12:00:00,7.581198e-06
1967-12-16 12:00:00,8.086117e-06
1967-12-17 12:00:00,6.9837374e-06
1967-12-18 12:00:00,2.6989044e-06
1967-12-19 12:00:00,5.9989784e-06
1967-12-20 12:00:00,1.2715686e-05
1967-12-21 12:00:00,6.7195338e-06
1967-12-22 12:00:00,6.872122e-06
1967-12-23 12:00:00,2.8483137e-06
1967-12-24 12:00:00,1.1670174e-06
1967-12-25 12:00:00,3.9220827e-06
1967-12-26 12:00:00,3.4727952e-06
1967-12-27 12:00:00,4.258342e-06
1967-12-28 12:00:00,-1.9186557e-06
1967-12-29 12:00:00,2.170144e-06
1967-12-30 12:00:00,5.094752e-06
1968-01-01 12:00:00,4.887062e-06
1968-01-02 12:00:00,5.662719e-06
1968-01-03 12:00:00,4.5688166e-06
1968-01-04 12:00:00,1.4359896e-06
1968-01-05 12:00:00,6.9671364e-07
1968-01-06 12:00:00,1.8220519e-06
1968-01-07 12:00:00,2.7116203e-06
1968-01-08 12:00:00,1.7058446e-06
1968-01-09 12:00:00,1.3335576e-06
1968-01-10 12:00:00,8.870957e-07
1968-01-11 12:00:00,1.085955e-06
1968-01-12 12:00:00,3.606663e-06
1968-01-13 12:00:00,1.980115e-06
1968-01-14 12:00:00,1.3277296e-06
1968-01-15 12:00:00,2.055526e-06
1968-01-16 12:00:00,5.967542e-06
1968-01-17 12:00:00,2.2595068e-06
1968-01-18 12:00:00,2.5192953e-06
1968-01-19 12:00:00,2.864385e-06
1968-01-20 12:00:00,9.250662e-07
1968-01-21 12:00:00,8.8444665e-07
1968-01-22 12:00:00,7.572898e-07
1968-01-23 12:00:00,3.2778215e-07
1968-01-24 12:00:00,7.7989546e-07
1968-01-25 12:00:00,7.7424403e-07
1968-01-26 12:00:00,2.334035e-06
1968-01-27 12:00:00,1.5484881e-06
1968-01-28 12:00:00,4.3798477e-07
1968-01-29 12:00:00,1.6812963e-06
1968-01-30 12:00:00,1.7067277e-06
1968-02-01 12:00:00,1.0608768e-06
1968-02-02 12:00:00,1.881745e-06
1968-02-03 12:00:00,-3.973652e-08
1968-02-04 12:00:00,-1.1795565e-06
1968-02-05 12:00:00,-8.554831e-07
1968-02-06 12:00:00,1.7876135e-06
1968-02-07 12:00:00,3.1398915e-06
1968-02-08 12:00:00,3.1861625e-06
1968-02-09 12:00:00,2.4968663e-06
1968-02-10 12:00:00,1.4743132e-06
1968-02-11 12:00:00,1.6991336e-06
1968-02-12 12:00:00,1.5666785e-06
1968-02-13 12:00:00,1.129047e-06
1968-02-14 12:00:00,1.0137228e-06
1968-02-15 12:00:00,7.79189e-07
1968-02-16 12:00:00,5.95518e-07
1968-02-17 12:00:00,1.9642202e-06
1968-02-18 12:00:00,3.4862174e-07
1968-02-19 12:00:00,1.5248228e-06
1968-02-20 12:00:00,1.9709314e-06
1968-02-21 12:00:00,8.1011285e-06
1968-02-22 12:00:00,6.6065054e-06
1968-02-23 12:00:00,3.879697e-06
1968-02-24 12:00:00,3.2693442e-06
1968-02-25 12:00:00,2.2520894e-06
1968-02-26 12:00:00,1.3591656e-06
1968-02-27 12:00:00,6.140264e-06
1968-02-28 12:00:00,3.8062287e-06
1968-02-29 12:00:00,6.9794993e-07
1968-02-30 12:00:00,-1.6134793e-06
1968-03-01 12:00:00,6.5219883e-06
1968-03-02 12:00:00,3.3501528e-06
1968-03-03 12:00:00,1.8356507e-06
1968-03-04 12:00:00,6.1476812e-06
1968-03-05 12:00:00,5.4043435e-06
1968-03-06 12:00:00,5.894604e-06
1968-03-07 12:00:00,7.151867e-06
1968-03-08 12:00:00,5.5950786e-06
1968-03-09 12:00:00,7.533338e-06
1968-03-10 12:00:00,8.571255e-06
1968-03-11 12:00:00,7.300747e-06
1968-03-12 12:00:00,4.3623636e-06
1968-03-13 12:00:00,6.73066e-06
1968-03-14 12:00:00,9.192735e-06
1968-03-15 12:00:00,8.606047e-06
1968-03-16 12:00:00,6.257884e-06
1968-03-17 12:00:00,1.0324431e-05
1968-03-18 12:00:00,1.1834772e-05
1968-03-19 12:00:00,1.2466495e-05
1968-03-20 12:00:00,7.3076344e-06
1968-03-21 12:00:00,7.697935e-06
1968-03-22 12:00:00,1.6847225e-05
1968-03-23 12:00:00,1.06781745e-05
1968-03-24 12:00:00,1.7640014e-05
1968-03-25 12:00:00,1.30772005e-05
1968-03-26 12:00:00,1.711761e-05
1968-03-27 12:00:00,1.2228605e-05
1968-03-28 12:00:00,5.623512e-06
1968-03-29 12:00:00,5.7633847e-06
1968-03-30 12:00:00,2.2176157e-05
1968-04-01 12:00:00,1.6236872e-05
1968-04-02 12:00:00,1.722216e-05
1968-04-03 12:00:00,2.1082431e-05
1968-04-04 12:00:00,1.3412047e-05
1968-04-05 12:00:00,1.1139295e-05
1968-04-06 12:00:00,1.5025173e-05
1968-04-07 12:00:00,1.6945418e-05
1968-04-08 12:00:00,2.1189631e-05
1968-04-09 12:00:00,1.8718198e-05
1968-04-10 12:00:00,7.754096e-06
1968-04-11 12:00:00,1.6512908e-05
1968-04-12 12:00:00,2.0290703e-05
1968-04-13 12:00:00,2.1867449e-05
1968-04-14 12:00:00,2.018315e-05
1968-04-15 12:00:00,1.6511673e-05
1968-04-16 12:00:00,1.9344092e-05
1968-04-17 12:00:00,2.0805159e-05
1968-04-18 12:00:00,2.083218e-05
1968-04-19 12:00:00,2.489696e-05
1968-04-20 12:00:00,3.4421362e-05
1968-04-21 12:00:00,3.8332495e-05
1968-04-22 12:00:00,4.2307736e-05
1968-04-23 12:00:00,3.3622393e-05
1968-04-24 12:00:00,2.668069e-05
1968-04-25 12:00:00,1.30024955e-05
1968-04-26 12:00:00,2.2566459e-05
1968-04-27 12:00:00,2.7830223e-05
1968-04-28 12:00:00,2.8564908e-05
1968-04-29 12:00:00,1.3792282e-05
1968-04-30 12:00:00,2.2811942e-05
1968-05-01 12:00:00,2.9657915e-05
1968-05-02 12:00:00,3.6046335e-05
1968-05-03 12:00:00,3.9561502e-05
1968-05-04 12:00:00,3.6033784e-05
1968-05-05 12:00:00,4.430198e-05
1968-05-06 12:00:00,4.4459513e-05
1968-05-07 12:00:00,3.4729896e-05
1968-05-08 12:00:00,2.4569885e-05
1968-05-09 12:00:00,3.5842517e-05
1968-05-10 12:00:00,3.4086872e-05
1968-05-11 12:00:00,3.9764425e-05
1968-05-12 12:00:00,3.1264695e-05
1968-05-13 12:00:00,4.001697e-05
1968-05-14 12:00:00,5.0286653e-05
1968-05-15 12:00:00,4.3759093e-05
1968-05-16 12:00:00,4.102469e-05
1968-05-17 12:00:00,4.26168e-05
1968-05-18 12:00:00,3.218658e-05
1968-05-19 12:00:00,1.3074198e-05
1968-05-20 12:00:00,2.3345117e-05
1968-05-21 12:00:00,3.4280783e-05
1968-05-22 12:00:00,4.0232433e-05
1968-05-23 12:00:00,3.7393478e-05
1968-05-24 12:00:00,2.1436175e-05
1968-05-25 12:00:00,5.2886658e-06
1968-05-26 12:00:00,2.3138664e-05
1968-05-27 12:00:00,3.0017498e-05
1968-05-28 12:00:00,3.106866e-05
1968-05-29 12:00:00,3.1255157e-05
1968-05-30 12:00:00,2.6199965e-05
1968-06-01 12:00:00,2.2861237e-05
1968-06-02 12:00:00,2.793846e-05
1968-06-03 12:00:00,2.4964249e-05
1968-06-04 12:00:00,1.7576964e-05
1968-06-05 12:00:00,1.8482251e-05
1968-06-06 12:00:00,2.2951108e-05
1968-06-07 12:00:00,2.4295969e-05
1968-06-08 12:00:00,2.6168176e-05
1968-06-09 12:00:00,8.349967e-06
1968-06-10 12:00:00,1.1982415e-05
1968-06-11 12:00:00,1.7668446e-05
1968-06-12 12:00:00,2.2229846e-05
1968-06-13 12:00:00,2.5955189e-05
1968-06-14 12:00:00,3.445633e-05
1968-06-15 12:00:00,2.6382048e-05
1968-06-16 12:00:00,2.9048279e-05
1968-06-17 12:00:00,2.9265682e-05
1968-06-18 12:00:00,3.757874e-05
1968-06-19 12:00:00,2.6266547e-05
1968-06-20 12:00:00,1.8691177e-05
1968-06-21 12:00:00,1.6548052e-05
1968-06-22 12:00:00,1.7258366e-05
1968-06-23 12:00:00,1.3801995e-05
1968-06-24 12:00:00,1.4467625e-05
1968-06-25 12:00:00,8.505382e-06
1968-06-26 12:00:00,1.5487707e-05
1968-06-27 12:00:00,1.7799135e-05
1968-06-28 12:00:00,1.9149824e-05
1968-06-29 12:00:00,1.0845068e-05
1968-06-30 12:00:00,2.0760477e-05
1968-07-01 12:00:00,1.545786e-05
1968-07-02 12:00:00,1.7995699e-05
1968-07-03 12:00:00,2.3209483e-05
1968-07-04 12:00:00,2.0170257e-05
1968-07-05 12:00:00,2.734844e-05
1968-07-06 12:00:00,1.4195651e-05
1968-07-07 12:00:00,3.18671e-05
1968-07-08 12:00:00,2.6108482e-05
1968-07-09 12:00:00,3.656996e-05
1968-07-10 12:00:00,3.0043106e-05
1968-07-11 12:00:00,2.5619813e-05
1968-07-12 12:00:00,2.1058237e-05
1968-07-13 12:00:00,2.4123423e-05
1968-07-14 12:00:00,1.7722135e-05
1968-07-15 12:00:00,1.8122326e-05
1968-07-16 12:00:00,1.9205809e-05
1968-07-17 12:00:00,2.468097e-05
1968-07-18 12:00:00,1.7721075e-05
1968-07-19 12:00:00,8.935066e-06
1968-07-20 12:00:00,2.0014668e-05
1968-07-21 12:00:00,2.3659124e-05
1968-07-22 12:00:00,2.4809717e-05
1968-07-23 12:00:00,1.7324417e-05
1968-07-24 12:00:00,1.5716589e-05
1968-07-25 12:00:00,1.4368726e-05
1968-07-26 12:00:00,2.9308245e-05
1968-07-27 12:00:00,1.7214214e-05
1968-07-28 12:00:00,1.5264475e-05
1968-07-29 12:00:00,2.5210968e-05
1968-07-30 12:00:00,2.9585164e-05
1968-08-01 12:00:00,1.1269453e-05
1968-08-02 12:00:00,2.5192601e-05
1968-08-03 12:00:00,1.6224332e-05
1968-08-04 12:00:00,3.0125228e-05
1968-08-05 12:00:00,1.626566e-05
1968-08-06 12:00:00,2.6548763e-05
1968-08-07 12:00:00,2.6837693e-05
1968-08-08 12:00:00,1.8591216e-05
1968-08-09 12:00:00,3.146726e-05
1968-08-10 12:00:00,2.528267e-05
1968-08-11 12:00:00,2.865692e-05
1968-08-12 12:00:00,2.3453731e-05
1968-08-13 12:00:00,1.9713905e-05
1968-08-14 12:00:00,3.0647985e-05
1968-08-15 12:00:00,3.280241e-05
1968-08-16 12:00:00,3.1765903e-05
1968-08-17 12:00:00,3.120659e-05
1968-08-18 12:00:00,1.8849769e-05
1968-08-19 12:00:00,2.4312392e-05
1968-08-20 12:00:00,2.3848976e-05
1968-08-21 12:00:00,2.0314015e-05
1968-08-22 12:00:00,2.342512e-05
1968-08-23 12:00:00,3.416846e-05
1968-08-24 12:00:00,2.6575784e-05
1968-08-25 12:00:00,2.2834547e-05
1968-08-26 12:00:00,2.6016294e-05
1968-08-27 12:00:00,2.060789e-05
1968-08-28 12:00:00,1.6016114e-05
1968-08-29 12:00:00,2.5784586e-05
1968-08-30 12:00:00,2.6674685e-05
1968-09-01 12:00:00,1.4513544e-05
1968-09-02 12:00:00,1.6922459e-05
1968-09-03 12:00:00,1.6392816e-05
1968-09-04 12:00:00,2.2022155e-05
1968-09-05 12:00:00,1.4715051e-05
1968-09-06 12:00:00,2.6799546e-05
1968-09-07 12:00:00,1.8958912e-05
1968-09-08 12:00:00,1.2654934e-05
1968-09-09 12:00:00,1.986773e-05
1968-09-10 12:00:00,1.7766817e-05
1968-09-11 12:00:00,2.6310875e-06
1968-09-12 12:00:00,1.4266823e-05
1968-09-13 12:00:00,1.231214e-05
1968-09-14 12:00:00,2.9185856e-05
1968-09-15 12:00:00,2.2775032e-05
1968-09-16 12:00:00,2.2641163e-05
1968-09-17 12:00:00,2.0520469e-05
1968-09-18 12:00:00,2.0662814e-05
1968-09-19 12:00:00,1.8163475e-05
1968-09-20 12:00:00,2.2673481e-05
1968-09-21 12:00:00,1.0715085e-05
1968-09-22 12:00:00,1.56629e-05
1968-09-23 12:00:00,1.3521013e-05
1968-09-24 12:00:00,1.4936693e-05
1968-09-25 12:00:00,2.3346e-05
1968-09-26 12:00:00,2.0455302e-05
1968-09-27 12:00:00,1.6968377e-05
1968-09-28 12:00:00,1.1961222e-05
1968-09-29 12:00:00,9.511334e-06
1968-09-30 12:00:00,1.3879879e-05
1968-10-01 12:00:00,1.5693486e-05
1968-10-02 12:00:00,1.1722241e-05
1968-10-03 12:00:00,2.5426075e-06
1968-10-04 12:00:00,7.809198e-06
1968-10-05 12:00:00,1.8688703e-05
1968-10-06 12:00:00,1.8276503e-05
1968-10-07 12:00:00,1.9176669e-05
1968-10-08 12:00:00,1.1324908e-05
1968-10-09 12:00:00,1.383714e-05
1968-10-10 12:00:00,8.773471e-06
1968-10-11 12:00:00,9.491024e-06
1968-10-12 12:00:00,1.0880565e-05
1968-10-13 12:00:00,9.5046225e-06
1968-10-14 12:00:00,2.0540956e-05
1968-10-15 12:00:00,4.434949e-06
1968-10-16 12:00:00,1.35067085e-05
1968-10-17 12:00:00,8.088766e-06
1968-10-18 12:00:00,1.8458231e-05
1968-10-19 12:00:00,7.225512e-06
1968-10-20 12:00:00,5.208133e-06
1968-10-21 12:00:00,6.5432805e-06
1968-10-22 12:00:00,8.199851e-06
1968-10-23 12:00:00,9.981108e-06
1968-10-24 12:00:00,9.723261e-06
1968-10-25 12:00:00,1.1147418e-05
1968-10-26 12:00:00,1.3077377e-05
1968-10-27 12:00:00,9.25702e-06
1968-10-28 12:00:00,4.7697954e-06
1968-10-29 12:00:00,1.706445e-05
1968-10-30 12:00:00,8.886852e-06
1968-11-01 12:00:00,7.5698954e-06
1968-11-02 12:00:00,7.044137e-06
1968-11-03 12:00:00,1.3838905e-05
1968-11-04 12:00:00,1.0477549e-05
1968-11-05 12:00:00,8.5804395e-06
1968-11-06 12:00:00,5.229679e-06
1968-11-07 12:00:00,1.5863878e-05
1968-11-08 12:00:00,1.3330808e-05
1968-11-09 12:00:00,1.0697425e-05
1968-11-10 12:00:00,1.1542665e-05
1968-11-11 12:00:00,1.1374005e-05
1968-11-12 12:00:00,9.729443e-06
1968-11-13 12:00:00,7.4074173e-06
1968-11-14 12:00:00,1.7028071e-05
1968-11-15 12:00:00,5.7787497e-06
1968-11-16 12:00:00,5.7533184e-06
1968-11-17 12:00:00,5.230209e-06
1968-11-18 12:00:00,4.0435884e-06
1968-11-19 12:00:00,8.056094e-06
1968-11-20 12:00:00,5.575122e-06
1968-11-21 12:00:00,2.9867736e-06
1968-11-22 12:00:00,1.9921242e-06
1968-11-23 12:00:00,8.491253e-06
1968-11-24 12:00:00,8.047617e-06
1968-11-25 12:00:00,1.1076776e-06
1968-11-26 12:00:00,4.7697954e-06
1968-11-27 12:00:00,1.3817713e-06
1968-11-28 12:00:00,4.473096e-06
1968-11-29 12:00:00,3.4219324e-06
1968-11-30 12:00:00,9.587628e-06
1968-12-01 12:00:00,2.3735947e-06
1968-12-02 12:00:00,2.1750889e-06
1968-12-03 12:00:00,-6.126488e-07
1968-12-04 12:00:00,5.198067e-06
1968-12-05 12:00:00,2.9498626e-06
1968-12-06 12:00:00,-3.8270684e-07
1968-12-07 12:00:00,1.2074604e-06
1968-12-08 12:00:00,1.69984e-06
1968-12-09 12:00:00,1.4336937e-06
1968-12-10 12:00:00,8.355266e-07
1968-12-11 12:00:00,1.8616118e-06
1968-12-12 12:00:00,2.4311687e-06
1968-12-13 12:00:00,2.3962004e-06
1968-12-14 12:00:00,2.0396315e-06
1968-12-15 12:00:00,2.0899643e-06
1968-12-16 12:00:00,6.891196e-07
1968-12-17 12:00:00,8.344669e-07
1968-12-18 12:00:00,3.247445e-06
1968-12-19 12:00:00,3.6310348e-06
1968-12-20 12:00:00,1.9271329e-06
1968-12-21 12:00:00,3.1647932e-07
1968-12-22 12:00:00,2.486623e-07
1968-12-23 12:00:00,1.33656e-06
1968-12-24 12:00:00,-6.725185e-07
1968-12-25 12:00:00,1.384597e-06
1968-12-26 12:00:00,4.066194e-06
1968-12-27 12:00:00,4.820658e-06
1968-12-28 12:00:00,4.122708e-06
1968-12-29 12:00:00,7.146216e-06
1968-12-30 12:00:00,6.815608e-06
1969-01-01 12:00:00,7.621288e-06
1969-01-02 12:00:00,3.7943962e-06
1969-01-03 12:00:00,3.1082789e-06
1969-01-04 12:00:00,1.8218753e-06
1969-01-05 12:00:00,4.095334e-06
1969-01-06 12:00:00,5.481874e-06
1969-01-07 12:00:00,7.4462705e-06
1969-01-08 12:00:00,7.698465e-06
1969-01-09 12:00:00,5.518608e-06
1969-01-10 12:00:00,7.76434e-06
1969-01-11 12:00:00,3.149605e-06
1969-01-12 12:00:00,2.4905085e-06
1969-01-13 12:00:00,1.04145e-06
1969-01-14 12:00:00,4.5718193e-06
1969-01-15 12:00:00,3.3429892e-06
1969-01-16 12:00:00,2.1293476e-06
1969-01-17 12:00:00,3.3802533e-07
1969-01-18 12:00:00,1.7118493e-06
1969-01-19 12:00:00,7.2320468e-06
1969-01-20 12:00:00,5.833321e-06
1969-01-21 12:00:00,4.7206987e-07
1969-01-22 12:00:00,3.4862174e-07
1969-01-23 12:00:00,-1.5177585e-06
1969-01-24 12:00:00,5.2332116e-06
1969-01-25 12:00:00,1.4057898e-05
1969-01-26 12:00:00,7.668972e-06
1969-01-27 12:00:00,1.001431e-05
1969-01-28 12:00:00,4.504179e-06
1969-01-29 12:00:00,2.4611918e-06
1969-01-30 12:00:00,3.0602419e-06
1969-02-01 12:00:00,1.5733785e-06
1969-02-02 12:00:00,1.916371e-06
1969-02-03 12:00:00,2.6868952e-06
1969-02-04 12:00:00,1.645975e-06
1969-02-05 12:00:00,2.1851554e-06
1969-02-06 12:00:00,1.8259373e-06
1969-02-07 12:00:00,2.4265769e-06
1969-02-08 12:00:00,2.3444547e-06
1969-02-09 12:00:00,1.4094985e-06
1969-02-10 12:00:00,2.9705257e-07
1969-02-11 12:00:00,2.5911743e-06
1969-02-12 12:00:00,3.9242022e-07
1969-02-13 12:00:00,5.1424354e-06
1969-02-14 12:00:00,5.6683702e-06
1969-02-15 12:00:00,6.6739693e-07
1969-02-16 12:00:00,4.4900503e-06
1969-02-17 12:00:00,2.6540463e-06
1969-02-18 12:00:00,8.363037e-06
1969-02-19 12:00:00,5.97496e-06
1969-02-20 12:00:00,1.15845205e-05
1969-02-21 12:00:00,6.135319e-06
1969-02-22 12:00:00,7.61599e-06
1969-02-23 12:00:00,1.0270919e-05
1969-02-24 12:00:00,8.498847e-06
1969-02-25 12:00:00,7.761337e-06
1969-02-26 12:00:00,6.1686974e-06
1969-02-27 12:00:00,7.657669e-06
1969-02-28 12:00:00,5.5299106e-06
1969-02-29 12:00:00,5.1456145e-06
1969-02-30 12:00:00,4.289425e-06
1969-03-01 12:00:00,5.6289873e-06
1969-03-02 12:00:00,6.272719e-06
1969-03-03 12:00:00,2.889463e-06
1969-03-04 12:00:00,6.5957324e-06
1969-03-05 12:00:00,6.8297363e-06
1969-03-06 12:00:00,5.3706117e-06
1969-03-07 12:00:00,1.4630987e-05
1969-03-08 12:00:00,1.4958769e-05
1969-03-09 12:00:00,8.210802e-06
1969-03-10 12:00:00,3.9870743e-06
1969-03-11 12:00:00,1.0299529e-05
1969-03-12 12:00:00,9.5153955e-06
1969-03-13 12:00:00,8.740798e-06
1969-03-14 12:00:00,9.035201e-06
1969-03-15 12:00:00,1.3843497e-05
1969-03-16 12:00:00,9.7896655e-06
1969-03-17 12:00:00,1.2468614e-05
1969-03-18 12:00:00,6.0567286e-06
1969-03-19 12:00:00,5.8227247e-06
1969-03-20 12:00:00,1.3694617e-05
1969-03-21 12:00:00,7.5312187e-06
1969-03-22 12:00:00,1.0441345e-05
1969-03-23 12:00:00,1.3478098e-05
1969-03-24 12:00:00,1.6625583e-05
1969-03-25 12:00:00,1.3205947e-05
1969-03-26 12:00:00,1.6295506e-05
1969-03-27 12:00:00,1.5688862e-05
1969-03-28 12:00:00,2.2458727e-05
1969-03-29 12:00:00,2.6496666e-05
1969-03-30 12:00:00,1.4408286e-05
1969-04-01 12:00:00,1.8206269e-05
1969-04-02 12:00:00,1.2646755e-05
1969-04-03 12:00:00,1.61823e-05
1969-04-04 12:00:00,1.0215288e-05
1969-04-05 12:00:00,1.636138e-05
1969-04-06 12:00:00,1.9989413e-05
1969-04-07 12:00:00,1.8405073e-05
1969-04-08 12:00:00,8.649139e-06
1969-04-09 12:00:00,1.7069573e-05
1969-04-10 12:00:00,2.2258986e-05
1969-04-11 12:00:00,1.8791665e-05
1969-04-12 12:00:00,2.082547e-05
1969-04-13 12:00:00,2.1527658e-05
1969-04-14 12:00:00,2.711938e-05
1969-04-15 12:00:00,1.6265481e-05
1969-04-16 12:00:00,8.709892e-06
1969-04-17 12:00:00,1.707964e-05
1969-04-18 12:00:00,2.130054e-05
1969-04-19 12:00:00,2.5004338e-05
1969-04-20 12:00:00,2.6623293e-05
1969-04-21 12:00:00,4.24107e-05
1969-04-22 12:00:00,3.5875895e-05
1969-04-23 12:00:00,4.2257758e-05
1969-04-24 12:00:00,3.5193487e-05
1969-04-25 12:00:00,3.345727e-05
1969-04-26 12:00:00,4.100809e-05
1969-04-27 12:00:00,3.7884976e-05
1969-04-28 12:00:00,3.2330692e-05
1969-04-29 12:00:00,3.381843e-05
1969-04-30 12:00:00,3.2371136e-05
1969-05-01 12:00:00,1.551561e-05
1969-05-02 12:00:00,2.7641254e-05
1969-05-03 12:00:00,2.9222943e-05
1969-05-04 12:00:00,2.5977088e-05
1969-05-05 12:00:00,2.2241855e-05
1969-05-06 12:00:00,2.5610629e-05
1969-05-07 12:00:00,1.3738593e-05
1969-05-08 12:00:00,3.5536283e-05
1969-05-09 12:00:00,3.467603e-05
1969-05-10 12:00:00,2.9838066e-05
1969-05-11 12:00:00,2.7140397e-05
1969-05-12 12:00:00,3.566432e-05
1969-05-13 12:00:00,1.5618218e-05
1969-05-14 12:00:00,3.0891348e-05
1969-05-15 12:00:00,2.6193078e-05
1969-05-16 12:00:00,2.3399865e-05
1969-05-17 12:00:00,2.3894894e-05
1969-05-18 12:00:00,2.9206343e-05
1969-05-19 12:00:00,2.5214676e-05
1969-05-20 12:00:00,1.6248352e-05
1969-05-21 12:00:00,2.678118e-05
1969-05-22 12:00:00,3.165517e-05
1969-05-23 12:00:00,2.392898e-05
1969-05-24 12:00:00,2.5870948e-05
1969-05-25 12:00:00,2.8277567e-05
1969-05-26 12:00:00,3.6731202e-05
1969-05-27 12:00:00,3.782546e-05
1969-05-28 12:00:00,3.3407287e-05
1969-05-29 12:00:00,3.1660824e-05
1969-05-30 12:00:00,3.4143563e-05
1969-06-01 12:00:00,3.0763804e-05
1969-06-02 12:00:00,2.7042413e-05
1969-06-03 12:00:00,1.3140955e-05
1969-06-04 12:00:00,3.166718e-05
1969-06-05 12:00:00,2.8793966e-05
1969-06-06 12:00:00,2.9236013e-05
1969-06-07 12:00:00,3.1313084e-05
1969-06-08 12:00:00,2.4538449e-05
1969-06-09 12:00:00,2.9692894e-05
1969-06-10 12:00:00,3.8794675e-05
1969-06-11 12:00:00,3.730182e-05
1969-06-12 12:00:00,3.3631226e-05
1969-06-13 12:00:00,2.7082646e-05
1969-06-14 12:00:00,3.902921e-05
1969-06-15 12:00:00,3.4082103e-05
1969-06-16 12:00:00,3.8753173e-05
1969-06-17 12:00:00,2.234994e-05
1969-06-18 12:00:00,3.28644e-05
1969-06-19 12:00:00,3.0920663e-05
1969-06-20 12:00:00,3.561487e-05
1969-06-21 12:00:00,1.3813651e-05
1969-06-22 12:00:00,2.2125647e-05
1969-06-23 12:00:00,3.0680832e-05
1969-06-24 12:00:00,3.5120727e-05
1969-06-25 12:00:00,2.6544702e-05
1969-06-26 12:00:00,2.1045875e-05
1969-06-27 12:00:00,4.249865e-06
1969-06-28 12:00:00,2.0308364e-05
1969-06-29 12:00:00,3.0350931e-05
1969-06-30 12:00:00,2.6389289e-05
1969-07-01 12:00:00,3.3296907e-05
1969-07-02 12:00:00,2.8203922e-05
1969-07-03 12:00:00,3.860659e-05
1969-07-04 12:00:00,3.159124e-05
1969-07-05 12:00:00,3.9647686e-05
1969-07-06 12:00:00,2.6600334e-05
1969-07-07 12:00:00,1.5359137e-05
1969-07-08 12:00:00,2.4450852e-05
1969-07-09 12:00:00,2.274695e-05
1969-07-10 12:00:00,1.653887e-05
1969-07-11 12:00:00,3.0781674e-05
1969-07-12 12:00:00,3.3063436e-05
1969-07-13 12:00:00,1.7900684e-05
1969-07-14 12:00:00,3.4478584e-05
1969-07-15 12:00:00,3.7066402e-05
1969-07-16 12:00:00,3.7772475e-05
1969-07-17 12:00:00,3.2459793e-05
1969-07-18 12:00:00,3.9571394e-05
1969-07-19 12:00:00,2.2510827e-05
1969-07-20 12:00:00,3.824437e-05
1969-07-21 12:00:00,5.1514426e-06
1969-07-22 12:00:00,8.242767e-06
1969-07-23 12:00:00,1.969801e-05
1969-07-24 12:00:00,3.2947755e-05
1969-07-25 12:00:00,2.939019e-05
1969-07-26 12:00:00,3.451885e-05
1969-07-27 12:00:00,3.464318e-05
1969-07-28 12:00:00,3.802273e-05
1969-07-29 12:00:00,3.7629954e-05
1969-07-30 12:00:00,3.4049783e-05
1969-08-01 12:00:00,3.2533084e-05
1969-08-02 12:00:00,1.6697815e-05
1969-08-03 12:00:00,3.319395e-05
1969-08-04 12:00:00,2.0621665e-05
1969-08-05 12:00:00,3.9510465e-05
1969-08-06 12:00:00,3.3534267e-05
1969-08-07 12:00:00,3.75775e-05
1969-08-08 12:00:00,3.7301645e-05
1969-08-09 12:00:00,3.676476e-05
1969-08-10 12:00:00,3.0339981e-05
1969-08-11 12:00:00,3.362416e-05
1969-08-12 12:00:00,3.2403277e-05
1969-08-13 12:00:00,2.672078e-05
1969-08-14 12:00:00,3.484204e-05
1969-08-15 12:00:00,2.6985866e-05
1969-08-16 12:00:00,3.080569e-05
1969-08-17 12:00:00,2.8005063e-05
1969-08-18 12:00:00,2.9361932e-05
1969-08-19 12:00:00,1.9248724e-05
1969-08-20 12:00:00,3.4945533e-05
1969-08-21 12:00:00,3.5239405e-05
1969-08-22 12:00:00,2.0952626e-05
1969-08-23 12:00:00,3.0517647e-05
1969-08-24 12:00:00,2.54342e-05
1969-08-25 12:00:00,2.5906093e-05
1969-08-26 12:00:00,1.9209163e-05
1969-08-27 12:00:00,2.956821e-05
1969-08-28 12:00:00,2.5013169e-05
1969-08-29 12:00:00,2.8358807e-05
1969-08-30 12:00:00,2.7703243e-05
1969-09-01 12:00:00,2.933968e-05
1969-09-02 12:00:00,2.3607025e-05
1969-09-03 12:00:00,2.1488097e-05
1969-09-04 12:00:00,2.6532693e-05
1969-09-05 12:00:00,1.8435272e-05
1969-09-06 12:00:00,1.598662e-05
1969-09-07 12:00:00,1.2195933e-05
1969-09-08 12:00:00,2.4650064e-05
1969-09-09 12:00:00,2.7153996e-05
1969-09-10 12:00:00,2.6377633e-05
1969-09-11 12:00:00,1.3029693e-05
1969-09-12 12:00:00,1.9116975e-05
1969-09-13 12:00:00,1.6641301e-05
1969-09-14 12:00:00,2.1037396e-05
1969-09-15 12:00:00,1.9569794e-05
1969-09-16 12:00:00,1.3812414e-05
1969-09-17 12:00:00,1.6352373e-05
1969-09-18 12:00:00,1.19697e-05
1969-09-19 12:00:00,1.0472074e-05
1969-09-20 12:00:00,1.3215837e-05
1969-09-21 12:00:00,5.8435644e-06
1969-09-22 12:00:00,2.4747551e-05
1969-09-23 12:00:00,2.1342574e-05
1969-09-24 12:00:00,2.068701e-05
1969-09-25 12:00:00,1.7838694e-05
1969-09-26 12:00:00,2.143017e-05
1969-09-27 12:00:00,1.7722841e-05
1969-09-28 12:00:00,1.8519691e-05
1969-09-29 12:00:00,1.2356822e-05
1969-09-30 12:00:00,1.5159924e-05
1969-10-01 12:00:00,1.87076e-05
1969-10-02 12:00:00,1.9499328e-05
1969-10-03 12:00:00,9.10867e-06
1969-10-04 12:00:00,8.85206e-06
1969-10-05 12:00:00,1.6602979e-05
1969-10-06 12:00:00,1.5878537e-05
1969-10-07 12:00:00,1.2383489e-05
1969-10-08 12:00:00,2.4710464e-05
1969-10-09 12:00:00,2.3873878e-05
1969-10-10 12:00:00,1.7635597e-05
1969-10-11 12:00:00,1.847183e-05
1969-10-12 12:00:00,2.4866584e-05
1969-10-13 12:00:00,2.6537462e-05
1969-10-14 12:00:00,5.2328583e-06
1969-10-15 12:00:00,1.0437989e-05
1969-10-16 12:00:00,1.7122555e-05
1969-10-17 12:00:00,1.2225426e-05
1969-10-18 12:00:00,6.283845e-06
1969-10-19 12:00:00,8.830514e-06
1969-10-20 12:00:00,1.8101486e-05
1969-10-21 12:00:00,1.1605183e-05
1969-10-22 12:00:00,8.5364645e-06
1969-10-23 12:00:00,8.067396e-06
1969-10-24 12:00:00,9.75717e-06
1969-10-25 12:00:00,1.6318465e-05
1969-10-26 12:00:00,1.2099682e-05
1969-10-27 12:00:00,1.08478935e-05
1969-10-28 12:00:00,8.369748e-06
1969-10-29 12:00:00,6.7421397e-06
1969-10-30 12:00:00,4.704804e-06
1969-11-01 12:00:00,8.158879e-06
1969-11-02 12:00:00,5.3480057e-06
1969-11-03 12:00:00,5.3109184e-06
1969-11-04 12:00:00,7.4913055e-06
1969-11-05 12:00:00,5.333877e-06
1969-11-06 12:00:00,3.7020309e-06
1969-11-07 12:00:00,7.3388937e-06
1969-11-08 12:00:00,5.1051716e-06
1969-11-09 12:00:00,1.0894164e-05
1969-11-10 12:00:00,2.2313205e-05
1969-11-11 12:00:00,1.8310942e-05
1969-11-12 12:00:00,1.59241e-05
1969-11-13 12:00:00,1.3465029e-05
1969-11-14 12:00:00,6.0653824e-06
1969-11-15 12:00:00,1.38876485e-05
1969-11-16 12:00:00,1.0020138e-05
1969-11-17 12:00:00,8.980807e-06
1969-11-18 12:00:00,1.5975847e-05
1969-11-19 12:00:00,8.2198085e-06
1969-11-20 12:00:00,4.3399345e-06
1969-11-21 12:00:00,5.199303e-06
1969-11-22 12:00:00,2.893525e-06
1969-11-23 12:00:00,2.0486384e-06
1969-11-24 12:00:00,4.9223836e-06
1969-11-25 12:00:00,1.7005112e-05
1969-11-26 12:00:00,1.5165576e-05
1969-11-27 12:00:00,1.3902484e-05
1969-11-28 12:00:00,1.1164373e-05
1969-11-29 12:00:00,3.4049783e-06
1969-11-30 12:00:00,2.430109e-06
1969-12-01 12:00:00,5.982554e-06
1969-12-02 12:00:00,5.1074676e-06
1969-12-03 12:00:00,5.2870764e-06
1969-12-04 12:00:00,5.0193407e-06
1969-12-05 12:00:00,3.2156559e-06
1969-12-06 12:00:00,7.1647596e-06
1969-12-07 12:00:00,7.809904e-06
1969-12-08 12:00:00,5.7990596e-06
1969-12-09 12:00:00,1.9569795e-06
1969-12-10 12:00:00,2.913305e-06
1969-12-11 12:00:00,3.2661653e-06
1969-12-12 12:00:00,4.5283737e-06
1969-12-13 12:00:00,9.072819e-06
1969-12-14 12:00:00,2.241493e-06
1969-12-15 12:00:00,3.4166344e-06
1969-12-16 12:00:00,1.6881839e-06
1969-12-17 12:00:00,4.8609245e-06
1969-12-18 12:00:00,2.50605e-06
1969-12-19 12:00:00,4.366249e-06
1969-12-20 12:00:00,5.239746e-06
1969-12-21 12:00:00,7.0642704e-07
1969-12-22 12:00:00,-2.5431373e-08
1969-12-23 12:00:00,-5.7644445e-07
1969-12-24 12:00:00,2.9387365e-07
1969-12-25 12:00:00,4.4646188e-07
1969-12-26 12:00:00,4.2922507e-06
1969-12-27 12:00:00,4.2752963e-06
1969-12-28 12:00:00,2.4414119e-06
1969-12-29 12:00:00,9.1270374e-07
1969-12-30 12:00:00,1.5936994e-06
1970-01-01 12:00:00,4.5695896e-07
1970-01-02 12:00:00,1.3343744e-07
1970-01-03 12:00:00,1.3042409e-06
1970-01-04 12:00:00,2.0276223e-06
1970-01-05 12:00:00,-8.964559e-07
1970-01-06 12:00:00,2.415804e-06
1970-01-07 12:00:00,3.0690721e-06
1970-01-08 12:00:00,3.867688e-07
1970-01-09 12:00:00,-2.0747761e-06
1970-01-10 12:00:00,-3.6213216e-06
1970-01-11 12:00:00,2.6844226e-08
1970-01-12 12:00:00,3.3525262e-06
1970-01-13 12:00:00,3.90142e-06
1970-01-14 12:00:00,2.640271e-07
1970-01-15 12:00:00,-1.5138731e-06
1970-01-16 12:00:00,1.5242929e-06
1970-01-17 12:00:00,2.0814873e-06
1970-01-18 12:00:00,2.7370515e-06
1970-01-19 12:00:00,6.4196556e-06
1970-01-20 12:00:00,3.6663562e-06
1970-01-21 12:00:00,3.630152e-06
1970-01-22 12:00:00,1.6699935e-06
1970-01-23 12:00:00,3.3823726e-06
1970-01-24 12:00:00,4.9421633e-06
1970-01-25 12:00:00,9.014009e-07
1970-01-26 12:00:00,3.7412376e-06
1970-01-27 12:00:00,6.1515666e-06
1970-01-28 12:00:00,5.171046e-06
1970-01-29 12:00:00,4.060543e-06
1970-01-30 12:00:00,4.314856e-06
1970-02-01 12:00:00,1.4678228e-07
1970-02-02 12:00:00,6.1262676e-07
1970-02-03 12:00:00,2.0890814e-06
1970-02-04 12:00:00,3.7781483e-06
1970-02-05 12:00:00,5.346063e-06
1970-02-06 12:00:00,7.700231e-06
1970-02-07 12:00:00,1.2232314e-05
1970-02-08 12:00:00,7.5275098e-06
1970-02-09 12:00:00,1.37308225e-05
1970-02-10 12:00:00,1.0287873e-05
1970-02-11 12:00:00,7.45775e-06
1970-02-12 12:00:00,1.0535299e-05
1970-02-13 12:00:00,7.1539866e-06
1970-02-14 12:00:00,5.6383474e-06
1970-02-15 12:00:00,3.5683395e-06
1970-02-16 12:00:00,7.294212e-06
1970-02-17 12:00:00,5.6063814e-06
1970-02-18 12:00:00,8.250715e-06
1970-02-19 12:00:00,8.121968e-06
1970-02-20 12:00:00,9.734741e-06
1970-02-21 12:00:00,8.027307e-06
1970-02-22 12:00:00,1.3119409e-05
1970-02-23 12:00:00,1.2481153e-05
1970-02-24 12:00:00,1.1189804e-05
1970-02-25 12:00:00,6.996453e-06
1970-02-26 12:00:00,8.725787e-06
1970-02-27 12:00:00,8.364096e-06
1970-02-28 12:00:00,9.494379e-06
1970-02-29 12:00:00,7.2366383e-06
1970-02-30 12:00:00,6.891902e-06
1970-03-01 12:00:00,1.1236814e-05
1970-03-02 12:00:00,8.785093e-06
1970-03-03 12:00:00,1.19878905e-05
1970-03-04 12:00:00,1.0115152e-05
1970-03-05 12:00:00,9.640963e-06
1970-03-06 12:00:00,5.313744e-06
1970-03-07 12:00:00,1.1470079e-05
1970-03-08 12:00:00,1.8101839e-05
1970-03-09 12:00:00,1.6609865e-05
1970-03-10 12:00:00,5.1795228e-06
1970-03-11 12:00:00,1.3666714e-05
1970-03-12 12:00:00,1.6007989e-05
1970-03-13 12:00:00,1.5725065e-05
1970-03-14 12:00:00,3.8925896e-06
1970-03-15 12:00:00,5.649297e-06
1970-03-16 12:00:00,1.278209e-05
1970-03-17 12:00:00,1.178179e-05
1970-03-18 12:00:00,1.0979996e-05
1970-03-19 12:00:00,8.418668e-06
1970-03-20 12:00:00,1.5044953e-05
1970-03-21 12:00:00,1.7051028e-05
1970-03-22 12:00:00,1.6760687e-05
1970-03-23 12:00:00,2.1982596e-05
1970-03-24 12:00:00,2.0492918e-05
1970-03-25 12:00:00,2.3507066e-05
1970-03-26 12:00:00,1.3133891e-05
1970-03-27 12:00:00,9.146817e-06
1970-03-28 12:00:00,2.1407564e-05
1970-03-29 12:00:00,2.6106718e-05
1970-03-30 12:00:00,2.4171108e-05
1970-04-01 12:00:00,2.8528051e-05
1970-04-02 12:00:00,3.317588e-05
1970-04-03 12:00:00,1.5159924e-05
1970-04-04 12:00:00,1.1933848e-05
1970-04-05 12:00:00,1.6173293e-05
1970-04-06 12:00:00,6.841922e-06
1970-04-07 12:00:00,1.09794655e-05
1970-04-08 12:00:00,1.9303296e-05
1970-04-09 12:00:00,1.9679292e-05
1970-04-10 12:00:00,2.125851e-05
1970-04-11 12:00:00,2.5751737e-05
1970-04-12 12:00:00,8.749628e-06
1970-04-13 12:00:00,1.9991885e-05
1970-04-14 12:00:00,1.71441e-05
1970-04-15 12:00:00,2.6464522e-05
1970-04-16 12:00:00,9.66869e-06
1970-04-17 12:00:00,2.2879582e-05
1970-04-18 12:00:00,2.7966209e-05
1970-04-19 12:00:00,1.2412453e-05
1970-04-20 12:00:00,2.7341022e-05
1970-04-21 12:00:00,4.058017e-05
1970-04-22 12:00:00,3.5876074e-05
1970-04-23 12:00:00,2.4516727e-05
1970-04-24 12:00:00,2.8402252e-05
1970-04-25 12:00:00,2.581302e-05
1970-04-26 12:00:00,1.3263344e-05
1970-04-27 12:00:00,2.705333e-05
1970-04-28 12:00:00,2.6981803e-05
1970-04-29 12:00:00,1.3905839e-05
1970-04-30 12:00:00,3.1184514e-05
1970-05-01 12:00:00,3.061393e-05
1970-05-02 12:00:00,3.0229216e-05
1970-05-03 12:00:00,1.5411411e-05
1970-05-04 12:00:00,1.305848e-05
1970-05-05 12:00:00,3.973299e-05
1970-05-06 12:00:00,4.5556597e-05
1970-05-07 12:00:00,4.3142205e-05
1970-05-08 12:00:00,3.869613e-05
1970-05-09 12:00:00,3.876554e-05
1970-05-10 12:00:00,3.9926195e-05
1970-05-11 12:00:00,3.399168e-05
1970-05-12 12:00:00,3.0012552e-05
1970-05-13 12:00:00,2.9703491e-05
1970-05-14 12:00:00,1.9084126e-05
1970-05-15 12:00:00,2.1413216e-05
1970-05-16 12:00:00,3.228601e-05
1970-05-17 12:00:00,3.4832858e-05
1970-05-18 12:00:00,3.6765818e-05
1970-05-19 12:00:00,4.100809e-05
1970-05-20 12:00:00,4.058176e-05
1970-05-21 12:00:00,3.429403e-05
1970-05-22 12:00:00,1.5651243e-05
1970-05-23 12:00:00,1.675274e-05
1970-05-24 12:00:00,1.7393293e-05
1970-05-25 12:00:00,2.8213459e-05
1970-05-26 12:00:00,3.4014993e-05
1970-05-27 12:00:00,4.092314e-05
1970-05-28 12:00:00,2.5446914e-05
1970-05-29 12:00:00,2.412466e-05
1970-05-30 12:00:00,2.4329347e-05
1970-06-01 12:00:00,3.1605843e-05
1970-06-02 12:00:00,3.3073204e-05
1970-06-03 12:00:00,3.2174397e-05
1970-06-04 12:00:00,1.8999179e-05
1970-06-05 12:00:00,1.2899887e-05
1970-06-06 12:00:00,1.7575021e-05
1970-06-07 12:00:00,9.642729e-06
1970-06-08 12:00:00,1.7377046e-05
1970-06-09 12:00:00,1.3406042e-05
1970-06-10 12:00:00,2.472e-05
1970-06-11 12:00:00,2.6736321e-05
1970-06-12 12:00:00,1.0488322e-05
1970-06-13 12:00:00,1.1898704e-05
1970-06-14 12:00:00,2.2478685e-05
1970-06-15 12:00:00,3.064039e-05
1970-06-16 12:00:00,3.549937e-05
1970-06-17 12:00:00,2.3012566e-05
1970-06-18 12:00:00,1.6872304e-05
1970-06-19 12:00:00,2.2989962e-05
1970-06-20 12:00:00,2.799429e-05
1970-06-21 12:00:00,2.6943128e-05
1970-06-22 12:00:00,2.2735647e-05
1970-06-23 12:00:00,2.1492337e-05
1970-06-24 12:00:00,2.3716168e-05
1970-06-25 12:00:00,3.168749e-05
1970-06-26 12:00:00,2.0802863e-05
1970-06-27 12:00:00,1.2715686e-05
1970-06-28 12:00:00,3.5872363e-05
1970-06-29 12:00:00,3.5957135e-05
1970-06-30 12:00:00,1.5258824e-05
1970-07-01 12:00:00,1.6174166e-05
1970-07-02 12:00:00,3.215922e-05
1970-07-03 12:00:00,3.589497e-05
1970-07-04 12:00:00,3.3247106e-05
1970-07-05 12:00:00,2.9842304e-05
1970-07-06 12:00:00,2.7866958e-05
1970-07-07 12:00:00,1.0759413e-05
1970-07-08 12:00:00,1.7233993e-05
1970-07-09 12:00:00,1.02972335e-05
1970-07-10 12:00:00,2.9292703e-05
1970-07-11 12:00:00,3.8739752e-05
1970-07-12 12:00:00,3.59091e-05
1970-07-13 12:00:00,3.582998e-05
1970-07-14 12:00:00,3.8176906e-05
1970-07-15 12:00:00,1.876129e-05
1970-07-16 12:00:00,3.6836107e-05
1970-07-17 12:00:00,3.501706e-05
1970-07-18 12:00:00,3.716583e-05
1970-07-19 12:00:00,3.8755825e-05
1970-07-20 12:00:00,3.7391714e-05
1970-07-21 12:00:00,3.4591965e-05
1970-07-22 12:00:00,5.479048e-06
1970-07-23 12:00:00,2.9958157e-05
1970-07-24 12:00:00,4.1297724e-05
1970-07-25 12:00:00,2.6971384e-05
1970-07-26 12:00:00,4.6692e-05
1970-07-27 12:00:00,4.490898e-05
1970-07-28 12:00:00,2.2046175e-05
1970-07-29 12:00:00,8.180425e-06
1970-07-30 12:00:00,2.3320568e-05
1970-08-01 12:00:00,2.3591296e-05
1970-08-02 12:00:00,2.522652e-05
1970-08-03 12:00:00,3.1361476e-05
1970-08-04 12:00:00,3.7458645e-05
1970-08-05 12:00:00,2.6057796e-05
1970-08-06 12:00:00,3.1738353e-05
1970-08-07 12:00:00,2.7950846e-05
1970-08-08 12:00:00,2.7996763e-05
1970-08-09 12:00:00,2.9160601e-05
1970-08-10 12:00:00,3.3630873e-05
1970-08-11 12:00:00,3.4657838e-05
1970-08-12 12:00:00,2.9125456e-05
1970-08-13 12:00:00,3.0615312e-05
1970-08-14 12:00:00,2.646205e-05
1970-08-15 12:00:00,2.2671893e-05
1970-08-16 12:00:00,1.9630548e-05
1970-08-17 12:00:00,2.4819254e-05
1970-08-18 12:00:00,2.9003775e-05
1970-08-19 12:00:00,3.530157e-05
1970-08-20 12:00:00,3.5086818e-05
1970-08-21 12:00:00,3.7030906e-05
1970-08-22 12:00:00,3.7276743e-05
1970-08-23 12:00:00,3.904281e-05
1970-08-24 12:00:00,2.6086936e-05
1970-08-25 12:00:00,2.615758e-05
1970-08-26 12:00:00,2.4224795e-05
1970-08-27 12:00:00,1.4671076e-05
1970-08-28 12:00:00,2.2512417e-05
1970-08-29 12:00:00,8.200205e-06
1970-08-30 12:00:00,2.460344e-05
1970-09-01 12:00:00,2.9517876e-05
1970-09-02 12:00:00,2.8037735e-05
1970-09-03 12:00:00,1.7508088e-05
1970-09-04 12:00:00,1.5971786e-05
1970-09-05 12:00:00,2.2100216e-05
1970-09-06 12:00:00,2.6279262e-05
1970-09-07 12:00:00,1.8908755e-05
1970-09-08 12:00:00,1.616835e-05
1970-09-09 12:00:00,2.4531031e-05
1970-09-10 12:00:00,2.6509028e-05
1970-09-11 12:00:00,2.2069133e-05
1970-09-12 12:00:00,2.2114345e-05
1970-09-13 12:00:00,2.1095148e-05
1970-09-14 12:00:00,2.9711615e-05
1970-09-15 12:00:00,4.0329036e-05
1970-09-16 12:00:00,2.2643459e-05
1970-09-17 12:00:00,2.501935e-05
1970-09-18 12:00:00,3.036347e-05
1970-09-19 12:00:00,1.6038719e-05
1970-09-20 12:00:00,2.8813745e-05
1970-09-21 12:00:00,2.1752301e-05
1970-09-22 12:00:00,1.877118e-05
1970-09-23 12:00:00,1.837558e-05
1970-09-24 12:00:00,2.6601216e-05
1970-09-25 12:00:00,2.4648652e-05
1970-09-26 12:00:00,2.2848675e-05
1970-09-27 12:00:00,2.0983709e-05
1970-09-28 12:00:00,1.9709314e-05
1970-09-29 12:00:00,3.1393618e-05
1970-09-30 12:00:00,2.9506044e-05
1970-10-01 12:00:00,9.336492e-06
1970-10-02 12:00:00,1.7424729e-05
1970-10-03 12:00:00,1.2101801e-05
1970-10-04 12:00:00,1.7850529e-05
1970-10-05 12:00:00,1.2437884e-05
1970-10-06 12:00:00,2.535455e-05
1970-10-07 12:00:00,1.4516369e-05
1970-10-08 12:00:00,1.2777852e-05
1970-10-09 12:00:00,8.678633e-06
1970-10-10 12:00:00,1.1659225e-05
1970-10-11 12:00:00,1.4959122e-05
1970-10-12 12:00:00,1.6627879e-05
1970-10-13 12:00:00,1.0170606e-05
1970-10-14 12:00:00,9.285453e-06
1970-10-15 12:00:00,1.2329448e-05
1970-10-16 12:00:00,8.974802e-06
1970-10-17 12:00:00,7.807432e-06
1970-10-18 12:00:00,1.805345e-05
1970-10-19 12:00:00,1.1048519e-05
1970-10-20 12:00:00,6.8466907e-06
1970-10-21 12:00:00,6.7195338e-06
1970-10-22 12:00:00,6.273072e-06
1970-10-23 12:00:00,5.770096e-06
1970-10-24 12:00:00,6.2815493e-06
1970-10-25 12:00:00,4.8828238e-06
1970-10-26 12:00:00,9.1298625e-06
1970-10-27 12:00:00,1.6739496e-05
1970-10-28 12:00:00,7.968497e-06
1970-10-29 12:00:00,4.1001026e-06
1970-10-30 12:00:00,8.994229e-06
1970-11-01 12:00:00,2.500734e-05
1970-11-02 12:00:00,1.6506903e-05
1970-11-03 12:00:00,5.930455e-06
1970-11-04 12:00:00,1.1216295e-05
1970-11-05 12:00:00,6.305921e-06
1970-11-06 12:00:00,6.5867257e-06
1970-11-07 12:00:00,1.7273376e-05
1970-11-08 12:00:00,8.455579e-06
1970-11-09 12:00:00,1.7306933e-05
1970-11-10 12:00:00,3.1112813e-06
1970-11-11 12:00:00,1.1138588e-05
1970-11-12 12:00:00,6.914861e-06
1970-11-13 12:00:00,5.028171e-06
1970-11-14 12:00:00,6.5152e-06
1970-11-15 12:00:00,1.204617e-05
1970-11-16 12:00:00,9.873907e-06
1970-11-17 12:00:00,9.603699e-06
1970-11-18 12:00:00,8.737796e-06
1970-11-19 12:00:00,7.8816065e-06
1970-11-20 12:00:00,3.2426767e-06
1970-11-21 12:00:00,1.0286991e-05
1970-11-22 12:00:00,5.1145316e-06
1970-11-23 12:00:00,1.8612586e-06
1970-11-24 12:00:00,5.993327e-06
1970-11-25 12:00:00,7.2875014e-06
1970-11-26 12:00:00,1.7434619e-06
1970-11-27 12:00:00,1.3523839e-05
1970-11-28 12:00:00,1.1678651e-05
1970-11-29 12:00:00,3.8005774e-06
1970-11-30 12:00:00,3.8966514e-06
1970-12-01 12:00:00,5.7844013e-06
1970-12-02 12:00:00,1.0412911e-05
1970-12-03 12:00:00,2.2024628e-06
1970-12-04 12:00:00,1.41515e-06
1970-12-05 12:00:00,7.784649e-06
1970-12-06 12:00:00,1.8338845e-06
1970-12-07 12:00:00,1.723682e-06
1970-12-08 12:00:00,2.8922889e-06
1970-12-09 12:00:00,3.0814347e-06
1970-12-10 12:00:00,2.5752797e-06
1970-12-11 12:00:00,7.2020237e-07
1970-12-12 12:00:00,1.9885921e-07
1970-12-13 12:00:00,8.1945535e-07
1970-12-14 12:00:00,-1.5258824e-07
1970-12-15 12:00:00,6.60368e-06
1970-12-16 12:00:00,1.6925992e-06
1970-12-17 12:00:00,1.5258824e-07
1970-12-18 12:00:00,2.4583662e-07
1970-12-19 12:00:00,3.1902246e-06
1970-12-20 12:00:00,9.805207e-07
1970-12-21 12:00:00,8.694704e-06
1970-12-22 12:00:00,6.9342877e-06
1970-12-23 12:00:00,8.7003555e-06
1970-12-24 12:00:00,2.9698192e-06
1970-12-25 12:00:00,-3.6734207e-08
1970-12-26 12:00:00,3.5321352e-06
1970-12-27 12:00:00,1.0709434e-06
1970-12-28 12:00:00,3.1506645e-06
1970-12-29 12:00:00,-3.3908498e-07
1970-12-30 12:00:00,-2.5713945e-07
